#OBJ
#T-FLEX CAD ObjGenerator generate date:25.09.2026 17:42:11
mtllib materials.mtl
v 0.079099 -0.0015 0.016
v 0.079099 -0.000292 0.016323
v 0.079099 -0.000417 0.016625
v 0.079099 -0.000616 0.016883
v 0.079099 -0.000875 0.017082
v 0.079099 -0.001176 0.017207
v 0.079099 -0.0015 0.017249
v 0.079099 -0.001823 0.017207
v 0.079099 -0.002125 0.017082
v 0.079099 -0.002383 0.016883
v 0.079099 -0.002582 0.016625
v 0.079099 -0.002707 0.016323
v 0.079099 -0.002749 0.016
v 0.079099 -0.002707 0.015676
v 0.079099 -0.002582 0.015375
v 0.079099 -0.002383 0.015116
v 0.079099 -0.002125 0.014917
v 0.079099 -0.001823 0.014792
v 0.079099 -0.0015 0.01475
v 0.079099 -0.001176 0.014792
v 0.079099 -0.000875 0.014917
v 0.079099 -0.000616 0.015116
v 0.079099 -0.000417 0.015375
v 0.079099 -0.000292 0.015676
v 0.079099 -0.00025 0.016
v 0.0364 -0.00025 0.016
v 0.0364 -0.000292 0.015676
v 0.0364 -0.0015 0.016
v 0.0364 -0.002749 0.016
v 0.0364 -0.002707 0.016323
v 0.0364 -0.000417 0.015375
v 0.0364 -0.000616 0.015116
v 0.0364 -0.000875 0.014917
v 0.0364 -0.001176 0.014792
v 0.0364 -0.0015 0.01475
v 0.0364 -0.001823 0.014792
v 0.0364 -0.002125 0.014917
v 0.0364 -0.002383 0.015116
v 0.0364 -0.002582 0.015375
v 0.0364 -0.002707 0.015676
v 0.0364 -0.002582 0.016625
v 0.0364 -0.002383 0.016883
v 0.0364 -0.002125 0.017082
v 0.0364 -0.001823 0.017207
v 0.0364 -0.0015 0.017249
v 0.0364 -0.001176 0.017207
v 0.0364 -0.000875 0.017082
v 0.0364 -0.000616 0.016883
v 0.0364 -0.000417 0.016625
v 0.0364 -0.000292 0.016323
v 0.0364 -0.0015 0.017249
v 0.079099 -0.0015 0.017249
v 0.079099 -0.001176 0.017207
v 0.0364 -0.001176 0.017207
v 0.079099 -0.000875 0.017082
v 0.0364 -0.000875 0.017082
v 0.079099 -0.000616 0.016883
v 0.0364 -0.000616 0.016883
v 0.079099 -0.000417 0.016625
v 0.0364 -0.000417 0.016625
v 0.079099 -0.000292 0.016323
v 0.0364 -0.000292 0.016323
v 0.079099 -0.00025 0.016
v 0.0364 -0.00025 0.016
v 0.079099 -0.000292 0.015676
v 0.0364 -0.000292 0.015676
v 0.079099 -0.000417 0.015375
v 0.0364 -0.000417 0.015375
v 0.079099 -0.000616 0.015116
v 0.0364 -0.000616 0.015116
v 0.079099 -0.000875 0.014917
v 0.0364 -0.000875 0.014917
v 0.079099 -0.001176 0.014792
v 0.0364 -0.001176 0.014792
v 0.079099 -0.0015 0.01475
v 0.0364 -0.0015 0.01475
v 0.079099 -0.001823 0.014792
v 0.0364 -0.001823 0.014792
v 0.079099 -0.002125 0.014917
v 0.0364 -0.002125 0.014917
v 0.079099 -0.002383 0.015116
v 0.0364 -0.002383 0.015116
v 0.079099 -0.002582 0.015375
v 0.0364 -0.002582 0.015375
v 0.079099 -0.002707 0.015676
v 0.0364 -0.002707 0.015676
v 0.079099 -0.002749 0.016
v 0.0364 -0.002749 0.016
v 0.079099 -0.002707 0.016323
v 0.0364 -0.002707 0.016323
v 0.079099 -0.002582 0.016625
v 0.0364 -0.002582 0.016625
v 0.079099 -0.002383 0.016883
v 0.0364 -0.002383 0.016883
v 0.079099 -0.002125 0.017082
v 0.0364 -0.002125 0.017082
v 0.079099 -0.001823 0.017207
v 0.0364 -0.001823 0.017207
vn 1 0 0
vn 1 0 0
vn 1 0 0
vn 1 0 0
vn 1 0 0
vn 1 0 0
vn 1 0 0
vn 1 0 0
vn 1 0 0
vn 1 0 0
vn 1 0 0
vn 1 0 0
vn 1 0 0
vn 1 0 0
vn 1 0 0
vn 1 0 0
vn 1 0 0
vn 1 0 0
vn 1 0 0
vn 1 0 0
vn 1 0 0
vn 1 0 0
vn 1 0 0
vn 1 0 0
vn 1 0 0
vn -1 0 0
vn -1 0 0
vn -1 0 0
vn -1 0 0
vn -1 0 0
vn -1 0 0
vn -1 0 0
vn -1 0 0
vn -1 0 0
vn -1 0 0
vn -1 0 0
vn -1 0 0
vn -1 0 0
vn -1 0 0
vn -1 0 0
vn -1 0 0
vn -1 0 0
vn -1 0 0
vn -1 0 0
vn -1 0 0
vn -1 0 0
vn -1 0 0
vn -1 0 0
vn -1 0 0
vn -1 0 0
vn 0 0 1
vn 0 0 1
vn 0 0.258819 0.965925
vn 0 0.258819 0.965925
vn 0 0.5 0.866025
vn 0 0.5 0.866025
vn 0 0.707106 0.707106
vn 0 0.707106 0.707106
vn 0 0.866025 0.5
vn 0 0.866025 0.5
vn 0 0.965925 0.258819
vn 0 0.965925 0.258819
vn 0 1 0
vn 0 1 0
vn 0 0.965925 -0.258819
vn 0 0.965925 -0.258819
vn 0 0.866025 -0.5
vn 0 0.866025 -0.5
vn 0 0.707106 -0.707106
vn 0 0.707106 -0.707106
vn 0 0.5 -0.866025
vn 0 0.5 -0.866025
vn 0 0.258819 -0.965925
vn 0 0.258819 -0.965925
vn 0 0 -1
vn 0 0 -1
vn 0 -0.258819 -0.965925
vn 0 -0.258819 -0.965925
vn 0 -0.5 -0.866025
vn 0 -0.5 -0.866025
vn 0 -0.707106 -0.707106
vn 0 -0.707106 -0.707106
vn 0 -0.866025 -0.5
vn 0 -0.866025 -0.5
vn 0 -0.965925 -0.258819
vn 0 -0.965925 -0.258819
vn 0 -1 -0
vn 0 -1 -0
vn 0 -0.965925 0.258819
vn 0 -0.965925 0.258819
vn 0 -0.866025 0.5
vn 0 -0.866025 0.5
vn 0 -0.707106 0.707106
vn 0 -0.707106 0.707106
vn 0 -0.5 0.866025
vn 0 -0.5 0.866025
vn 0 -0.258819 0.965925
vn 0 -0.258819 0.965925
usemtl App0
f 26//26 27//27 28//28
f 29//29 30//30 28//28
f 28//28 27//27 31//31
f 31//31 32//32 28//28
f 32//32 33//33 28//28
f 33//33 34//34 28//28
f 34//34 35//35 28//28
f 35//35 36//36 28//28
f 36//36 37//37 28//28
f 37//37 38//38 28//28
f 38//38 39//39 28//28
f 39//39 40//40 28//28
f 40//40 29//29 28//28
f 30//30 41//41 28//28
f 41//41 42//42 28//28
f 42//42 43//43 28//28
f 43//43 44//44 28//28
f 44//44 45//45 28//28
f 45//45 46//46 28//28
f 46//46 47//47 28//28
f 47//47 48//48 28//28
f 48//48 49//49 28//28
f 49//49 50//50 28//28
f 50//50 26//26 28//28
v 0.079099 -0.0015 0.016
v 0.079099 -0.000292 0.016323
v 0.079099 -0.000417 0.016625
v 0.079099 -0.000616 0.016883
v 0.079099 -0.000875 0.017082
v 0.079099 -0.001176 0.017207
v 0.079099 -0.0015 0.017249
v 0.079099 -0.001823 0.017207
v 0.079099 -0.002125 0.017082
v 0.079099 -0.002383 0.016883
v 0.079099 -0.002582 0.016625
v 0.079099 -0.002707 0.016323
v 0.079099 -0.002749 0.016
v 0.079099 -0.002707 0.015676
v 0.079099 -0.002582 0.015375
v 0.079099 -0.002383 0.015116
v 0.079099 -0.002125 0.014917
v 0.079099 -0.001823 0.014792
v 0.079099 -0.0015 0.01475
v 0.079099 -0.001176 0.014792
v 0.079099 -0.000875 0.014917
v 0.079099 -0.000616 0.015116
v 0.079099 -0.000417 0.015375
v 0.079099 -0.000292 0.015676
v 0.079099 -0.00025 0.016
v 0.0364 -0.00025 0.016
v 0.0364 -0.000292 0.015676
v 0.0364 -0.0015 0.016
v 0.0364 -0.002749 0.016
v 0.0364 -0.002707 0.016323
v 0.0364 -0.000417 0.015375
v 0.0364 -0.000616 0.015116
v 0.0364 -0.000875 0.014917
v 0.0364 -0.001176 0.014792
v 0.0364 -0.0015 0.01475
v 0.0364 -0.001823 0.014792
v 0.0364 -0.002125 0.014917
v 0.0364 -0.002383 0.015116
v 0.0364 -0.002582 0.015375
v 0.0364 -0.002707 0.015676
v 0.0364 -0.002582 0.016625
v 0.0364 -0.002383 0.016883
v 0.0364 -0.002125 0.017082
v 0.0364 -0.001823 0.017207
v 0.0364 -0.0015 0.017249
v 0.0364 -0.001176 0.017207
v 0.0364 -0.000875 0.017082
v 0.0364 -0.000616 0.016883
v 0.0364 -0.000417 0.016625
v 0.0364 -0.000292 0.016323
v 0.0364 -0.0015 0.017249
v 0.079099 -0.0015 0.017249
v 0.079099 -0.001176 0.017207
v 0.0364 -0.001176 0.017207
v 0.079099 -0.000875 0.017082
v 0.0364 -0.000875 0.017082
v 0.079099 -0.000616 0.016883
v 0.0364 -0.000616 0.016883
v 0.079099 -0.000417 0.016625
v 0.0364 -0.000417 0.016625
v 0.079099 -0.000292 0.016323
v 0.0364 -0.000292 0.016323
v 0.079099 -0.00025 0.016
v 0.0364 -0.00025 0.016
v 0.079099 -0.000292 0.015676
v 0.0364 -0.000292 0.015676
v 0.079099 -0.000417 0.015375
v 0.0364 -0.000417 0.015375
v 0.079099 -0.000616 0.015116
v 0.0364 -0.000616 0.015116
v 0.079099 -0.000875 0.014917
v 0.0364 -0.000875 0.014917
v 0.079099 -0.001176 0.014792
v 0.0364 -0.001176 0.014792
v 0.079099 -0.0015 0.01475
v 0.0364 -0.0015 0.01475
v 0.079099 -0.001823 0.014792
v 0.0364 -0.001823 0.014792
v 0.079099 -0.002125 0.014917
v 0.0364 -0.002125 0.014917
v 0.079099 -0.002383 0.015116
v 0.0364 -0.002383 0.015116
v 0.079099 -0.002582 0.015375
v 0.0364 -0.002582 0.015375
v 0.079099 -0.002707 0.015676
v 0.0364 -0.002707 0.015676
v 0.079099 -0.002749 0.016
v 0.0364 -0.002749 0.016
v 0.079099 -0.002707 0.016323
v 0.0364 -0.002707 0.016323
v 0.079099 -0.002582 0.016625
v 0.0364 -0.002582 0.016625
v 0.079099 -0.002383 0.016883
v 0.0364 -0.002383 0.016883
v 0.079099 -0.002125 0.017082
v 0.0364 -0.002125 0.017082
v 0.079099 -0.001823 0.017207
v 0.0364 -0.001823 0.017207
vn 1 0 0
vn 1 0 0
vn 1 0 0
vn 1 0 0
vn 1 0 0
vn 1 0 0
vn 1 0 0
vn 1 0 0
vn 1 0 0
vn 1 0 0
vn 1 0 0
vn 1 0 0
vn 1 0 0
vn 1 0 0
vn 1 0 0
vn 1 0 0
vn 1 0 0
vn 1 0 0
vn 1 0 0
vn 1 0 0
vn 1 0 0
vn 1 0 0
vn 1 0 0
vn 1 0 0
vn 1 0 0
vn -1 0 0
vn -1 0 0
vn -1 0 0
vn -1 0 0
vn -1 0 0
vn -1 0 0
vn -1 0 0
vn -1 0 0
vn -1 0 0
vn -1 0 0
vn -1 0 0
vn -1 0 0
vn -1 0 0
vn -1 0 0
vn -1 0 0
vn -1 0 0
vn -1 0 0
vn -1 0 0
vn -1 0 0
vn -1 0 0
vn -1 0 0
vn -1 0 0
vn -1 0 0
vn -1 0 0
vn -1 0 0
vn 0 0 1
vn 0 0 1
vn 0 0.258819 0.965925
vn 0 0.258819 0.965925
vn 0 0.5 0.866025
vn 0 0.5 0.866025
vn 0 0.707106 0.707106
vn 0 0.707106 0.707106
vn 0 0.866025 0.5
vn 0 0.866025 0.5
vn 0 0.965925 0.258819
vn 0 0.965925 0.258819
vn 0 1 0
vn 0 1 0
vn 0 0.965925 -0.258819
vn 0 0.965925 -0.258819
vn 0 0.866025 -0.5
vn 0 0.866025 -0.5
vn 0 0.707106 -0.707106
vn 0 0.707106 -0.707106
vn 0 0.5 -0.866025
vn 0 0.5 -0.866025
vn 0 0.258819 -0.965925
vn 0 0.258819 -0.965925
vn 0 0 -1
vn 0 0 -1
vn 0 -0.258819 -0.965925
vn 0 -0.258819 -0.965925
vn 0 -0.5 -0.866025
vn 0 -0.5 -0.866025
vn 0 -0.707106 -0.707106
vn 0 -0.707106 -0.707106
vn 0 -0.866025 -0.5
vn 0 -0.866025 -0.5
vn 0 -0.965925 -0.258819
vn 0 -0.965925 -0.258819
vn 0 -1 -0
vn 0 -1 -0
vn 0 -0.965925 0.258819
vn 0 -0.965925 0.258819
vn 0 -0.866025 0.5
vn 0 -0.866025 0.5
vn 0 -0.707106 0.707106
vn 0 -0.707106 0.707106
vn 0 -0.5 0.866025
vn 0 -0.5 0.866025
vn 0 -0.258819 0.965925
vn 0 -0.258819 0.965925
usemtl App1
f 99//99 100//100 101//101
f 101//101 102//102 99//99
f 102//102 103//103 99//99
f 103//103 104//104 99//99
f 104//104 105//105 99//99
f 105//105 106//106 99//99
f 106//106 107//107 99//99
f 107//107 108//108 99//99
f 108//108 109//109 99//99
f 109//109 110//110 99//99
f 110//110 111//111 99//99
f 111//111 112//112 99//99
f 112//112 113//113 99//99
f 113//113 114//114 99//99
f 114//114 115//115 99//99
f 115//115 116//116 99//99
f 116//116 117//117 99//99
f 117//117 118//118 99//99
f 118//118 119//119 99//99
f 119//119 120//120 99//99
f 120//120 121//121 99//99
f 121//121 122//122 99//99
f 122//122 123//123 99//99
f 123//123 100//100 99//99
f 149//149 150//150 151//151
f 152//152 151//151 153//153
f 154//154 153//153 155//155
f 156//156 155//155 157//157
f 158//158 157//157 159//159
f 160//160 159//159 161//161
f 162//162 161//161 163//163
f 164//164 163//163 165//165
f 166//166 165//165 167//167
f 168//168 167//167 169//169
f 170//170 169//169 171//171
f 172//172 171//171 173//173
f 174//174 173//173 175//175
f 176//176 175//175 177//177
f 178//178 177//177 179//179
f 180//180 179//179 181//181
f 182//182 181//181 183//183
f 184//184 183//183 185//185
f 186//186 185//185 187//187
f 188//188 187//187 189//189
f 190//190 189//189 191//191
f 192//192 191//191 193//193
f 194//194 193//193 195//195
f 196//196 195//195 150//150
f 193//193 194//194 192//192
f 191//191 192//192 190//190
f 189//189 190//190 188//188
f 187//187 188//188 186//186
f 185//185 186//186 184//184
f 183//183 184//184 182//182
f 181//181 182//182 180//180
f 179//179 180//180 178//178
f 177//177 178//178 176//176
f 175//175 176//176 174//174
f 173//173 174//174 172//172
f 150//150 149//149 196//196
f 171//171 172//172 170//170
f 169//169 170//170 168//168
f 167//167 168//168 166//166
f 165//165 166//166 164//164
f 163//163 164//164 162//162
f 161//161 162//162 160//160
f 159//159 160//160 158//158
f 157//157 158//158 156//156
f 155//155 156//156 154//154
f 153//153 154//154 152//152
f 195//195 196//196 194//194
f 151//151 152//152 149//149
v 0.079099 0.0485 0.016
v 0.079099 0.049707 0.016323
v 0.079099 0.049582 0.016625
v 0.079099 0.049383 0.016883
v 0.079099 0.049125 0.017082
v 0.079099 0.048823 0.017207
v 0.079099 0.0485 0.017249
v 0.079099 0.048176 0.017207
v 0.079099 0.047874 0.017082
v 0.079099 0.047616 0.016883
v 0.079099 0.047417 0.016625
v 0.079099 0.047292 0.016323
v 0.079099 0.047249 0.016
v 0.079099 0.047292 0.015676
v 0.079099 0.047417 0.015375
v 0.079099 0.047616 0.015116
v 0.079099 0.047874 0.014917
v 0.079099 0.048176 0.014792
v 0.079099 0.0485 0.01475
v 0.079099 0.048823 0.014792
v 0.079099 0.049125 0.014917
v 0.079099 0.049383 0.015116
v 0.079099 0.049582 0.015375
v 0.079099 0.049707 0.015676
v 0.079099 0.04975 0.016
v 0.0364 0.04975 0.016
v 0.0364 0.049707 0.015676
v 0.0364 0.0485 0.016
v 0.0364 0.047249 0.016
v 0.0364 0.047292 0.016323
v 0.0364 0.049582 0.015375
v 0.0364 0.049383 0.015116
v 0.0364 0.049125 0.014917
v 0.0364 0.048823 0.014792
v 0.0364 0.0485 0.01475
v 0.0364 0.048176 0.014792
v 0.0364 0.047874 0.014917
v 0.0364 0.047616 0.015116
v 0.0364 0.047417 0.015375
v 0.0364 0.047292 0.015676
v 0.0364 0.047417 0.016625
v 0.0364 0.047616 0.016883
v 0.0364 0.047874 0.017082
v 0.0364 0.048176 0.017207
v 0.0364 0.0485 0.017249
v 0.0364 0.048823 0.017207
v 0.0364 0.049125 0.017082
v 0.0364 0.049383 0.016883
v 0.0364 0.049582 0.016625
v 0.0364 0.049707 0.016323
v 0.0364 0.0485 0.017249
v 0.079099 0.0485 0.017249
v 0.079099 0.048823 0.017207
v 0.0364 0.048823 0.017207
v 0.079099 0.049125 0.017082
v 0.0364 0.049125 0.017082
v 0.079099 0.049383 0.016883
v 0.0364 0.049383 0.016883
v 0.079099 0.049582 0.016625
v 0.0364 0.049582 0.016625
v 0.079099 0.049707 0.016323
v 0.0364 0.049707 0.016323
v 0.079099 0.04975 0.016
v 0.0364 0.04975 0.016
v 0.079099 0.049707 0.015676
v 0.0364 0.049707 0.015676
v 0.079099 0.049582 0.015375
v 0.0364 0.049582 0.015375
v 0.079099 0.049383 0.015116
v 0.0364 0.049383 0.015116
v 0.079099 0.049125 0.014917
v 0.0364 0.049125 0.014917
v 0.079099 0.048823 0.014792
v 0.0364 0.048823 0.014792
v 0.079099 0.0485 0.01475
v 0.0364 0.0485 0.01475
v 0.079099 0.048176 0.014792
v 0.0364 0.048176 0.014792
v 0.079099 0.047874 0.014917
v 0.0364 0.047874 0.014917
v 0.079099 0.047616 0.015116
v 0.0364 0.047616 0.015116
v 0.079099 0.047417 0.015375
v 0.0364 0.047417 0.015375
v 0.079099 0.047292 0.015676
v 0.0364 0.047292 0.015676
v 0.079099 0.047249 0.016
v 0.0364 0.047249 0.016
v 0.079099 0.047292 0.016323
v 0.0364 0.047292 0.016323
v 0.079099 0.047417 0.016625
v 0.0364 0.047417 0.016625
v 0.079099 0.047616 0.016883
v 0.0364 0.047616 0.016883
v 0.079099 0.047874 0.017082
v 0.0364 0.047874 0.017082
v 0.079099 0.048176 0.017207
v 0.0364 0.048176 0.017207
vn 1 0 0
vn 1 0 0
vn 1 0 0
vn 1 0 0
vn 1 0 0
vn 1 0 0
vn 1 0 0
vn 1 0 0
vn 1 0 0
vn 1 0 0
vn 1 0 0
vn 1 0 0
vn 1 0 0
vn 1 0 0
vn 1 0 0
vn 1 0 0
vn 1 0 0
vn 1 0 0
vn 1 0 0
vn 1 0 0
vn 1 0 0
vn 1 0 0
vn 1 0 0
vn 1 0 0
vn 1 0 0
vn -1 0 0
vn -1 0 0
vn -1 0 0
vn -1 0 0
vn -1 0 0
vn -1 0 0
vn -1 0 0
vn -1 0 0
vn -1 0 0
vn -1 0 0
vn -1 0 0
vn -1 0 0
vn -1 0 0
vn -1 0 0
vn -1 0 0
vn -1 0 0
vn -1 0 0
vn -1 0 0
vn -1 0 0
vn -1 0 0
vn -1 0 0
vn -1 0 0
vn -1 0 0
vn -1 0 0
vn -1 0 0
vn 0 0 1
vn 0 0 1
vn 0 0.258819 0.965925
vn 0 0.258819 0.965925
vn 0 0.5 0.866025
vn 0 0.5 0.866025
vn 0 0.707106 0.707106
vn 0 0.707106 0.707106
vn 0 0.866025 0.5
vn 0 0.866025 0.5
vn 0 0.965925 0.258819
vn 0 0.965925 0.258819
vn 0 1 0
vn 0 1 0
vn 0 0.965925 -0.258819
vn 0 0.965925 -0.258819
vn 0 0.866025 -0.5
vn 0 0.866025 -0.5
vn 0 0.707106 -0.707106
vn 0 0.707106 -0.707106
vn 0 0.5 -0.866025
vn 0 0.5 -0.866025
vn 0 0.258819 -0.965925
vn 0 0.258819 -0.965925
vn 0 0 -1
vn 0 0 -1
vn 0 -0.258819 -0.965925
vn 0 -0.258819 -0.965925
vn 0 -0.5 -0.866025
vn 0 -0.5 -0.866025
vn 0 -0.707106 -0.707106
vn 0 -0.707106 -0.707106
vn 0 -0.866025 -0.5
vn 0 -0.866025 -0.5
vn 0 -0.965925 -0.258819
vn 0 -0.965925 -0.258819
vn 0 -1 -0
vn 0 -1 -0
vn 0 -0.965925 0.258819
vn 0 -0.965925 0.258819
vn 0 -0.866025 0.5
vn 0 -0.866025 0.5
vn 0 -0.707106 0.707106
vn 0 -0.707106 0.707106
vn 0 -0.5 0.866025
vn 0 -0.5 0.866025
vn 0 -0.258819 0.965925
vn 0 -0.258819 0.965925
usemtl App2
f 222//222 223//223 224//224
f 225//225 226//226 224//224
f 224//224 223//223 227//227
f 227//227 228//228 224//224
f 228//228 229//229 224//224
f 229//229 230//230 224//224
f 230//230 231//231 224//224
f 231//231 232//232 224//224
f 232//232 233//233 224//224
f 233//233 234//234 224//224
f 234//234 235//235 224//224
f 235//235 236//236 224//224
f 236//236 225//225 224//224
f 226//226 237//237 224//224
f 237//237 238//238 224//224
f 238//238 239//239 224//224
f 239//239 240//240 224//224
f 240//240 241//241 224//224
f 241//241 242//242 224//224
f 242//242 243//243 224//224
f 243//243 244//244 224//224
f 244//244 245//245 224//224
f 245//245 246//246 224//224
f 246//246 222//222 224//224
v 0.079099 0.0485 0.016
v 0.079099 0.049707 0.016323
v 0.079099 0.049582 0.016625
v 0.079099 0.049383 0.016883
v 0.079099 0.049125 0.017082
v 0.079099 0.048823 0.017207
v 0.079099 0.0485 0.017249
v 0.079099 0.048176 0.017207
v 0.079099 0.047874 0.017082
v 0.079099 0.047616 0.016883
v 0.079099 0.047417 0.016625
v 0.079099 0.047292 0.016323
v 0.079099 0.047249 0.016
v 0.079099 0.047292 0.015676
v 0.079099 0.047417 0.015375
v 0.079099 0.047616 0.015116
v 0.079099 0.047874 0.014917
v 0.079099 0.048176 0.014792
v 0.079099 0.0485 0.01475
v 0.079099 0.048823 0.014792
v 0.079099 0.049125 0.014917
v 0.079099 0.049383 0.015116
v 0.079099 0.049582 0.015375
v 0.079099 0.049707 0.015676
v 0.079099 0.04975 0.016
v 0.0364 0.04975 0.016
v 0.0364 0.049707 0.015676
v 0.0364 0.0485 0.016
v 0.0364 0.047249 0.016
v 0.0364 0.047292 0.016323
v 0.0364 0.049582 0.015375
v 0.0364 0.049383 0.015116
v 0.0364 0.049125 0.014917
v 0.0364 0.048823 0.014792
v 0.0364 0.0485 0.01475
v 0.0364 0.048176 0.014792
v 0.0364 0.047874 0.014917
v 0.0364 0.047616 0.015116
v 0.0364 0.047417 0.015375
v 0.0364 0.047292 0.015676
v 0.0364 0.047417 0.016625
v 0.0364 0.047616 0.016883
v 0.0364 0.047874 0.017082
v 0.0364 0.048176 0.017207
v 0.0364 0.0485 0.017249
v 0.0364 0.048823 0.017207
v 0.0364 0.049125 0.017082
v 0.0364 0.049383 0.016883
v 0.0364 0.049582 0.016625
v 0.0364 0.049707 0.016323
v 0.0364 0.0485 0.017249
v 0.079099 0.0485 0.017249
v 0.079099 0.048823 0.017207
v 0.0364 0.048823 0.017207
v 0.079099 0.049125 0.017082
v 0.0364 0.049125 0.017082
v 0.079099 0.049383 0.016883
v 0.0364 0.049383 0.016883
v 0.079099 0.049582 0.016625
v 0.0364 0.049582 0.016625
v 0.079099 0.049707 0.016323
v 0.0364 0.049707 0.016323
v 0.079099 0.04975 0.016
v 0.0364 0.04975 0.016
v 0.079099 0.049707 0.015676
v 0.0364 0.049707 0.015676
v 0.079099 0.049582 0.015375
v 0.0364 0.049582 0.015375
v 0.079099 0.049383 0.015116
v 0.0364 0.049383 0.015116
v 0.079099 0.049125 0.014917
v 0.0364 0.049125 0.014917
v 0.079099 0.048823 0.014792
v 0.0364 0.048823 0.014792
v 0.079099 0.0485 0.01475
v 0.0364 0.0485 0.01475
v 0.079099 0.048176 0.014792
v 0.0364 0.048176 0.014792
v 0.079099 0.047874 0.014917
v 0.0364 0.047874 0.014917
v 0.079099 0.047616 0.015116
v 0.0364 0.047616 0.015116
v 0.079099 0.047417 0.015375
v 0.0364 0.047417 0.015375
v 0.079099 0.047292 0.015676
v 0.0364 0.047292 0.015676
v 0.079099 0.047249 0.016
v 0.0364 0.047249 0.016
v 0.079099 0.047292 0.016323
v 0.0364 0.047292 0.016323
v 0.079099 0.047417 0.016625
v 0.0364 0.047417 0.016625
v 0.079099 0.047616 0.016883
v 0.0364 0.047616 0.016883
v 0.079099 0.047874 0.017082
v 0.0364 0.047874 0.017082
v 0.079099 0.048176 0.017207
v 0.0364 0.048176 0.017207
vn 1 0 0
vn 1 0 0
vn 1 0 0
vn 1 0 0
vn 1 0 0
vn 1 0 0
vn 1 0 0
vn 1 0 0
vn 1 0 0
vn 1 0 0
vn 1 0 0
vn 1 0 0
vn 1 0 0
vn 1 0 0
vn 1 0 0
vn 1 0 0
vn 1 0 0
vn 1 0 0
vn 1 0 0
vn 1 0 0
vn 1 0 0
vn 1 0 0
vn 1 0 0
vn 1 0 0
vn 1 0 0
vn -1 0 0
vn -1 0 0
vn -1 0 0
vn -1 0 0
vn -1 0 0
vn -1 0 0
vn -1 0 0
vn -1 0 0
vn -1 0 0
vn -1 0 0
vn -1 0 0
vn -1 0 0
vn -1 0 0
vn -1 0 0
vn -1 0 0
vn -1 0 0
vn -1 0 0
vn -1 0 0
vn -1 0 0
vn -1 0 0
vn -1 0 0
vn -1 0 0
vn -1 0 0
vn -1 0 0
vn -1 0 0
vn 0 0 1
vn 0 0 1
vn 0 0.258819 0.965925
vn 0 0.258819 0.965925
vn 0 0.5 0.866025
vn 0 0.5 0.866025
vn 0 0.707106 0.707106
vn 0 0.707106 0.707106
vn 0 0.866025 0.5
vn 0 0.866025 0.5
vn 0 0.965925 0.258819
vn 0 0.965925 0.258819
vn 0 1 0
vn 0 1 0
vn 0 0.965925 -0.258819
vn 0 0.965925 -0.258819
vn 0 0.866025 -0.5
vn 0 0.866025 -0.5
vn 0 0.707106 -0.707106
vn 0 0.707106 -0.707106
vn 0 0.5 -0.866025
vn 0 0.5 -0.866025
vn 0 0.258819 -0.965925
vn 0 0.258819 -0.965925
vn 0 0 -1
vn 0 0 -1
vn 0 -0.258819 -0.965925
vn 0 -0.258819 -0.965925
vn 0 -0.5 -0.866025
vn 0 -0.5 -0.866025
vn 0 -0.707106 -0.707106
vn 0 -0.707106 -0.707106
vn 0 -0.866025 -0.5
vn 0 -0.866025 -0.5
vn 0 -0.965925 -0.258819
vn 0 -0.965925 -0.258819
vn 0 -1 -0
vn 0 -1 -0
vn 0 -0.965925 0.258819
vn 0 -0.965925 0.258819
vn 0 -0.866025 0.5
vn 0 -0.866025 0.5
vn 0 -0.707106 0.707106
vn 0 -0.707106 0.707106
vn 0 -0.5 0.866025
vn 0 -0.5 0.866025
vn 0 -0.258819 0.965925
vn 0 -0.258819 0.965925
usemtl App3
f 295//295 296//296 297//297
f 297//297 298//298 295//295
f 298//298 299//299 295//295
f 299//299 300//300 295//295
f 300//300 301//301 295//295
f 301//301 302//302 295//295
f 302//302 303//303 295//295
f 303//303 304//304 295//295
f 304//304 305//305 295//295
f 305//305 306//306 295//295
f 306//306 307//307 295//295
f 307//307 308//308 295//295
f 308//308 309//309 295//295
f 309//309 310//310 295//295
f 310//310 311//311 295//295
f 311//311 312//312 295//295
f 312//312 313//313 295//295
f 313//313 314//314 295//295
f 314//314 315//315 295//295
f 315//315 316//316 295//295
f 316//316 317//317 295//295
f 317//317 318//318 295//295
f 318//318 319//319 295//295
f 319//319 296//296 295//295
f 345//345 346//346 347//347
f 348//348 347//347 349//349
f 350//350 349//349 351//351
f 352//352 351//351 353//353
f 354//354 353//353 355//355
f 356//356 355//355 357//357
f 358//358 357//357 359//359
f 360//360 359//359 361//361
f 362//362 361//361 363//363
f 364//364 363//363 365//365
f 366//366 365//365 367//367
f 368//368 367//367 369//369
f 370//370 369//369 371//371
f 372//372 371//371 373//373
f 374//374 373//373 375//375
f 376//376 375//375 377//377
f 378//378 377//377 379//379
f 380//380 379//379 381//381
f 382//382 381//381 383//383
f 384//384 383//383 385//385
f 386//386 385//385 387//387
f 388//388 387//387 389//389
f 390//390 389//389 391//391
f 392//392 391//391 346//346
f 389//389 390//390 388//388
f 387//387 388//388 386//386
f 385//385 386//386 384//384
f 383//383 384//384 382//382
f 381//381 382//382 380//380
f 379//379 380//380 378//378
f 377//377 378//378 376//376
f 375//375 376//376 374//374
f 373//373 374//374 372//372
f 371//371 372//372 370//370
f 369//369 370//370 368//368
f 346//346 345//345 392//392
f 367//367 368//368 366//366
f 365//365 366//366 364//364
f 363//363 364//364 362//362
f 361//361 362//362 360//360
f 359//359 360//360 358//358
f 357//357 358//358 356//356
f 355//355 356//356 354//354
f 353//353 354//354 352//352
f 351//351 352//352 350//350
f 349//349 350//350 348//348
f 391//391 392//392 390//390
f 347//347 348//348 345//345
v 0.079099 0 0.001
v 0.079099 0 0
v 0.079099 0.001 0
v 0.079099 0.001 0.001
v 0.037 -0.004 0.001
v 0.039599 -0.002366 0.001
v 0.039392 -0.002207 0.001
v 0.07175 0.046 0.001
v 0.0749 0.047633 0.001
v 0.074692 0.047792 0.001
v 0.07625 0.046 0.001
v 0.0754 0.047499 0.001
v 0.075141 0.047534 0.001
v 0.075141 0.049465 0.001
v 0.0754 0.049499 0.001
v 0.07625 0.05025 0.001
v 0.0744 0.0485 0.001
v 0.07175 0.05025 0.001
v 0.075658 0.047534 0.001
v 0.075658 0.049465 0.001
v 0.074434 0.048758 0.001
v 0.0759 0.049366 0.001
v 0.076107 0.049207 0.001
v 0.0749 0.049366 0.001
v 0.074533 0.048 0.001
v 0.074434 0.048241 0.001
v 0.0759 0.047633 0.001
v 0.074533 0.048999 0.001
v 0.074692 0.049207 0.001
v 0.07625 0.047979 0.001
v 0.076107 0.047792 0.001
v 0.079099 0.046 0.001
v 0.079099 0.05025 0.001
v 0.076399 0.0485 0.001
v 0.076365 0.048758 0.001
v 0.076365 0.048241 0.001
v 0.076266 0.048 0.001
v 0.076266 0.048999 0.001
v 0.07625 0.04902 0.001
v 0.06925 0.047979 0.001
v 0.06925 0.046 0.001
v 0.069107 0.049207 0.001
v 0.06925 0.04902 0.001
v 0.06925 0.05025 0.001
v 0.062249 0.047979 0.001
v 0.062249 0.046 0.001
v 0.06475 0.046 0.001
v 0.062107 0.049207 0.001
v 0.062249 0.04902 0.001
v 0.062249 0.05025 0.001
v 0.05525 0.047979 0.001
v 0.05525 0.046 0.001
v 0.05775 0.046 0.001
v 0.04825 0.047979 0.001
v 0.04825 0.046 0.001
v 0.048107 0.049207 0.001
v 0.04825 0.04902 0.001
v 0.04825 0.05025 0.001
v 0.043749 0.05025 0.001
v 0.043749 0.046 0.001
v 0.04625 0.046 0.001
v 0.04125 0.047979 0.001
v 0.04125 0.046 0.001
v 0.041107 0.049207 0.001
v 0.04125 0.04902 0.001
v 0.04125 0.05025 0.001
v 0.0364 0.046 0.001
v 0.037 0.046 0.001
v 0.037 0.05025 0.001
v 0.034899 0.039999 0.001
v 0.0364 0.036499 0.001
v 0.0364 0.04425 0.001
v 0.034865 0.033258 0.001
v 0.034899 0.032999 0.001
v 0.034899 0.018999 0.001
v 0.0364 0.015499 0.001
v 0.0364 0.0225 0.001
v 0.034899 0.012 0.001
v 0.0364 0.0085 0.001
v 0.034899 0.004999 0.001
v 0.0364 0.00175 0.001
v 0.031399 0.001 0.001
v 0.031399 -0.004 0.001
v 0.0364 0.001 0.001
v 0.041099 -0.0015 0.001
v 0.04125 -0.004 0.001
v 0.04125 0.001 0.001
v 0.043749 -0.004 0.001
v 0.04625 -0.000979 0.001
v 0.04625 0.001 0.001
v 0.043749 0.001 0.001
v 0.046392 -0.002207 0.001
v 0.04625 -0.00202 0.001
v 0.04625 -0.004 0.001
v 0.0551 -0.0015 0.001
v 0.05525 -0.004 0.001
v 0.05525 0.001 0.001
v 0.05775 -0.004 0.001
v 0.0621 -0.0015 0.001
v 0.062249 -0.004 0.001
v 0.062249 0.001 0.001
v 0.06475 -0.004 0.001
v 0.069099 -0.0015 0.001
v 0.06925 -0.004 0.001
v 0.06925 0.001 0.001
v 0.07175 -0.004 0.001
v 0.076099 -0.0015 0.001
v 0.07625 -0.004 0.001
v 0.07625 0.001 0.001
v 0.079099 0 0.001
v 0.079099 0.001 0.001
v 0.0364 0.050999 0.001
v 0.031399 0.050999 0.001
v 0.031399 0.05025 0.001
v 0.037 0.050999 0.001
v 0.04125 0.050999 0.001
v 0.043749 0.050999 0.001
v 0.04625 0.05025 0.001
v 0.04625 0.050999 0.001
v 0.04825 0.050999 0.001
v 0.05525 0.05025 0.001
v 0.05525 0.050999 0.001
v 0.05775 0.05025 0.001
v 0.05775 0.050999 0.001
v 0.062249 0.050999 0.001
v 0.06475 0.05025 0.001
v 0.06475 0.050999 0.001
v 0.06925 0.050999 0.001
v 0.07175 0.050999 0.001
v 0.07625 0.050999 0.001
v 0.079099 0.050999 0.001
v 0.079099 -0.003 0.001
v 0.079099 -0.004 0.001
v 0.075599 -0.000633 0.001
v 0.075807 -0.000792 0.001
v 0.07175 0.001 0.001
v 0.074233 -0.001 0.001
v 0.074392 -0.000792 0.001
v 0.0741 -0.0015 0.001
v 0.075358 -0.000534 0.001
v 0.074841 -0.000534 0.001
v 0.0746 -0.000633 0.001
v 0.074134 -0.001758 0.001
v 0.075099 -0.002499 0.001
v 0.074841 -0.002465 0.001
v 0.075966 -0.002 0.001
v 0.075807 -0.002207 0.001
v 0.075099 -0.0005 0.001
v 0.074134 -0.001241 0.001
v 0.0746 -0.002366 0.001
v 0.074392 -0.002207 0.001
v 0.075599 -0.002366 0.001
v 0.076065 -0.001241 0.001
v 0.074233 -0.002 0.001
v 0.075358 -0.002465 0.001
v 0.075966 -0.001 0.001
v 0.076065 -0.001758 0.001
v 0.068599 -0.000633 0.001
v 0.068807 -0.000792 0.001
v 0.06475 0.001 0.001
v 0.067233 -0.001 0.001
v 0.067392 -0.000792 0.001
v 0.0671 -0.0015 0.001
v 0.068358 -0.000534 0.001
v 0.067841 -0.000534 0.001
v 0.067599 -0.000633 0.001
v 0.067134 -0.001758 0.001
v 0.067599 -0.002366 0.001
v 0.067392 -0.002207 0.001
v 0.068966 -0.002 0.001
v 0.068807 -0.002207 0.001
v 0.068099 -0.0005 0.001
v 0.067233 -0.002 0.001
v 0.067841 -0.002465 0.001
v 0.068099 -0.002499 0.001
v 0.068599 -0.002366 0.001
v 0.069065 -0.001241 0.001
v 0.067134 -0.001241 0.001
v 0.068358 -0.002465 0.001
v 0.068966 -0.001 0.001
v 0.069065 -0.001758 0.001
v 0.05775 0.001 0.001
v 0.060841 -0.000534 0.001
v 0.061099 -0.0005 0.001
v 0.061358 -0.000534 0.001
v 0.060134 -0.001241 0.001
v 0.060233 -0.001 0.001
v 0.061099 -0.002499 0.001
v 0.060841 -0.002465 0.001
v 0.061807 -0.000792 0.001
v 0.061966 -0.001 0.001
v 0.0606 -0.000633 0.001
v 0.060392 -0.000792 0.001
v 0.060392 -0.002207 0.001
v 0.060233 -0.002 0.001
v 0.061358 -0.002465 0.001
v 0.062065 -0.001758 0.001
v 0.061966 -0.002 0.001
v 0.061599 -0.000633 0.001
v 0.0601 -0.0015 0.001
v 0.0606 -0.002366 0.001
v 0.061807 -0.002207 0.001
v 0.060134 -0.001758 0.001
v 0.061599 -0.002366 0.001
v 0.062065 -0.001241 0.001
v 0.04825 -0.004 0.001
v 0.053841 -0.002465 0.001
v 0.054358 -0.002465 0.001
v 0.054099 -0.002499 0.001
v 0.053841 -0.000534 0.001
v 0.054099 -0.0005 0.001
v 0.055065 -0.001758 0.001
v 0.054966 -0.002 0.001
v 0.054358 -0.000534 0.001
v 0.04825 0.001 0.001
v 0.053599 -0.000633 0.001
v 0.053134 -0.001241 0.001
v 0.053233 -0.001 0.001
v 0.053392 -0.002207 0.001
v 0.053233 -0.002 0.001
v 0.0546 -0.002366 0.001
v 0.054807 -0.002207 0.001
v 0.054807 -0.000792 0.001
v 0.054966 -0.001 0.001
v 0.053392 -0.000792 0.001
v 0.053599 -0.002366 0.001
v 0.0546 -0.000633 0.001
v 0.053134 -0.001758 0.001
v 0.0531 -0.0015 0.001
v 0.055065 -0.001241 0.001
v 0.0471 -0.0005 0.001
v 0.046841 -0.000534 0.001
v 0.046599 -0.000633 0.001
v 0.047358 -0.002465 0.001
v 0.0471 -0.002499 0.001
v 0.0476 -0.000633 0.001
v 0.047807 -0.000792 0.001
v 0.047358 -0.000534 0.001
v 0.048065 -0.001758 0.001
v 0.047966 -0.002 0.001
v 0.046392 -0.000792 0.001
v 0.046599 -0.002366 0.001
v 0.046841 -0.002465 0.001
v 0.047807 -0.002207 0.001
v 0.047966 -0.001 0.001
v 0.048065 -0.001241 0.001
v 0.0476 -0.002366 0.001
v 0.048099 -0.0015 0.001
v 0.0461 -0.0015 0.001
v 0.046233 -0.001 0.001
v 0.046134 -0.001241 0.001
v 0.046233 -0.002 0.001
v 0.046134 -0.001758 0.001
v 0.037 0.001 0.001
v 0.039841 -0.000534 0.001
v 0.0401 -0.0005 0.001
v 0.0401 -0.002499 0.001
v 0.039841 -0.002465 0.001
v 0.039599 -0.000633 0.001
v 0.039134 -0.001758 0.001
v 0.039099 -0.0015 0.001
v 0.040807 -0.000792 0.001
v 0.040966 -0.001 0.001
v 0.040358 -0.000534 0.001
v 0.039233 -0.001 0.001
v 0.039392 -0.000792 0.001
v 0.040358 -0.002465 0.001
v 0.040807 -0.002207 0.001
v 0.0406 -0.002366 0.001
v 0.0406 -0.000633 0.001
v 0.039134 -0.001241 0.001
v 0.053434 0.048758 0.001
v 0.048266 0.048999 0.001
v 0.048365 0.048758 0.001
v 0.041065 -0.001758 0.001
v 0.040966 -0.002 0.001
v 0.039233 -0.002 0.001
v 0.041065 -0.001241 0.001
v 0.031399 0.00175 0.001
v 0.0364 -0.004 0.001
v 0.031399 0.0085 0.001
v 0.0339 0.006 0.001
v 0.033641 0.005965 0.001
v 0.034158 0.004034 0.001
v 0.0339 0.004 0.001
v 0.034158 0.005965 0.001
v 0.0344 0.005866 0.001
v 0.034607 0.005707 0.001
v 0.033399 0.005866 0.001
v 0.0329 0.004999 0.001
v 0.033641 0.004034 0.001
v 0.034607 0.004292 0.001
v 0.0344 0.004133 0.001
v 0.034865 0.005258 0.001
v 0.033033 0.005499 0.001
v 0.033192 0.005707 0.001
v 0.032934 0.004741 0.001
v 0.033399 0.004133 0.001
v 0.033192 0.004292 0.001
v 0.034766 0.005499 0.001
v 0.032934 0.005258 0.001
v 0.033033 0.004499 0.001
v 0.034766 0.004499 0.001
v 0.034865 0.004741 0.001
v 0.031399 0.015499 0.001
v 0.0339 0.013 0.001
v 0.033641 0.012965 0.001
v 0.034158 0.012965 0.001
v 0.034158 0.011034 0.001
v 0.0339 0.010999 0.001
v 0.0344 0.012866 0.001
v 0.034607 0.012707 0.001
v 0.033399 0.012866 0.001
v 0.032934 0.011741 0.001
v 0.0329 0.012 0.001
v 0.034865 0.012258 0.001
v 0.033033 0.0125 0.001
v 0.033192 0.012707 0.001
v 0.033641 0.011034 0.001
v 0.034607 0.011292 0.001
v 0.0344 0.011133 0.001
v 0.034766 0.0125 0.001
v 0.032934 0.012258 0.001
v 0.033399 0.011133 0.001
v 0.033192 0.011292 0.001
v 0.034865 0.011741 0.001
v 0.034766 0.0115 0.001
v 0.033033 0.0115 0.001
v 0.034865 0.018741 0.001
v 0.034766 0.0185 0.001
v 0.031399 0.0225 0.001
v 0.0339 0.019999 0.001
v 0.032934 0.018741 0.001
v 0.0329 0.018999 0.001
v 0.0339 0.017999 0.001
v 0.0344 0.018133 0.001
v 0.034158 0.018034 0.001
v 0.034607 0.018292 0.001
v 0.034607 0.019707 0.001
v 0.034766 0.0195 0.001
v 0.034158 0.019965 0.001
v 0.033399 0.019866 0.001
v 0.033641 0.019965 0.001
v 0.033399 0.018133 0.001
v 0.033192 0.018292 0.001
v 0.0344 0.019866 0.001
v 0.032934 0.019258 0.001
v 0.033641 0.018034 0.001
v 0.033033 0.0195 0.001
v 0.033192 0.019707 0.001
v 0.033033 0.0185 0.001
v 0.034865 0.019258 0.001
v 0.034158 0.032034 0.001
v 0.0339 0.032 0.001
v 0.0339 0.027 0.001
v 0.033641 0.032034 0.001
v 0.033641 0.026965 0.001
v 0.034158 0.026965 0.001
v 0.033399 0.026866 0.001
v 0.0344 0.026866 0.001
v 0.0344 0.032133 0.001
v 0.031399 0.036499 0.001
v 0.033033 0.026499 0.001
v 0.032934 0.032741 0.001
v 0.033399 0.032133 0.001
v 0.033192 0.032292 0.001
v 0.0329 0.026 0.001
v 0.0329 0.032999 0.001
v 0.034607 0.026707 0.001
v 0.032934 0.025741 0.001
v 0.0339 0.034 0.001
v 0.032934 0.033258 0.001
v 0.033033 0.032499 0.001
v 0.033192 0.026707 0.001
v 0.034865 0.032741 0.001
v 0.032934 0.026258 0.001
v 0.033641 0.025034 0.001
v 0.033399 0.025133 0.001
v 0.0339 0.025 0.001
v 0.0344 0.025133 0.001
v 0.034158 0.025034 0.001
v 0.033641 0.033965 0.001
v 0.034766 0.026499 0.001
v 0.034766 0.032499 0.001
v 0.034607 0.032292 0.001
v 0.033033 0.025499 0.001
v 0.033192 0.025292 0.001
v 0.034766 0.025499 0.001
v 0.034607 0.025292 0.001
v 0.034766 0.0335 0.001
v 0.0344 0.033866 0.001
v 0.034607 0.033707 0.001
v 0.034158 0.033965 0.001
v 0.034865 0.026258 0.001
v 0.034899 0.026 0.001
v 0.033399 0.033866 0.001
v 0.034865 0.025741 0.001
v 0.033033 0.0335 0.001
v 0.033192 0.033707 0.001
v 0.034865 0.040258 0.001
v 0.034158 0.039034 0.001
v 0.0339 0.039 0.001
v 0.034766 0.0405 0.001
v 0.0344 0.040866 0.001
v 0.034607 0.040707 0.001
v 0.031399 0.04425 0.001
v 0.0339 0.041 0.001
v 0.033399 0.040866 0.001
v 0.033641 0.040965 0.001
v 0.033033 0.0405 0.001
v 0.033192 0.040707 0.001
v 0.0329 0.039999 0.001
v 0.033033 0.0395 0.001
v 0.032934 0.039741 0.001
v 0.033399 0.039133 0.001
v 0.033192 0.039292 0.001
v 0.0344 0.039133 0.001
v 0.034766 0.0395 0.001
v 0.034607 0.039292 0.001
v 0.034158 0.040965 0.001
v 0.032934 0.040258 0.001
v 0.033641 0.039034 0.001
v 0.034865 0.039741 0.001
v 0.040141 0.049465 0.001
v 0.0399 0.049366 0.001
v 0.039533 0.048999 0.001
v 0.039692 0.049207 0.001
v 0.039434 0.048241 0.001
v 0.0394 0.0485 0.001
v 0.0399 0.047633 0.001
v 0.039692 0.047792 0.001
v 0.040399 0.047499 0.001
v 0.040141 0.047534 0.001
v 0.040899 0.047633 0.001
v 0.040658 0.047534 0.001
v 0.040899 0.049366 0.001
v 0.040399 0.049499 0.001
v 0.040658 0.049465 0.001
v 0.039434 0.048758 0.001
v 0.039533 0.048 0.001
v 0.041107 0.047792 0.001
v 0.0414 0.0485 0.001
v 0.041266 0.048 0.001
v 0.041365 0.048241 0.001
v 0.041266 0.048999 0.001
v 0.041365 0.048758 0.001
v 0.0474 0.047499 0.001
v 0.047141 0.049465 0.001
v 0.0474 0.049499 0.001
v 0.046434 0.048241 0.001
v 0.046399 0.0485 0.001
v 0.047658 0.047534 0.001
v 0.047141 0.047534 0.001
v 0.047658 0.049465 0.001
v 0.046434 0.048758 0.001
v 0.0469 0.047633 0.001
v 0.046692 0.047792 0.001
v 0.047899 0.047633 0.001
v 0.047899 0.049366 0.001
v 0.0469 0.049366 0.001
v 0.046533 0.048 0.001
v 0.046533 0.048999 0.001
v 0.046692 0.049207 0.001
v 0.048107 0.047792 0.001
v 0.0549 0.049366 0.001
v 0.055107 0.049207 0.001
v 0.053899 0.049366 0.001
v 0.054141 0.049465 0.001
v 0.053533 0.048999 0.001
v 0.053692 0.049207 0.001
v 0.048399 0.0485 0.001
v 0.053399 0.0485 0.001
v 0.053434 0.048241 0.001
v 0.054658 0.049465 0.001
v 0.0544 0.049499 0.001
v 0.048365 0.048241 0.001
v 0.048266 0.048 0.001
v 0.053899 0.047633 0.001
v 0.053692 0.047792 0.001
v 0.053533 0.048 0.001
v 0.054141 0.047534 0.001
v 0.054658 0.047534 0.001
v 0.0544 0.047499 0.001
v 0.055107 0.047792 0.001
v 0.0549 0.047633 0.001
v 0.05525 0.04902 0.001
v 0.055266 0.048 0.001
v 0.055399 0.0485 0.001
v 0.055365 0.048241 0.001
v 0.055365 0.048758 0.001
v 0.055266 0.048999 0.001
v 0.0619 0.049366 0.001
v 0.061141 0.049465 0.001
v 0.060533 0.048999 0.001
v 0.060692 0.049207 0.001
v 0.061658 0.049465 0.001
v 0.0614 0.049499 0.001
v 0.060899 0.049366 0.001
v 0.060434 0.048758 0.001
v 0.060434 0.048241 0.001
v 0.0604 0.0485 0.001
v 0.0614 0.047499 0.001
v 0.061141 0.047534 0.001
v 0.060899 0.047633 0.001
v 0.060692 0.047792 0.001
v 0.061658 0.047534 0.001
v 0.062107 0.047792 0.001
v 0.060533 0.048 0.001
v 0.0619 0.047633 0.001
v 0.062266 0.048 0.001
v 0.062399 0.0485 0.001
v 0.062365 0.048241 0.001
v 0.062365 0.048758 0.001
v 0.062266 0.048999 0.001
v 0.068141 0.049465 0.001
v 0.067434 0.048241 0.001
v 0.0674 0.0485 0.001
v 0.068899 0.049366 0.001
v 0.0684 0.049499 0.001
v 0.068658 0.049465 0.001
v 0.0679 0.049366 0.001
v 0.067533 0.048999 0.001
v 0.067692 0.049207 0.001
v 0.0684 0.047499 0.001
v 0.068141 0.047534 0.001
v 0.067434 0.048758 0.001
v 0.0679 0.047633 0.001
v 0.067692 0.047792 0.001
v 0.068899 0.047633 0.001
v 0.068658 0.047534 0.001
v 0.069107 0.047792 0.001
v 0.067533 0.048 0.001
v 0.069399 0.0485 0.001
v 0.069365 0.048758 0.001
v 0.069365 0.048241 0.001
v 0.069266 0.048 0.001
v 0.069266 0.048999 0.001
v 0.0364 0.001 0
v 0.037 0.001 0.001
v 0.04125 0.001 0.001
v 0.043749 0.001 0.001
v 0.04625 0.001 0.001
v 0.04825 0.001 0.001
v 0.05525 0.001 0.001
v 0.05775 0.001 0.001
v 0.062249 0.001 0.001
v 0.079099 0.001 0
v 0.06475 0.001 0.001
v 0.07625 0.001 0.001
v 0.079099 0.001 0.001
v 0.06925 0.001 0.001
v 0.07175 0.001 0.001
v 0.0364 0.001 0.001
v 0.079099 0 0
v 0.079099 0 0.001
v 0.079099 -0.003 0.001
v 0.079099 -0.003 0
v 0.079099 -0.004 0.001
v 0.079099 -0.004 0
v 0.079099 -0.003 0
v 0.079099 -0.003 0.001
v 0.079099 -0.004 0
v 0.079099 -0.004 0.001
v 0.07625 -0.004 0.001
v 0.037 -0.004 0.001
v 0.0364 -0.004 0.001
v 0.0364 -0.004 0
v 0.07175 -0.004 0.001
v 0.06925 -0.004 0.001
v 0.06475 -0.004 0.001
v 0.04125 -0.004 0.001
v 0.043749 -0.004 0.001
v 0.04625 -0.004 0.001
v 0.04825 -0.004 0.001
v 0.05525 -0.004 0.001
v 0.05775 -0.004 0.001
v 0.062249 -0.004 0.001
v 0.0364 -0.004 0
v 0.0364 -0.004 0.001
v 0.031399 -0.004 0.001
v 0.031399 -0.004 0
v 0.031399 0.001 0.001
v 0.031399 0.001 0
v 0.031399 -0.004 0
v 0.031399 -0.004 0.001
v 0.031399 0.05025 0.001
v 0.031399 0.050999 0.001
v 0.031399 0.050999 0
v 0.031399 0.001 0
v 0.031399 0.015499 0.001
v 0.031399 0.0225 0.001
v 0.031399 0.036499 0.001
v 0.031399 0.001 0.001
v 0.031399 0.00175 0.001
v 0.031399 0.04425 0.001
v 0.031399 0.0085 0.001
v 0.031399 0.050999 0
v 0.031399 0.050999 0.001
v 0.0364 0.050999 0.001
v 0.0364 0.050999 0
v 0.0364 0.050999 0
v 0.043749 0.050999 0.001
v 0.04625 0.050999 0.001
v 0.04825 0.050999 0.001
v 0.04125 0.050999 0.001
v 0.05775 0.050999 0.001
v 0.062249 0.050999 0.001
v 0.079099 0.050999 0
v 0.07625 0.050999 0.001
v 0.079099 0.050999 0.001
v 0.0364 0.050999 0.001
v 0.037 0.050999 0.001
v 0.05525 0.050999 0.001
v 0.06925 0.050999 0.001
v 0.07175 0.050999 0.001
v 0.06475 0.050999 0.001
v 0.079099 0.046 0
v 0.079099 0.050999 0
v 0.079099 0.05025 0.001
v 0.079099 0.046 0.001
v 0.079099 0.050999 0.001
v 0.079099 0.046 0
v 0.06925 0.046 0.001
v 0.06475 0.046 0.001
v 0.062249 0.046 0.001
v 0.05775 0.046 0.001
v 0.05525 0.046 0.001
v 0.0364 0.046 0
v 0.04625 0.046 0.001
v 0.043749 0.046 0.001
v 0.04825 0.046 0.001
v 0.04125 0.046 0.001
v 0.07175 0.046 0.001
v 0.07625 0.046 0.001
v 0.037 0.046 0.001
v 0.079099 0.046 0.001
v 0.0364 0.046 0.001
v 0.0364 0.046 0
v 0.0364 0.04425 0.001
v 0.0364 0.036499 0.001
v 0.0364 0.046 0.001
v 0.0364 0.00175 0.001
v 0.0364 0.001 0.001
v 0.0364 0.001 0
v 0.0364 0.0085 0.001
v 0.0364 0.015499 0.001
v 0.0364 0.0225 0.001
v 0.0364 0.001 0
v 0.079099 0 0
v 0.079099 -0.003 0
v 0.0364 -0.004 0
v 0.031399 -0.004 0
v 0.0364 0.046 0
v 0.0364 0.050999 0
v 0.079099 0.050999 0
v 0.031399 0.050999 0
v 0.031399 0.001 0
v 0.079099 0.046 0
v 0.079099 0.001 0
v 0.079099 -0.004 0
v 0.061658 0.047534 0.016
v 0.0619 0.047633 0.016
v 0.0614 0.0485 0.016
v 0.0614 0.047499 0.016
v 0.061141 0.047534 0.016
v 0.060899 0.047633 0.016
v 0.060692 0.047792 0.016
v 0.061658 0.049465 0.016
v 0.0614 0.049499 0.016
v 0.062266 0.048 0.016
v 0.062365 0.048241 0.016
v 0.062107 0.047792 0.016
v 0.0604 0.0485 0.016
v 0.060434 0.048241 0.016
v 0.060434 0.048758 0.016
v 0.060533 0.048999 0.016
v 0.060533 0.048 0.016
v 0.060692 0.049207 0.016
v 0.060899 0.049366 0.016
v 0.061141 0.049465 0.016
v 0.0619 0.049366 0.016
v 0.062107 0.049207 0.016
v 0.062266 0.048999 0.016
v 0.062365 0.048758 0.016
v 0.062399 0.0485 0.016
v 0.060533 0.048 0.001
v 0.060533 0.048 0.016
v 0.060434 0.048241 0.016
v 0.060434 0.048241 0.001
v 0.0604 0.0485 0.016
v 0.0604 0.0485 0.001
v 0.060692 0.047792 0.001
v 0.060692 0.047792 0.016
v 0.060899 0.047633 0.001
v 0.060899 0.047633 0.016
v 0.061141 0.047534 0.001
v 0.061141 0.047534 0.016
v 0.0614 0.047499 0.001
v 0.0614 0.047499 0.016
v 0.061658 0.047534 0.001
v 0.061658 0.047534 0.016
v 0.0619 0.047633 0.001
v 0.0619 0.047633 0.016
v 0.062107 0.047792 0.001
v 0.062249 0.047979 0.001
v 0.062266 0.048 0.001
v 0.062266 0.048 0.016
v 0.062365 0.048241 0.001
v 0.062365 0.048241 0.016
v 0.062399 0.0485 0.001
v 0.062399 0.0485 0.016
v 0.062365 0.048758 0.001
v 0.062365 0.048758 0.016
v 0.062266 0.048999 0.001
v 0.062107 0.049207 0.016
v 0.062107 0.049207 0.001
v 0.0619 0.049366 0.001
v 0.0619 0.049366 0.016
v 0.061658 0.049465 0.001
v 0.061658 0.049465 0.016
v 0.0614 0.049499 0.001
v 0.060692 0.049207 0.016
v 0.060692 0.049207 0.001
v 0.060533 0.048999 0.001
v 0.0614 0.049499 0.016
v 0.061141 0.049465 0.001
v 0.061141 0.049465 0.016
v 0.060899 0.049366 0.001
v 0.060899 0.049366 0.016
v 0.060533 0.048999 0.016
v 0.060434 0.048758 0.001
v 0.060434 0.048758 0.016
v 0.062266 0.048999 0.016
v 0.062249 0.04902 0.001
v 0.062107 0.047792 0.016
v 0.067533 0.048999 0.016
v 0.067434 0.048758 0.016
v 0.0684 0.0485 0.016
v 0.0674 0.0485 0.016
v 0.067434 0.048241 0.016
v 0.067533 0.048 0.016
v 0.067692 0.047792 0.016
v 0.0679 0.047633 0.016
v 0.068141 0.047534 0.016
v 0.0684 0.047499 0.016
v 0.068658 0.047534 0.016
v 0.068899 0.047633 0.016
v 0.069107 0.047792 0.016
v 0.069266 0.048 0.016
v 0.069365 0.048241 0.016
v 0.069399 0.0485 0.016
v 0.069365 0.048758 0.016
v 0.069266 0.048999 0.016
v 0.069107 0.049207 0.016
v 0.068899 0.049366 0.016
v 0.068658 0.049465 0.016
v 0.0684 0.049499 0.016
v 0.068141 0.049465 0.016
v 0.0679 0.049366 0.016
v 0.067692 0.049207 0.016
v 0.068658 0.047534 0.001
v 0.068658 0.047534 0.016
v 0.0684 0.047499 0.016
v 0.0684 0.047499 0.001
v 0.068141 0.047534 0.016
v 0.068141 0.047534 0.001
v 0.0679 0.047633 0.016
v 0.0679 0.047633 0.001
v 0.067692 0.047792 0.016
v 0.067692 0.047792 0.001
v 0.067533 0.048 0.016
v 0.067533 0.048 0.001
v 0.067434 0.048241 0.016
v 0.067434 0.048241 0.001
v 0.0674 0.0485 0.016
v 0.0674 0.0485 0.001
v 0.068899 0.047633 0.001
v 0.068899 0.047633 0.016
v 0.069107 0.047792 0.001
v 0.06925 0.047979 0.001
v 0.069266 0.048 0.001
v 0.069266 0.048 0.016
v 0.069365 0.048241 0.001
v 0.069365 0.048241 0.016
v 0.069399 0.0485 0.001
v 0.069399 0.0485 0.016
v 0.069365 0.048758 0.001
v 0.069365 0.048758 0.016
v 0.069266 0.048999 0.001
v 0.069107 0.049207 0.016
v 0.069107 0.049207 0.001
v 0.068899 0.049366 0.001
v 0.068899 0.049366 0.016
v 0.068658 0.049465 0.001
v 0.068658 0.049465 0.016
v 0.0684 0.049499 0.001
v 0.0684 0.049499 0.016
v 0.068141 0.049465 0.001
v 0.068141 0.049465 0.016
v 0.0679 0.049366 0.001
v 0.0679 0.049366 0.016
v 0.067692 0.049207 0.001
v 0.067692 0.049207 0.016
v 0.067533 0.048999 0.001
v 0.067533 0.048999 0.016
v 0.067434 0.048758 0.001
v 0.067434 0.048758 0.016
v 0.06925 0.04902 0.001
v 0.069266 0.048999 0.016
v 0.069107 0.047792 0.016
v 0.076365 0.048241 0.016
v 0.076399 0.0485 0.016
v 0.0754 0.0485 0.016
v 0.076266 0.048 0.016
v 0.076107 0.047792 0.016
v 0.0759 0.047633 0.016
v 0.075658 0.047534 0.016
v 0.0754 0.047499 0.016
v 0.075141 0.047534 0.016
v 0.0749 0.047633 0.016
v 0.074692 0.047792 0.016
v 0.074533 0.048 0.016
v 0.074434 0.048758 0.016
v 0.0744 0.0485 0.016
v 0.074533 0.048999 0.016
v 0.076365 0.048758 0.016
v 0.076266 0.048999 0.016
v 0.074434 0.048241 0.016
v 0.074692 0.049207 0.016
v 0.0749 0.049366 0.016
v 0.075141 0.049465 0.016
v 0.0754 0.049499 0.016
v 0.075658 0.049465 0.016
v 0.0759 0.049366 0.016
v 0.076107 0.049207 0.016
v 0.074533 0.048999 0.001
v 0.074533 0.048999 0.016
v 0.074692 0.049207 0.016
v 0.074692 0.049207 0.001
v 0.0749 0.049366 0.016
v 0.0749 0.049366 0.001
v 0.075141 0.049465 0.016
v 0.075141 0.049465 0.001
v 0.0754 0.049499 0.016
v 0.0754 0.049499 0.001
v 0.075658 0.049465 0.016
v 0.075658 0.049465 0.001
v 0.0759 0.049366 0.016
v 0.0759 0.049366 0.001
v 0.076107 0.049207 0.016
v 0.076266 0.048999 0.016
v 0.076266 0.048999 0.001
v 0.07625 0.04902 0.001
v 0.076107 0.049207 0.001
v 0.076365 0.048758 0.016
v 0.076365 0.048758 0.001
v 0.076399 0.0485 0.016
v 0.076399 0.0485 0.001
v 0.076365 0.048241 0.016
v 0.076365 0.048241 0.001
v 0.076266 0.048 0.016
v 0.076107 0.047792 0.016
v 0.076107 0.047792 0.001
v 0.07625 0.047979 0.001
v 0.0759 0.047633 0.016
v 0.0759 0.047633 0.001
v 0.075658 0.047534 0.016
v 0.075658 0.047534 0.001
v 0.0754 0.047499 0.016
v 0.0754 0.047499 0.001
v 0.075141 0.047534 0.016
v 0.075141 0.047534 0.001
v 0.0749 0.047633 0.016
v 0.0749 0.047633 0.001
v 0.074692 0.047792 0.016
v 0.074692 0.047792 0.001
v 0.074533 0.048 0.016
v 0.074533 0.048 0.001
v 0.074434 0.048241 0.016
v 0.074434 0.048241 0.001
v 0.0744 0.0485 0.016
v 0.0744 0.0485 0.001
v 0.074434 0.048758 0.016
v 0.076266 0.048 0.001
v 0.074434 0.048758 0.001
v 0.053533 0.048 0.016
v 0.053692 0.047792 0.016
v 0.0544 0.0485 0.016
v 0.053899 0.047633 0.016
v 0.054141 0.047534 0.016
v 0.0544 0.047499 0.016
v 0.054658 0.047534 0.016
v 0.0549 0.047633 0.016
v 0.055107 0.047792 0.016
v 0.055266 0.048 0.016
v 0.055365 0.048241 0.016
v 0.055399 0.0485 0.016
v 0.055365 0.048758 0.016
v 0.053533 0.048999 0.016
v 0.053434 0.048758 0.016
v 0.055266 0.048999 0.016
v 0.055107 0.049207 0.016
v 0.0549 0.049366 0.016
v 0.054658 0.049465 0.016
v 0.0544 0.049499 0.016
v 0.054141 0.049465 0.016
v 0.053899 0.049366 0.016
v 0.053692 0.049207 0.016
v 0.053399 0.0485 0.016
v 0.053434 0.048241 0.016
v 0.05525 0.04902 0.001
v 0.055107 0.049207 0.001
v 0.055107 0.049207 0.016
v 0.055266 0.048999 0.001
v 0.055266 0.048999 0.016
v 0.055365 0.048758 0.016
v 0.055365 0.048758 0.001
v 0.055399 0.0485 0.016
v 0.055399 0.0485 0.001
v 0.055365 0.048241 0.016
v 0.055365 0.048241 0.001
v 0.055266 0.048 0.016
v 0.055107 0.047792 0.016
v 0.055107 0.047792 0.001
v 0.05525 0.047979 0.001
v 0.0549 0.047633 0.016
v 0.0549 0.047633 0.001
v 0.054658 0.047534 0.016
v 0.054658 0.047534 0.001
v 0.0544 0.047499 0.016
v 0.0544 0.047499 0.001
v 0.054141 0.047534 0.016
v 0.054141 0.047534 0.001
v 0.053899 0.047633 0.016
v 0.053899 0.047633 0.001
v 0.053692 0.047792 0.016
v 0.053692 0.047792 0.001
v 0.053533 0.048 0.016
v 0.053533 0.048 0.001
v 0.053434 0.048241 0.016
v 0.053434 0.048241 0.001
v 0.053399 0.0485 0.016
v 0.053399 0.0485 0.001
v 0.055266 0.048 0.001
v 0.0549 0.049366 0.001
v 0.0549 0.049366 0.016
v 0.054658 0.049465 0.001
v 0.054658 0.049465 0.016
v 0.0544 0.049499 0.001
v 0.0544 0.049499 0.016
v 0.054141 0.049465 0.001
v 0.054141 0.049465 0.016
v 0.053899 0.049366 0.001
v 0.053899 0.049366 0.016
v 0.053692 0.049207 0.001
v 0.053692 0.049207 0.016
v 0.053533 0.048999 0.001
v 0.053533 0.048999 0.016
v 0.053434 0.048758 0.001
v 0.053434 0.048758 0.016
v 0.047141 0.047534 0.016
v 0.0474 0.047499 0.016
v 0.0474 0.0485 0.016
v 0.048107 0.047792 0.016
v 0.048266 0.048 0.016
v 0.046434 0.048241 0.016
v 0.046533 0.048 0.016
v 0.046692 0.047792 0.016
v 0.0469 0.047633 0.016
v 0.047658 0.047534 0.016
v 0.047899 0.047633 0.016
v 0.048365 0.048241 0.016
v 0.048399 0.0485 0.016
v 0.048365 0.048758 0.016
v 0.048266 0.048999 0.016
v 0.048107 0.049207 0.016
v 0.047899 0.049366 0.016
v 0.047658 0.049465 0.016
v 0.0474 0.049499 0.016
v 0.047141 0.049465 0.016
v 0.0469 0.049366 0.016
v 0.046692 0.049207 0.016
v 0.046533 0.048999 0.016
v 0.046434 0.048758 0.016
v 0.046399 0.0485 0.016
v 0.047899 0.049366 0.001
v 0.047899 0.049366 0.016
v 0.048107 0.049207 0.016
v 0.04825 0.047979 0.001
v 0.048266 0.048 0.001
v 0.048266 0.048 0.016
v 0.048365 0.048241 0.016
v 0.048365 0.048241 0.001
v 0.048399 0.0485 0.001
v 0.048399 0.0485 0.016
v 0.048365 0.048758 0.001
v 0.048365 0.048758 0.016
v 0.048266 0.048999 0.001
v 0.047658 0.049465 0.001
v 0.047658 0.049465 0.016
v 0.0474 0.049499 0.001
v 0.047899 0.047633 0.016
v 0.047899 0.047633 0.001
v 0.048107 0.047792 0.001
v 0.0474 0.049499 0.016
v 0.047141 0.049465 0.001
v 0.047141 0.049465 0.016
v 0.0469 0.049366 0.001
v 0.0469 0.049366 0.016
v 0.046692 0.049207 0.001
v 0.046692 0.049207 0.016
v 0.046533 0.048999 0.001
v 0.046533 0.048999 0.016
v 0.046434 0.048758 0.001
v 0.048107 0.049207 0.001
v 0.0474 0.047499 0.001
v 0.0474 0.047499 0.016
v 0.047141 0.047534 0.016
v 0.047658 0.047534 0.016
v 0.047658 0.047534 0.001
v 0.047141 0.047534 0.001
v 0.0469 0.047633 0.016
v 0.0469 0.047633 0.001
v 0.048266 0.048999 0.016
v 0.04825 0.04902 0.001
v 0.046692 0.047792 0.016
v 0.046692 0.047792 0.001
v 0.046533 0.048 0.016
v 0.046533 0.048 0.001
v 0.046434 0.048241 0.016
v 0.046434 0.048241 0.001
v 0.046434 0.048758 0.016
v 0.046399 0.0485 0.001
v 0.046399 0.0485 0.016
v 0.048107 0.047792 0.016
v 0.041365 0.048758 0.016
v 0.041266 0.048999 0.016
v 0.040399 0.0485 0.016
v 0.041107 0.049207 0.016
v 0.040899 0.049366 0.016
v 0.040658 0.049465 0.016
v 0.040399 0.049499 0.016
v 0.040141 0.049465 0.016
v 0.0399 0.049366 0.016
v 0.039692 0.049207 0.016
v 0.039533 0.048999 0.016
v 0.039434 0.048758 0.016
v 0.0394 0.0485 0.016
v 0.039434 0.048241 0.016
v 0.0399 0.047633 0.016
v 0.040141 0.047534 0.016
v 0.039533 0.048 0.016
v 0.039692 0.047792 0.016
v 0.040399 0.047499 0.016
v 0.040658 0.047534 0.016
v 0.040899 0.047633 0.016
v 0.041107 0.047792 0.016
v 0.041266 0.048 0.016
v 0.041365 0.048241 0.016
v 0.0414 0.0485 0.016
v 0.040899 0.047633 0.001
v 0.040899 0.047633 0.016
v 0.040658 0.047534 0.016
v 0.04125 0.04902 0.001
v 0.041107 0.049207 0.001
v 0.041107 0.049207 0.016
v 0.041266 0.048999 0.016
v 0.041266 0.048999 0.001
v 0.040899 0.049366 0.001
v 0.040899 0.049366 0.016
v 0.040658 0.049465 0.001
v 0.040658 0.049465 0.016
v 0.040399 0.049499 0.001
v 0.040399 0.049499 0.016
v 0.040141 0.049465 0.001
v 0.040141 0.049465 0.016
v 0.0399 0.049366 0.001
v 0.0399 0.049366 0.016
v 0.041365 0.048241 0.016
v 0.041365 0.048241 0.001
v 0.0414 0.0485 0.001
v 0.039533 0.048999 0.001
v 0.039533 0.048999 0.016
v 0.039692 0.049207 0.016
v 0.039434 0.048758 0.001
v 0.039434 0.048758 0.016
v 0.041365 0.048758 0.001
v 0.041365 0.048758 0.016
v 0.0414 0.0485 0.016
v 0.041266 0.048 0.016
v 0.041107 0.047792 0.016
v 0.041107 0.047792 0.001
v 0.04125 0.047979 0.001
v 0.0394 0.0485 0.001
v 0.0394 0.0485 0.016
v 0.040658 0.047534 0.001
v 0.040399 0.047499 0.016
v 0.040399 0.047499 0.001
v 0.040141 0.047534 0.016
v 0.040141 0.047534 0.001
v 0.0399 0.047633 0.016
v 0.0399 0.047633 0.001
v 0.039692 0.047792 0.016
v 0.039692 0.047792 0.001
v 0.039533 0.048 0.016
v 0.039533 0.048 0.001
v 0.039434 0.048241 0.016
v 0.039434 0.048241 0.001
v 0.039692 0.049207 0.001
v 0.041266 0.048 0.001
v 0.033192 0.039292 0.016
v 0.033399 0.039133 0.016
v 0.0339 0.039999 0.016
v 0.033641 0.039034 0.016
v 0.0339 0.039 0.016
v 0.034158 0.039034 0.016
v 0.0344 0.039133 0.016
v 0.034607 0.039292 0.016
v 0.034766 0.0395 0.016
v 0.034865 0.039741 0.016
v 0.034899 0.039999 0.016
v 0.034865 0.040258 0.016
v 0.034766 0.0405 0.016
v 0.034607 0.040707 0.016
v 0.033033 0.0405 0.016
v 0.032934 0.040258 0.016
v 0.0329 0.039999 0.016
v 0.032934 0.039741 0.016
v 0.033033 0.0395 0.016
v 0.033192 0.040707 0.016
v 0.033399 0.040866 0.016
v 0.033641 0.040965 0.016
v 0.0339 0.041 0.016
v 0.034158 0.040965 0.016
v 0.0344 0.040866 0.016
v 0.033399 0.039133 0.016
v 0.033399 0.039133 0.001
v 0.033641 0.039034 0.001
v 0.033641 0.039034 0.016
v 0.0339 0.039 0.001
v 0.0339 0.039 0.016
v 0.034158 0.039034 0.001
v 0.034158 0.039034 0.016
v 0.0344 0.039133 0.001
v 0.0344 0.039133 0.016
v 0.034607 0.039292 0.001
v 0.034607 0.039292 0.016
v 0.034766 0.0395 0.001
v 0.034766 0.0395 0.016
v 0.034865 0.039741 0.001
v 0.034865 0.039741 0.016
v 0.034899 0.039999 0.001
v 0.034899 0.039999 0.016
v 0.034865 0.040258 0.001
v 0.034865 0.040258 0.016
v 0.034766 0.0405 0.001
v 0.034766 0.0405 0.016
v 0.034607 0.040707 0.001
v 0.034607 0.040707 0.016
v 0.0344 0.040866 0.001
v 0.0344 0.040866 0.016
v 0.034158 0.040965 0.001
v 0.034158 0.040965 0.016
v 0.0339 0.041 0.001
v 0.0339 0.041 0.016
v 0.033641 0.040965 0.001
v 0.033641 0.040965 0.016
v 0.033399 0.040866 0.001
v 0.033399 0.040866 0.016
v 0.033192 0.040707 0.001
v 0.033192 0.040707 0.016
v 0.033033 0.0405 0.001
v 0.033033 0.0405 0.016
v 0.032934 0.040258 0.001
v 0.032934 0.040258 0.016
v 0.0329 0.039999 0.001
v 0.0329 0.039999 0.016
v 0.033192 0.039292 0.016
v 0.033192 0.039292 0.001
v 0.033033 0.0395 0.016
v 0.033033 0.0395 0.001
v 0.032934 0.039741 0.016
v 0.032934 0.039741 0.001
v 0.0344 0.032133 0.016
v 0.034607 0.032292 0.016
v 0.0339 0.032999 0.016
v 0.034766 0.032499 0.016
v 0.034865 0.032741 0.016
v 0.034158 0.032034 0.016
v 0.0329 0.032999 0.016
v 0.032934 0.032741 0.016
v 0.032934 0.033258 0.016
v 0.033033 0.0335 0.016
v 0.033192 0.033707 0.016
v 0.033399 0.033866 0.016
v 0.033641 0.033965 0.016
v 0.0339 0.032 0.016
v 0.033641 0.032034 0.016
v 0.033399 0.032133 0.016
v 0.033192 0.032292 0.016
v 0.033033 0.032499 0.016
v 0.0339 0.034 0.016
v 0.034158 0.033965 0.016
v 0.0344 0.033866 0.016
v 0.034607 0.033707 0.016
v 0.034766 0.0335 0.016
v 0.034865 0.033258 0.016
v 0.034899 0.032999 0.016
v 0.0339 0.032 0.016
v 0.0339 0.032 0.001
v 0.034158 0.032034 0.001
v 0.034158 0.032034 0.016
v 0.0344 0.032133 0.001
v 0.0344 0.032133 0.016
v 0.034607 0.032292 0.001
v 0.034899 0.032999 0.016
v 0.034899 0.032999 0.001
v 0.034865 0.033258 0.001
v 0.034607 0.032292 0.016
v 0.034766 0.032499 0.001
v 0.034766 0.032499 0.016
v 0.034865 0.032741 0.001
v 0.034865 0.033258 0.016
v 0.034766 0.0335 0.001
v 0.034865 0.032741 0.016
v 0.032934 0.033258 0.016
v 0.032934 0.033258 0.001
v 0.0329 0.032999 0.001
v 0.033033 0.0335 0.016
v 0.033033 0.0335 0.001
v 0.033192 0.033707 0.016
v 0.033192 0.033707 0.001
v 0.033399 0.033866 0.016
v 0.033399 0.033866 0.001
v 0.033641 0.033965 0.016
v 0.033641 0.033965 0.001
v 0.0339 0.034 0.016
v 0.0339 0.034 0.001
v 0.034158 0.033965 0.016
v 0.034158 0.033965 0.001
v 0.0344 0.033866 0.016
v 0.0344 0.033866 0.001
v 0.034607 0.033707 0.016
v 0.034607 0.033707 0.001
v 0.034766 0.0335 0.016
v 0.033641 0.032034 0.016
v 0.033641 0.032034 0.001
v 0.033399 0.032133 0.016
v 0.033399 0.032133 0.001
v 0.033192 0.032292 0.016
v 0.033192 0.032292 0.001
v 0.033033 0.032499 0.016
v 0.033033 0.032499 0.001
v 0.032934 0.032741 0.016
v 0.032934 0.032741 0.001
v 0.0329 0.032999 0.016
v 0.0329 0.026 0.016
v 0.032934 0.025741 0.016
v 0.0339 0.026 0.016
v 0.032934 0.026258 0.016
v 0.033033 0.026499 0.016
v 0.033192 0.026707 0.016
v 0.033399 0.026866 0.016
v 0.033641 0.026965 0.016
v 0.0339 0.027 0.016
v 0.034158 0.026965 0.016
v 0.0344 0.026866 0.016
v 0.034607 0.026707 0.016
v 0.034766 0.026499 0.016
v 0.034865 0.026258 0.016
v 0.034899 0.026 0.016
v 0.034865 0.025741 0.016
v 0.034766 0.025499 0.016
v 0.034607 0.025292 0.016
v 0.0344 0.025133 0.016
v 0.034158 0.025034 0.016
v 0.0339 0.025 0.016
v 0.033641 0.025034 0.016
v 0.033399 0.025133 0.016
v 0.033192 0.025292 0.016
v 0.033033 0.025499 0.016
v 0.034766 0.025499 0.001
v 0.034766 0.025499 0.016
v 0.034607 0.025292 0.016
v 0.034865 0.025741 0.001
v 0.034865 0.025741 0.016
v 0.034899 0.026 0.001
v 0.034899 0.026 0.016
v 0.034865 0.026258 0.001
v 0.034865 0.026258 0.016
v 0.034766 0.026499 0.001
v 0.034766 0.026499 0.016
v 0.0344 0.026866 0.001
v 0.0344 0.026866 0.016
v 0.034607 0.026707 0.016
v 0.034158 0.026965 0.001
v 0.034158 0.026965 0.016
v 0.0339 0.027 0.001
v 0.0339 0.027 0.016
v 0.033641 0.026965 0.001
v 0.033641 0.026965 0.016
v 0.033192 0.026707 0.001
v 0.033192 0.026707 0.016
v 0.033399 0.026866 0.016
v 0.033033 0.026499 0.001
v 0.033033 0.026499 0.016
v 0.032934 0.026258 0.001
v 0.032934 0.026258 0.016
v 0.0329 0.026 0.001
v 0.0329 0.026 0.016
v 0.034607 0.026707 0.001
v 0.033399 0.026866 0.001
v 0.032934 0.025741 0.016
v 0.032934 0.025741 0.001
v 0.033033 0.025499 0.001
v 0.033033 0.025499 0.016
v 0.033192 0.025292 0.001
v 0.033192 0.025292 0.016
v 0.033399 0.025133 0.001
v 0.033399 0.025133 0.016
v 0.033641 0.025034 0.001
v 0.033641 0.025034 0.016
v 0.0339 0.025 0.001
v 0.0339 0.025 0.016
v 0.034158 0.025034 0.001
v 0.034158 0.025034 0.016
v 0.0344 0.025133 0.001
v 0.0344 0.025133 0.016
v 0.034607 0.025292 0.001
v 0.034865 0.018741 0.016
v 0.034899 0.018999 0.016
v 0.0339 0.018999 0.016
v 0.034766 0.0185 0.016
v 0.034607 0.018292 0.016
v 0.0344 0.018133 0.016
v 0.034158 0.018034 0.016
v 0.0339 0.017999 0.016
v 0.033641 0.018034 0.016
v 0.033399 0.018133 0.016
v 0.033192 0.018292 0.016
v 0.033399 0.019866 0.016
v 0.033192 0.019707 0.016
v 0.033033 0.0185 0.016
v 0.032934 0.018741 0.016
v 0.032934 0.019258 0.016
v 0.0329 0.018999 0.016
v 0.033033 0.0195 0.016
v 0.033641 0.019965 0.016
v 0.0339 0.019999 0.016
v 0.034158 0.019965 0.016
v 0.0344 0.019866 0.016
v 0.034607 0.019707 0.016
v 0.034766 0.0195 0.016
v 0.034865 0.019258 0.016
v 0.033641 0.019965 0.001
v 0.033641 0.019965 0.016
v 0.0339 0.019999 0.016
v 0.0339 0.019999 0.001
v 0.034158 0.019965 0.016
v 0.034158 0.019965 0.001
v 0.0344 0.019866 0.016
v 0.0344 0.019866 0.001
v 0.034607 0.019707 0.016
v 0.034607 0.019707 0.001
v 0.034766 0.0195 0.016
v 0.034766 0.0195 0.001
v 0.034865 0.019258 0.016
v 0.034865 0.019258 0.001
v 0.034899 0.018999 0.016
v 0.034899 0.018999 0.001
v 0.034865 0.018741 0.016
v 0.034865 0.018741 0.001
v 0.034766 0.0185 0.016
v 0.034766 0.0185 0.001
v 0.034607 0.018292 0.016
v 0.034607 0.018292 0.001
v 0.0344 0.018133 0.016
v 0.0344 0.018133 0.001
v 0.034158 0.018034 0.016
v 0.034158 0.018034 0.001
v 0.0339 0.017999 0.016
v 0.0339 0.017999 0.001
v 0.033641 0.018034 0.016
v 0.033641 0.018034 0.001
v 0.033399 0.018133 0.016
v 0.033399 0.018133 0.001
v 0.033192 0.018292 0.016
v 0.033192 0.018292 0.001
v 0.033033 0.0185 0.016
v 0.033033 0.0185 0.001
v 0.032934 0.018741 0.016
v 0.032934 0.018741 0.001
v 0.0329 0.018999 0.016
v 0.0329 0.018999 0.001
v 0.033399 0.019866 0.001
v 0.033399 0.019866 0.016
v 0.033192 0.019707 0.001
v 0.033192 0.019707 0.016
v 0.033033 0.0195 0.001
v 0.033033 0.0195 0.016
v 0.032934 0.019258 0.001
v 0.032934 0.019258 0.016
v 0.0339 0.012 0.016
v 0.032934 0.011741 0.016
v 0.033033 0.0115 0.016
v 0.033192 0.011292 0.016
v 0.033399 0.011133 0.016
v 0.033641 0.011034 0.016
v 0.0339 0.010999 0.016
v 0.034158 0.011034 0.016
v 0.034158 0.012965 0.016
v 0.0339 0.013 0.016
v 0.0344 0.011133 0.016
v 0.034607 0.011292 0.016
v 0.034766 0.0115 0.016
v 0.034865 0.011741 0.016
v 0.034899 0.012 0.016
v 0.034865 0.012258 0.016
v 0.034766 0.0125 0.016
v 0.034607 0.012707 0.016
v 0.0344 0.012866 0.016
v 0.033641 0.012965 0.016
v 0.033399 0.012866 0.016
v 0.033192 0.012707 0.016
v 0.033033 0.0125 0.016
v 0.032934 0.012258 0.016
v 0.0329 0.012 0.016
v 0.032934 0.011741 0.001
v 0.032934 0.011741 0.016
v 0.0329 0.012 0.016
v 0.0329 0.012 0.001
v 0.033033 0.0115 0.001
v 0.033033 0.0115 0.016
v 0.033192 0.011292 0.001
v 0.033192 0.011292 0.016
v 0.033399 0.011133 0.001
v 0.033399 0.011133 0.016
v 0.033641 0.011034 0.001
v 0.033641 0.011034 0.016
v 0.0339 0.010999 0.001
v 0.0339 0.010999 0.016
v 0.034158 0.011034 0.001
v 0.034158 0.011034 0.016
v 0.0344 0.011133 0.001
v 0.0344 0.011133 0.016
v 0.034607 0.011292 0.001
v 0.034607 0.011292 0.016
v 0.034766 0.0115 0.001
v 0.034766 0.0115 0.016
v 0.034865 0.011741 0.001
v 0.034865 0.011741 0.016
v 0.034899 0.012 0.001
v 0.034865 0.012258 0.016
v 0.034865 0.012258 0.001
v 0.034766 0.0125 0.001
v 0.034766 0.0125 0.016
v 0.034607 0.012707 0.001
v 0.034607 0.012707 0.016
v 0.0344 0.012866 0.001
v 0.0344 0.012866 0.016
v 0.034158 0.012965 0.001
v 0.034158 0.012965 0.016
v 0.0339 0.013 0.001
v 0.0339 0.013 0.016
v 0.033641 0.012965 0.001
v 0.033641 0.012965 0.016
v 0.033399 0.012866 0.001
v 0.033399 0.012866 0.016
v 0.033192 0.012707 0.001
v 0.033192 0.012707 0.016
v 0.033033 0.0125 0.001
v 0.033033 0.0125 0.016
v 0.032934 0.012258 0.001
v 0.032934 0.012258 0.016
v 0.034899 0.012 0.016
v 0.0329 0.004999 0.016
v 0.032934 0.004741 0.016
v 0.0339 0.004999 0.016
v 0.034158 0.004034 0.016
v 0.0344 0.004133 0.016
v 0.034607 0.004292 0.016
v 0.034766 0.004499 0.016
v 0.034865 0.004741 0.016
v 0.034899 0.004999 0.016
v 0.034865 0.005258 0.016
v 0.034766 0.005499 0.016
v 0.034607 0.005707 0.016
v 0.0344 0.005866 0.016
v 0.034158 0.005965 0.016
v 0.032934 0.005258 0.016
v 0.0339 0.006 0.016
v 0.033641 0.005965 0.016
v 0.033399 0.005866 0.016
v 0.033192 0.005707 0.016
v 0.033033 0.005499 0.016
v 0.0339 0.004 0.016
v 0.033033 0.004499 0.016
v 0.033192 0.004292 0.016
v 0.033399 0.004133 0.016
v 0.033641 0.004034 0.016
v 0.034899 0.004999 0.001
v 0.034899 0.004999 0.016
v 0.034865 0.004741 0.016
v 0.034865 0.005258 0.001
v 0.034865 0.005258 0.016
v 0.034766 0.005499 0.001
v 0.034766 0.005499 0.016
v 0.034607 0.005707 0.001
v 0.034607 0.005707 0.016
v 0.0344 0.005866 0.001
v 0.0344 0.005866 0.016
v 0.034158 0.005965 0.001
v 0.034158 0.005965 0.016
v 0.0339 0.006 0.001
v 0.0339 0.006 0.016
v 0.033641 0.005965 0.001
v 0.033641 0.005965 0.016
v 0.033399 0.005866 0.001
v 0.033399 0.005866 0.016
v 0.033192 0.005707 0.001
v 0.033192 0.005707 0.016
v 0.033033 0.005499 0.001
v 0.033033 0.005499 0.016
v 0.032934 0.005258 0.001
v 0.032934 0.005258 0.016
v 0.0329 0.004999 0.001
v 0.0329 0.004999 0.016
v 0.034158 0.004034 0.001
v 0.034158 0.004034 0.016
v 0.0339 0.004 0.016
v 0.034865 0.004741 0.001
v 0.034766 0.004499 0.016
v 0.034766 0.004499 0.001
v 0.034607 0.004292 0.016
v 0.034607 0.004292 0.001
v 0.0344 0.004133 0.016
v 0.0344 0.004133 0.001
v 0.0339 0.004 0.001
v 0.033641 0.004034 0.016
v 0.033641 0.004034 0.001
v 0.033399 0.004133 0.016
v 0.033399 0.004133 0.001
v 0.033192 0.004292 0.016
v 0.033192 0.004292 0.001
v 0.033033 0.004499 0.016
v 0.033033 0.004499 0.001
v 0.032934 0.004741 0.016
v 0.032934 0.004741 0.001
v 0.041065 -0.001758 0.016
v 0.041099 -0.0015 0.016
v 0.0401 -0.0015 0.016
v 0.041065 -0.001241 0.016
v 0.040966 -0.001 0.016
v 0.040807 -0.000792 0.016
v 0.0406 -0.000633 0.016
v 0.040358 -0.000534 0.016
v 0.0401 -0.0005 0.016
v 0.039841 -0.000534 0.016
v 0.039599 -0.000633 0.016
v 0.039392 -0.000792 0.016
v 0.039233 -0.001 0.016
v 0.039134 -0.001241 0.016
v 0.039099 -0.0015 0.016
v 0.039134 -0.001758 0.016
v 0.040358 -0.002465 0.016
v 0.0406 -0.002366 0.016
v 0.040966 -0.002 0.016
v 0.0401 -0.002499 0.016
v 0.039841 -0.002465 0.016
v 0.039599 -0.002366 0.016
v 0.039392 -0.002207 0.016
v 0.039233 -0.002 0.016
v 0.040807 -0.002207 0.016
v 0.040966 -0.001 0.001
v 0.040966 -0.001 0.016
v 0.041065 -0.001241 0.016
v 0.040807 -0.000792 0.001
v 0.040807 -0.000792 0.016
v 0.0406 -0.000633 0.001
v 0.0406 -0.000633 0.016
v 0.040358 -0.000534 0.001
v 0.040358 -0.000534 0.016
v 0.0401 -0.0005 0.001
v 0.0401 -0.0005 0.016
v 0.039841 -0.000534 0.001
v 0.039841 -0.000534 0.016
v 0.039599 -0.000633 0.001
v 0.039599 -0.000633 0.016
v 0.040807 -0.002207 0.016
v 0.040807 -0.002207 0.001
v 0.040966 -0.002 0.001
v 0.039392 -0.000792 0.001
v 0.039392 -0.000792 0.016
v 0.039233 -0.001 0.001
v 0.039233 -0.001 0.016
v 0.039134 -0.001241 0.001
v 0.039134 -0.001241 0.016
v 0.039099 -0.0015 0.001
v 0.039099 -0.0015 0.016
v 0.0406 -0.002366 0.001
v 0.0406 -0.002366 0.016
v 0.040358 -0.002465 0.016
v 0.040966 -0.002 0.016
v 0.039233 -0.002 0.001
v 0.039233 -0.002 0.016
v 0.039134 -0.001758 0.016
v 0.041065 -0.001758 0.001
v 0.041065 -0.001758 0.016
v 0.041099 -0.0015 0.001
v 0.041099 -0.0015 0.016
v 0.041065 -0.001241 0.001
v 0.040358 -0.002465 0.001
v 0.0401 -0.002499 0.016
v 0.0401 -0.002499 0.001
v 0.039841 -0.002465 0.016
v 0.039841 -0.002465 0.001
v 0.039599 -0.002366 0.016
v 0.039599 -0.002366 0.001
v 0.039392 -0.002207 0.016
v 0.039392 -0.002207 0.001
v 0.039134 -0.001758 0.001
v 0.0476 -0.000633 0.016
v 0.047358 -0.000534 0.016
v 0.0471 -0.0015 0.016
v 0.0471 -0.0005 0.016
v 0.046841 -0.000534 0.016
v 0.046599 -0.000633 0.016
v 0.046134 -0.001758 0.016
v 0.046233 -0.002 0.016
v 0.046134 -0.001241 0.016
v 0.0461 -0.0015 0.016
v 0.047966 -0.001 0.016
v 0.047807 -0.000792 0.016
v 0.048065 -0.001241 0.016
v 0.048099 -0.0015 0.016
v 0.048065 -0.001758 0.016
v 0.047966 -0.002 0.016
v 0.047807 -0.002207 0.016
v 0.0476 -0.002366 0.016
v 0.047358 -0.002465 0.016
v 0.0471 -0.002499 0.016
v 0.046841 -0.002465 0.016
v 0.046599 -0.002366 0.016
v 0.046392 -0.002207 0.016
v 0.046233 -0.001 0.016
v 0.046392 -0.000792 0.016
v 0.047807 -0.000792 0.001
v 0.047807 -0.000792 0.016
v 0.047966 -0.001 0.016
v 0.047966 -0.001 0.001
v 0.048065 -0.001241 0.016
v 0.048065 -0.001241 0.001
v 0.048099 -0.0015 0.016
v 0.048065 -0.001758 0.001
v 0.048065 -0.001758 0.016
v 0.047966 -0.002 0.016
v 0.047966 -0.002 0.001
v 0.047807 -0.002207 0.016
v 0.047807 -0.002207 0.001
v 0.0476 -0.002366 0.016
v 0.0476 -0.002366 0.001
v 0.047358 -0.002465 0.016
v 0.047358 -0.002465 0.001
v 0.0471 -0.002499 0.016
v 0.0471 -0.002499 0.001
v 0.046841 -0.002465 0.016
v 0.046841 -0.002465 0.001
v 0.046599 -0.002366 0.016
v 0.046599 -0.002366 0.001
v 0.046392 -0.002207 0.016
v 0.046233 -0.002 0.016
v 0.046233 -0.002 0.001
v 0.04625 -0.00202 0.001
v 0.046392 -0.002207 0.001
v 0.046134 -0.001758 0.016
v 0.046134 -0.001758 0.001
v 0.0461 -0.0015 0.016
v 0.0461 -0.0015 0.001
v 0.048099 -0.0015 0.001
v 0.0476 -0.000633 0.001
v 0.0476 -0.000633 0.016
v 0.047358 -0.000534 0.001
v 0.047358 -0.000534 0.016
v 0.0471 -0.0005 0.001
v 0.0471 -0.0005 0.016
v 0.046841 -0.000534 0.001
v 0.046841 -0.000534 0.016
v 0.046599 -0.000633 0.001
v 0.046599 -0.000633 0.016
v 0.046392 -0.000792 0.001
v 0.046134 -0.001241 0.016
v 0.046134 -0.001241 0.001
v 0.046233 -0.001 0.016
v 0.046392 -0.000792 0.016
v 0.04625 -0.000979 0.001
v 0.046233 -0.001 0.001
v 0.053841 -0.000534 0.016
v 0.053599 -0.000633 0.016
v 0.054099 -0.0015 0.016
v 0.053392 -0.000792 0.016
v 0.053841 -0.002465 0.016
v 0.054099 -0.002499 0.016
v 0.054807 -0.000792 0.016
v 0.0546 -0.000633 0.016
v 0.053233 -0.001 0.016
v 0.053134 -0.001241 0.016
v 0.0531 -0.0015 0.016
v 0.053134 -0.001758 0.016
v 0.053599 -0.002366 0.016
v 0.053392 -0.002207 0.016
v 0.053233 -0.002 0.016
v 0.054358 -0.002465 0.016
v 0.0546 -0.002366 0.016
v 0.054807 -0.002207 0.016
v 0.054966 -0.002 0.016
v 0.055065 -0.001758 0.016
v 0.054358 -0.000534 0.016
v 0.0551 -0.0015 0.016
v 0.055065 -0.001241 0.016
v 0.054966 -0.001 0.016
v 0.054099 -0.0005 0.016
v 0.053599 -0.002366 0.016
v 0.053599 -0.002366 0.001
v 0.053841 -0.002465 0.001
v 0.053841 -0.002465 0.016
v 0.054099 -0.002499 0.001
v 0.054099 -0.002499 0.016
v 0.054358 -0.002465 0.001
v 0.054358 -0.002465 0.016
v 0.0546 -0.002366 0.001
v 0.0546 -0.002366 0.016
v 0.054807 -0.002207 0.001
v 0.054807 -0.002207 0.016
v 0.054966 -0.002 0.001
v 0.054966 -0.002 0.016
v 0.055065 -0.001758 0.001
v 0.055065 -0.001758 0.016
v 0.0551 -0.0015 0.001
v 0.0551 -0.0015 0.016
v 0.055065 -0.001241 0.001
v 0.055065 -0.001241 0.016
v 0.054966 -0.001 0.001
v 0.054966 -0.001 0.016
v 0.054807 -0.000792 0.001
v 0.054807 -0.000792 0.016
v 0.0546 -0.000633 0.001
v 0.0546 -0.000633 0.016
v 0.054358 -0.000534 0.001
v 0.054358 -0.000534 0.016
v 0.054099 -0.0005 0.001
v 0.054099 -0.0005 0.016
v 0.053841 -0.000534 0.001
v 0.053841 -0.000534 0.016
v 0.053599 -0.000633 0.001
v 0.053599 -0.000633 0.016
v 0.053392 -0.000792 0.001
v 0.053392 -0.000792 0.016
v 0.053233 -0.001 0.001
v 0.053233 -0.001 0.016
v 0.053134 -0.001241 0.001
v 0.053134 -0.001241 0.016
v 0.0531 -0.0015 0.001
v 0.0531 -0.0015 0.016
v 0.053392 -0.002207 0.016
v 0.053392 -0.002207 0.001
v 0.053233 -0.002 0.016
v 0.053233 -0.002 0.001
v 0.053134 -0.001758 0.016
v 0.053134 -0.001758 0.001
v 0.060233 -0.002 0.016
v 0.060392 -0.002207 0.016
v 0.061099 -0.0015 0.016
v 0.0606 -0.002366 0.016
v 0.060841 -0.002465 0.016
v 0.061099 -0.002499 0.016
v 0.061099 -0.0005 0.016
v 0.060841 -0.000534 0.016
v 0.061358 -0.002465 0.016
v 0.061599 -0.002366 0.016
v 0.061807 -0.002207 0.016
v 0.061966 -0.002 0.016
v 0.062065 -0.001758 0.016
v 0.0621 -0.0015 0.016
v 0.062065 -0.001241 0.016
v 0.061966 -0.001 0.016
v 0.061807 -0.000792 0.016
v 0.061599 -0.000633 0.016
v 0.061358 -0.000534 0.016
v 0.0601 -0.0015 0.016
v 0.060134 -0.001758 0.016
v 0.060134 -0.001241 0.016
v 0.060233 -0.001 0.016
v 0.0606 -0.000633 0.016
v 0.060392 -0.000792 0.016
v 0.061099 -0.002499 0.016
v 0.061099 -0.002499 0.001
v 0.061358 -0.002465 0.001
v 0.061358 -0.002465 0.016
v 0.061599 -0.002366 0.001
v 0.061599 -0.002366 0.016
v 0.061807 -0.002207 0.001
v 0.061807 -0.002207 0.016
v 0.061966 -0.002 0.001
v 0.061966 -0.002 0.016
v 0.062065 -0.001758 0.001
v 0.062065 -0.001758 0.016
v 0.0621 -0.0015 0.001
v 0.0621 -0.0015 0.016
v 0.062065 -0.001241 0.001
v 0.062065 -0.001241 0.016
v 0.061966 -0.001 0.001
v 0.061966 -0.001 0.016
v 0.061807 -0.000792 0.001
v 0.061807 -0.000792 0.016
v 0.061599 -0.000633 0.001
v 0.061599 -0.000633 0.016
v 0.061358 -0.000534 0.001
v 0.061358 -0.000534 0.016
v 0.061099 -0.0005 0.001
v 0.060233 -0.002 0.001
v 0.060233 -0.002 0.016
v 0.060134 -0.001758 0.016
v 0.060134 -0.001758 0.001
v 0.0601 -0.0015 0.016
v 0.0601 -0.0015 0.001
v 0.060134 -0.001241 0.001
v 0.060134 -0.001241 0.016
v 0.060233 -0.001 0.016
v 0.060392 -0.002207 0.001
v 0.060392 -0.002207 0.016
v 0.0606 -0.002366 0.001
v 0.0606 -0.002366 0.016
v 0.060841 -0.002465 0.001
v 0.060841 -0.002465 0.016
v 0.061099 -0.0005 0.016
v 0.060841 -0.000534 0.001
v 0.060233 -0.001 0.001
v 0.060392 -0.000792 0.016
v 0.060392 -0.000792 0.001
v 0.0606 -0.000633 0.016
v 0.0606 -0.000633 0.001
v 0.060841 -0.000534 0.016
v 0.067134 -0.001241 0.016
v 0.0671 -0.0015 0.016
v 0.068099 -0.0015 0.016
v 0.067233 -0.001 0.016
v 0.067392 -0.000792 0.016
v 0.067599 -0.000633 0.016
v 0.067841 -0.000534 0.016
v 0.068099 -0.0005 0.016
v 0.068358 -0.000534 0.016
v 0.068599 -0.000633 0.016
v 0.067841 -0.002465 0.016
v 0.068099 -0.002499 0.016
v 0.068807 -0.000792 0.016
v 0.068358 -0.002465 0.016
v 0.067134 -0.001758 0.016
v 0.068599 -0.002366 0.016
v 0.068807 -0.002207 0.016
v 0.068966 -0.002 0.016
v 0.069065 -0.001758 0.016
v 0.069099 -0.0015 0.016
v 0.069065 -0.001241 0.016
v 0.067233 -0.002 0.016
v 0.068966 -0.001 0.016
v 0.067392 -0.002207 0.016
v 0.067599 -0.002366 0.016
v 0.069065 -0.001758 0.016
v 0.069065 -0.001758 0.001
v 0.069099 -0.0015 0.001
v 0.069099 -0.0015 0.016
v 0.069065 -0.001241 0.001
v 0.069065 -0.001241 0.016
v 0.068966 -0.001 0.001
v 0.068966 -0.001 0.016
v 0.068807 -0.000792 0.001
v 0.068807 -0.000792 0.016
v 0.068599 -0.000633 0.001
v 0.068599 -0.000633 0.016
v 0.068358 -0.000534 0.001
v 0.068358 -0.000534 0.016
v 0.068099 -0.0005 0.001
v 0.068099 -0.0005 0.016
v 0.067841 -0.000534 0.001
v 0.067599 -0.000633 0.016
v 0.067599 -0.000633 0.001
v 0.067392 -0.000792 0.001
v 0.067392 -0.000792 0.016
v 0.067233 -0.001 0.001
v 0.067233 -0.001 0.016
v 0.067134 -0.001241 0.001
v 0.067134 -0.001241 0.016
v 0.0671 -0.0015 0.001
v 0.067233 -0.002 0.001
v 0.067233 -0.002 0.016
v 0.067134 -0.001758 0.016
v 0.067841 -0.000534 0.016
v 0.0671 -0.0015 0.016
v 0.068966 -0.002 0.016
v 0.068966 -0.002 0.001
v 0.068807 -0.002207 0.016
v 0.068807 -0.002207 0.001
v 0.068599 -0.002366 0.016
v 0.068599 -0.002366 0.001
v 0.068358 -0.002465 0.016
v 0.068358 -0.002465 0.001
v 0.068099 -0.002499 0.016
v 0.068099 -0.002499 0.001
v 0.067841 -0.002465 0.016
v 0.067841 -0.002465 0.001
v 0.067599 -0.002366 0.016
v 0.067599 -0.002366 0.001
v 0.067392 -0.002207 0.016
v 0.067392 -0.002207 0.001
v 0.067134 -0.001758 0.001
v 0.076065 -0.001758 0.016
v 0.076099 -0.0015 0.016
v 0.075099 -0.0015 0.016
v 0.075599 -0.002366 0.016
v 0.075807 -0.002207 0.016
v 0.074134 -0.001241 0.016
v 0.0741 -0.0015 0.016
v 0.074233 -0.001 0.016
v 0.074392 -0.000792 0.016
v 0.0746 -0.000633 0.016
v 0.074841 -0.000534 0.016
v 0.075099 -0.0005 0.016
v 0.074134 -0.001758 0.016
v 0.074233 -0.002 0.016
v 0.074392 -0.002207 0.016
v 0.075358 -0.000534 0.016
v 0.075599 -0.000633 0.016
v 0.075358 -0.002465 0.016
v 0.075099 -0.002499 0.016
v 0.074841 -0.002465 0.016
v 0.0746 -0.002366 0.016
v 0.075807 -0.000792 0.016
v 0.075966 -0.001 0.016
v 0.076065 -0.001241 0.016
v 0.075966 -0.002 0.016
v 0.074841 -0.000534 0.001
v 0.074841 -0.000534 0.016
v 0.075099 -0.0005 0.016
v 0.075099 -0.0005 0.001
v 0.075358 -0.000534 0.016
v 0.075358 -0.000534 0.001
v 0.075599 -0.000633 0.016
v 0.075599 -0.000633 0.001
v 0.075807 -0.000792 0.016
v 0.075807 -0.000792 0.001
v 0.075966 -0.001 0.016
v 0.075966 -0.001 0.001
v 0.076065 -0.001241 0.016
v 0.076065 -0.001241 0.001
v 0.076099 -0.0015 0.016
v 0.076099 -0.0015 0.001
v 0.076065 -0.001758 0.016
v 0.075966 -0.002 0.001
v 0.075966 -0.002 0.016
v 0.075807 -0.002207 0.016
v 0.075807 -0.002207 0.001
v 0.075599 -0.002366 0.016
v 0.076065 -0.001758 0.001
v 0.074134 -0.001241 0.016
v 0.074134 -0.001241 0.001
v 0.0741 -0.0015 0.001
v 0.074233 -0.001 0.016
v 0.074233 -0.001 0.001
v 0.074392 -0.000792 0.016
v 0.074392 -0.000792 0.001
v 0.0746 -0.000633 0.016
v 0.0746 -0.000633 0.001
v 0.075358 -0.002465 0.016
v 0.075358 -0.002465 0.001
v 0.075599 -0.002366 0.001
v 0.075099 -0.002499 0.016
v 0.075099 -0.002499 0.001
v 0.074841 -0.002465 0.016
v 0.074841 -0.002465 0.001
v 0.0746 -0.002366 0.016
v 0.0746 -0.002366 0.001
v 0.074392 -0.002207 0.016
v 0.074392 -0.002207 0.001
v 0.074233 -0.002 0.016
v 0.074233 -0.002 0.001
v 0.074134 -0.001758 0.016
v 0.074134 -0.001758 0.001
v 0.0741 -0.0015 0.016
vn 1 0 0
vn 1 0 0
vn 1 0 0
vn 1 0 0
vn 0 0 1
vn 0 0 1
vn 0 0 1
vn 0 0 1
vn 0 0 1
vn 0 0 1
vn 0 0 1
vn 0 0 1
vn 0 0 1
vn 0 0 1
vn 0 0 1
vn 0 0 1
vn 0 0 1
vn 0 0 1
vn 0 0 1
vn 0 0 1
vn 0 0 1
vn 0 0 1
vn 0 0 1
vn 0 0 1
vn 0 0 1
vn 0 0 1
vn 0 0 1
vn 0 0 1
vn 0 0 1
vn 0 0 1
vn 0 0 1
vn 0 0 1
vn 0 0 1
vn 0 0 1
vn 0 0 1
vn 0 0 1
vn 0 0 1
vn 0 0 1
vn 0 0 1
vn 0 0 1
vn 0 0 1
vn 0 0 1
vn 0 0 1
vn 0 0 1
vn 0 0 1
vn 0 0 1
vn 0 0 1
vn 0 0 1
vn 0 0 1
vn 0 0 1
vn 0 0 1
vn 0 0 1
vn 0 0 1
vn 0 0 1
vn 0 0 1
vn 0 0 1
vn 0 0 1
vn 0 0 1
vn 0 0 1
vn 0 0 1
vn 0 0 1
vn 0 0 1
vn 0 0 1
vn 0 0 1
vn 0 0 1
vn 0 0 1
vn 0 0 1
vn 0 0 1
vn 0 0 1
vn 0 0 1
vn 0 0 1
vn 0 0 1
vn 0 0 1
vn 0 0 1
vn 0 0 1
vn 0 0 1
vn 0 0 1
vn 0 0 1
vn 0 0 1
vn 0 0 1
vn 0 0 1
vn 0 0 1
vn 0 0 1
vn 0 0 1
vn 0 0 1
vn 0 0 1
vn 0 0 1
vn 0 0 1
vn 0 0 1
vn 0 0 1
vn 0 0 1
vn 0 0 1
vn 0 0 1
vn 0 0 1
vn 0 0 1
vn 0 0 1
vn 0 0 1
vn 0 0 1
vn 0 0 1
vn 0 0 1
vn 0 0 1
vn 0 0 1
vn 0 0 1
vn 0 0 1
vn 0 0 1
vn 0 0 1
vn 0 0 1
vn 0 0 1
vn 0 0 1
vn 0 0 1
vn 0 0 1
vn 0 0 1
vn 0 0 1
vn 0 0 1
vn 0 0 1
vn 0 0 1
vn 0 0 1
vn 0 0 1
vn 0 0 1
vn 0 0 1
vn 0 0 1
vn 0 0 1
vn 0 0 1
vn 0 0 1
vn 0 0 1
vn 0 0 1
vn 0 0 1
vn 0 0 1
vn 0 0 1
vn 0 0 1
vn 0 0 1
vn 0 0 1
vn 0 0 1
vn 0 0 1
vn 0 0 1
vn 0 0 1
vn 0 0 1
vn 0 0 1
vn 0 0 1
vn 0 0 1
vn 0 0 1
vn 0 0 1
vn 0 0 1
vn 0 0 1
vn 0 0 1
vn 0 0 1
vn 0 0 1
vn 0 0 1
vn 0 0 1
vn 0 0 1
vn 0 0 1
vn 0 0 1
vn 0 0 1
vn 0 0 1
vn 0 0 1
vn 0 0 1
vn 0 0 1
vn 0 0 1
vn 0 0 1
vn 0 0 1
vn 0 0 1
vn 0 0 1
vn 0 0 1
vn 0 0 1
vn 0 0 1
vn 0 0 1
vn 0 0 1
vn 0 0 1
vn 0 0 1
vn 0 0 1
vn 0 0 1
vn 0 0 1
vn 0 0 1
vn 0 0 1
vn 0 0 1
vn 0 0 1
vn 0 0 1
vn 0 0 1
vn 0 0 1
vn 0 0 1
vn 0 0 1
vn 0 0 1
vn 0 0 1
vn 0 0 1
vn 0 0 1
vn 0 0 1
vn 0 0 1
vn 0 0 1
vn 0 0 1
vn 0 0 1
vn 0 0 1
vn 0 0 1
vn 0 0 1
vn 0 0 1
vn 0 0 1
vn 0 0 1
vn 0 0 1
vn 0 0 1
vn 0 0 1
vn 0 0 1
vn 0 0 1
vn 0 0 1
vn 0 0 1
vn 0 0 1
vn 0 0 1
vn 0 0 1
vn 0 0 1
vn 0 0 1
vn 0 0 1
vn 0 0 1
vn 0 0 1
vn 0 0 1
vn 0 0 1
vn 0 0 1
vn 0 0 1
vn 0 0 1
vn 0 0 1
vn 0 0 1
vn 0 0 1
vn 0 0 1
vn 0 0 1
vn 0 0 1
vn 0 0 1
vn 0 0 1
vn 0 0 1
vn 0 0 1
vn 0 0 1
vn 0 0 1
vn 0 0 1
vn 0 0 1
vn 0 0 1
vn 0 0 1
vn 0 0 1
vn 0 0 1
vn 0 0 1
vn 0 0 1
vn 0 0 1
vn 0 0 1
vn 0 0 1
vn 0 0 1
vn 0 0 1
vn 0 0 1
vn 0 0 1
vn 0 0 1
vn 0 0 1
vn 0 0 1
vn 0 0 1
vn 0 0 1
vn 0 0 1
vn 0 0 1
vn 0 0 1
vn 0 0 1
vn 0 0 1
vn 0 0 1
vn 0 0 1
vn 0 0 1
vn 0 0 1
vn 0 0 1
vn 0 0 1
vn 0 0 1
vn 0 0 1
vn 0 0 1
vn 0 0 1
vn 0 0 1
vn 0 0 1
vn 0 0 1
vn 0 0 1
vn 0 0 1
vn 0 0 1
vn 0 0 1
vn 0 0 1
vn 0 0 1
vn 0 0 1
vn 0 0 1
vn 0 0 1
vn 0 0 1
vn 0 0 1
vn 0 0 1
vn 0 0 1
vn 0 0 1
vn 0 0 1
vn 0 0 1
vn 0 0 1
vn 0 0 1
vn 0 0 1
vn 0 0 1
vn 0 0 1
vn 0 0 1
vn 0 0 1
vn 0 0 1
vn 0 0 1
vn 0 0 1
vn 0 0 1
vn 0 0 1
vn 0 0 1
vn 0 0 1
vn 0 0 1
vn 0 0 1
vn 0 0 1
vn 0 0 1
vn 0 0 1
vn 0 0 1
vn 0 0 1
vn 0 0 1
vn 0 0 1
vn 0 0 1
vn 0 0 1
vn 0 0 1
vn 0 0 1
vn 0 0 1
vn 0 0 1
vn 0 0 1
vn 0 0 1
vn 0 0 1
vn 0 0 1
vn 0 0 1
vn 0 0 1
vn 0 0 1
vn 0 0 1
vn 0 0 1
vn 0 0 1
vn 0 0 1
vn 0 0 1
vn 0 0 1
vn 0 0 1
vn 0 0 1
vn 0 0 1
vn 0 0 1
vn 0 0 1
vn 0 0 1
vn 0 0 1
vn 0 0 1
vn 0 0 1
vn 0 0 1
vn 0 0 1
vn 0 0 1
vn 0 0 1
vn 0 0 1
vn 0 0 1
vn 0 0 1
vn 0 0 1
vn 0 0 1
vn 0 0 1
vn 0 0 1
vn 0 0 1
vn 0 0 1
vn 0 0 1
vn 0 0 1
vn 0 0 1
vn 0 0 1
vn 0 0 1
vn 0 0 1
vn 0 0 1
vn 0 0 1
vn 0 0 1
vn 0 0 1
vn 0 0 1
vn 0 0 1
vn 0 0 1
vn 0 0 1
vn 0 0 1
vn 0 0 1
vn 0 0 1
vn 0 0 1
vn 0 0 1
vn 0 0 1
vn 0 0 1
vn 0 0 1
vn 0 0 1
vn 0 0 1
vn 0 0 1
vn 0 0 1
vn 0 0 1
vn 0 0 1
vn 0 0 1
vn 0 0 1
vn 0 0 1
vn 0 0 1
vn 0 0 1
vn 0 0 1
vn 0 0 1
vn 0 0 1
vn 0 0 1
vn 0 0 1
vn 0 0 1
vn 0 0 1
vn 0 0 1
vn 0 0 1
vn 0 0 1
vn 0 0 1
vn 0 0 1
vn 0 0 1
vn 0 0 1
vn 0 0 1
vn 0 0 1
vn 0 0 1
vn 0 0 1
vn 0 0 1
vn 0 0 1
vn 0 0 1
vn 0 0 1
vn 0 0 1
vn 0 0 1
vn 0 0 1
vn 0 0 1
vn 0 0 1
vn 0 0 1
vn 0 0 1
vn 0 0 1
vn 0 0 1
vn 0 0 1
vn 0 0 1
vn 0 0 1
vn 0 0 1
vn 0 0 1
vn 0 0 1
vn 0 0 1
vn 0 0 1
vn 0 0 1
vn 0 0 1
vn 0 0 1
vn 0 0 1
vn 0 0 1
vn 0 0 1
vn 0 0 1
vn 0 0 1
vn 0 0 1
vn 0 0 1
vn 0 0 1
vn 0 0 1
vn 0 0 1
vn 0 0 1
vn 0 0 1
vn 0 0 1
vn 0 0 1
vn 0 0 1
vn 0 0 1
vn 0 0 1
vn 0 0 1
vn 0 0 1
vn 0 0 1
vn 0 0 1
vn 0 0 1
vn 0 0 1
vn 0 0 1
vn 0 0 1
vn 0 0 1
vn 0 0 1
vn 0 0 1
vn 0 0 1
vn 0 0 1
vn 0 0 1
vn 0 0 1
vn 0 0 1
vn 0 0 1
vn 0 0 1
vn 0 0 1
vn 0 0 1
vn 0 0 1
vn 0 0 1
vn 0 0 1
vn 0 0 1
vn 0 0 1
vn 0 0 1
vn 0 0 1
vn 0 0 1
vn 0 0 1
vn 0 0 1
vn 0 0 1
vn 0 0 1
vn 0 0 1
vn 0 0 1
vn 0 0 1
vn 0 0 1
vn 0 0 1
vn 0 0 1
vn 0 0 1
vn 0 0 1
vn 0 0 1
vn 0 0 1
vn 0 0 1
vn 0 0 1
vn 0 0 1
vn 0 0 1
vn 0 0 1
vn 0 0 1
vn 0 0 1
vn 0 0 1
vn 0 0 1
vn 0 0 1
vn 0 0 1
vn 0 0 1
vn 0 0 1
vn 0 0 1
vn 0 0 1
vn 0 0 1
vn 0 0 1
vn 0 0 1
vn 0 0 1
vn 0 0 1
vn 0 0 1
vn 0 0 1
vn 0 0 1
vn 0 0 1
vn 0 0 1
vn 0 0 1
vn 0 0 1
vn 0 0 1
vn 0 0 1
vn 0 0 1
vn 0 0 1
vn 0 0 1
vn 0 0 1
vn 0 0 1
vn 0 0 1
vn 0 0 1
vn 0 0 1
vn 0 0 1
vn 0 0 1
vn 0 0 1
vn 0 0 1
vn 0 0 1
vn 0 0 1
vn 0 0 1
vn 0 0 1
vn 0 0 1
vn 0 0 1
vn 0 0 1
vn 0 0 1
vn 0 0 1
vn 0 0 1
vn 0 0 1
vn 0 0 1
vn 0 0 1
vn 0 0 1
vn 0 0 1
vn 0 0 1
vn 0 1 0
vn 0 1 0
vn 0 1 0
vn 0 1 0
vn 0 1 0
vn 0 1 0
vn 0 1 0
vn 0 1 0
vn 0 1 0
vn 0 1 0
vn 0 1 0
vn 0 1 0
vn 0 1 0
vn 0 1 0
vn 0 1 0
vn 0 1 0
vn 1 0 0
vn 1 0 0
vn 1 0 0
vn 1 0 0
vn 1 0 0
vn 1 0 0
vn 1 0 0
vn 1 0 0
vn 0 -1 0
vn 0 -1 0
vn 0 -1 0
vn 0 -1 0
vn 0 -1 0
vn 0 -1 0
vn 0 -1 0
vn 0 -1 0
vn 0 -1 0
vn 0 -1 0
vn 0 -1 0
vn 0 -1 0
vn 0 -1 0
vn 0 -1 0
vn 0 -1 0
vn 0 -1 0
vn 0 -1 0
vn 0 -1 0
vn 0 -1 0
vn 0 -1 0
vn -1 0 0
vn -1 0 0
vn -1 0 0
vn -1 0 0
vn -1 0 0
vn -1 0 0
vn -1 0 0
vn -1 0 0
vn -1 0 0
vn -1 0 0
vn -1 0 0
vn -1 0 0
vn -1 0 0
vn -1 0 0
vn -1 0 0
vn 0 1 0
vn 0 1 0
vn 0 1 0
vn 0 1 0
vn 0 1 0
vn 0 1 0
vn 0 1 0
vn 0 1 0
vn 0 1 0
vn 0 1 0
vn 0 1 0
vn 0 1 0
vn 0 1 0
vn 0 1 0
vn 0 1 0
vn 0 1 0
vn 0 1 0
vn 0 1 0
vn 0 1 0
vn 0 1 0
vn 1 0 0
vn 1 0 0
vn 1 0 0
vn 1 0 0
vn 1 0 0
vn -0 -1 0
vn -0 -1 0
vn -0 -1 0
vn -0 -1 0
vn -0 -1 0
vn -0 -1 0
vn -0 -1 0
vn -0 -1 0
vn -0 -1 0
vn -0 -1 0
vn -0 -1 0
vn -0 -1 0
vn -0 -1 0
vn -0 -1 0
vn -0 -1 0
vn -0 -1 0
vn 1 0 0
vn 1 0 0
vn 1 0 0
vn 1 0 0
vn 1 0 0
vn 1 0 0
vn 1 0 0
vn 1 0 0
vn 1 0 0
vn 1 0 0
vn 0 0 -1
vn 0 0 -1
vn 0 0 -1
vn 0 0 -1
vn 0 0 -1
vn 0 0 -1
vn 0 0 -1
vn 0 0 -1
vn 0 0 -1
vn 0 0 -1
vn 0 0 -1
vn 0 0 -1
vn 0 0 -1
vn 0 0 1
vn 0 0 1
vn 0 0 1
vn 0 0 1
vn 0 0 1
vn 0 0 1
vn 0 0 1
vn 0 0 1
vn 0 0 1
vn 0 0 1
vn 0 0 1
vn 0 0 1
vn 0 0 1
vn 0 0 1
vn 0 0 1
vn 0 0 1
vn 0 0 1
vn 0 0 1
vn 0 0 1
vn 0 0 1
vn 0 0 1
vn 0 0 1
vn 0 0 1
vn 0 0 1
vn 0 0 1
vn -0.866025 -0.5 0
vn -0.866025 -0.5 0
vn -0.965925 -0.258819 0
vn -0.965925 -0.258819 0
vn -1 0 0
vn -1 0 0
vn -0.707106 -0.707106 0
vn -0.707106 -0.707106 0
vn -0.5 -0.866025 0
vn -0.5 -0.866025 0
vn -0.258819 -0.965925 0
vn -0.258819 -0.965925 0
vn 0 -1 0
vn 0 -1 0
vn 0.258819 -0.965925 0
vn 0.258819 -0.965925 0
vn 0.5 -0.866025 0
vn 0.5 -0.866025 0
vn 0.707106 -0.707106 0
vn 0.852638 -0.522501 0
vn 0.866025 -0.5 0
vn 0.866025 -0.5 0
vn 0.965925 -0.258819 0
vn 0.965925 -0.258819 0
vn 1 0 0
vn 1 0 0
vn 0.965925 0.258819 0
vn 0.965925 0.258819 0
vn 0.866025 0.5 0
vn 0.707106 0.707106 0
vn 0.707106 0.707106 0
vn 0.5 0.866025 0
vn 0.5 0.866025 0
vn 0.258819 0.965925 0
vn 0.258819 0.965925 0
vn -0 1 0
vn -0.707106 0.707106 0
vn -0.707106 0.707106 0
vn -0.866025 0.5 0
vn -0 1 0
vn -0.258819 0.965925 0
vn -0.258819 0.965925 0
vn -0.5 0.866025 0
vn -0.5 0.866025 0
vn -0.866025 0.5 0
vn -0.965925 0.258819 0
vn -0.965925 0.258819 0
vn 0.866025 0.5 0
vn 0.852638 0.522501 0
vn 0.707106 -0.707106 0
vn 0 0 1
vn 0 0 1
vn 0 0 1
vn 0 0 1
vn 0 0 1
vn 0 0 1
vn 0 0 1
vn 0 0 1
vn 0 0 1
vn 0 0 1
vn 0 0 1
vn 0 0 1
vn 0 0 1
vn 0 0 1
vn 0 0 1
vn 0 0 1
vn 0 0 1
vn 0 0 1
vn 0 0 1
vn 0 0 1
vn 0 0 1
vn 0 0 1
vn 0 0 1
vn 0 0 1
vn 0 0 1
vn 0.258819 -0.965925 0
vn 0.258819 -0.965925 0
vn 0 -1 0
vn 0 -1 0
vn -0.258819 -0.965925 0
vn -0.258819 -0.965925 0
vn -0.5 -0.866025 0
vn -0.5 -0.866025 0
vn -0.707106 -0.707106 0
vn -0.707106 -0.707106 0
vn -0.866025 -0.5 0
vn -0.866025 -0.5 0
vn -0.965925 -0.258819 0
vn -0.965925 -0.258819 0
vn -1 0 0
vn -1 0 0
vn 0.5 -0.866025 0
vn 0.5 -0.866025 0
vn 0.707106 -0.707106 0
vn 0.852638 -0.522501 0
vn 0.866025 -0.5 0
vn 0.866025 -0.5 0
vn 0.965925 -0.258819 0
vn 0.965925 -0.258819 0
vn 1 0 0
vn 1 0 0
vn 0.965925 0.258819 0
vn 0.965925 0.258819 0
vn 0.866025 0.5 0
vn 0.707106 0.707106 0
vn 0.707106 0.707106 0
vn 0.5 0.866025 0
vn 0.5 0.866025 0
vn 0.258819 0.965925 0
vn 0.258819 0.965925 0
vn -0 1 0
vn -0 1 0
vn -0.258819 0.965925 0
vn -0.258819 0.965925 0
vn -0.5 0.866025 0
vn -0.5 0.866025 0
vn -0.707106 0.707106 0
vn -0.707106 0.707106 0
vn -0.866025 0.5 0
vn -0.866025 0.5 0
vn -0.965925 0.258819 0
vn -0.965925 0.258819 0
vn 0.852638 0.522501 0
vn 0.866025 0.5 0
vn 0.707106 -0.707106 0
vn 0 0 1
vn 0 0 1
vn 0 0 1
vn 0 0 1
vn 0 0 1
vn 0 0 1
vn 0 0 1
vn 0 0 1
vn 0 0 1
vn 0 0 1
vn 0 0 1
vn 0 0 1
vn 0 0 1
vn 0 0 1
vn 0 0 1
vn 0 0 1
vn 0 0 1
vn 0 0 1
vn 0 0 1
vn 0 0 1
vn 0 0 1
vn 0 0 1
vn 0 0 1
vn 0 0 1
vn 0 0 1
vn -0.866025 0.5 0
vn -0.866025 0.5 0
vn -0.707106 0.707106 0
vn -0.707106 0.707106 0
vn -0.5 0.866025 0
vn -0.5 0.866025 0
vn -0.258819 0.965925 0
vn -0.258819 0.965925 0
vn -0 1 0
vn -0 1 0
vn 0.258819 0.965925 0
vn 0.258819 0.965925 0
vn 0.5 0.866025 0
vn 0.5 0.866025 0
vn 0.707106 0.707106 0
vn 0.866025 0.5 0
vn 0.866025 0.5 0
vn 0.852638 0.522501 0
vn 0.707106 0.707106 0
vn 0.965925 0.258819 0
vn 0.965925 0.258819 0
vn 1 0 0
vn 1 0 0
vn 0.965925 -0.258819 0
vn 0.965925 -0.258819 0
vn 0.866025 -0.5 0
vn 0.707106 -0.707106 0
vn 0.707106 -0.707106 0
vn 0.852638 -0.522501 0
vn 0.5 -0.866025 0
vn 0.5 -0.866025 0
vn 0.258819 -0.965925 0
vn 0.258819 -0.965925 0
vn 0 -1 0
vn 0 -1 0
vn -0.258819 -0.965925 0
vn -0.258819 -0.965925 0
vn -0.5 -0.866025 0
vn -0.5 -0.866025 0
vn -0.707106 -0.707106 0
vn -0.707106 -0.707106 0
vn -0.866025 -0.5 0
vn -0.866025 -0.5 0
vn -0.965925 -0.258819 0
vn -0.965925 -0.258819 0
vn -1 0 0
vn -1 0 0
vn -0.965925 0.258819 0
vn 0.866025 -0.5 0
vn -0.965925 0.258819 0
vn 0 0 1
vn 0 0 1
vn 0 0 1
vn 0 0 1
vn 0 0 1
vn 0 0 1
vn 0 0 1
vn 0 0 1
vn 0 0 1
vn 0 0 1
vn 0 0 1
vn 0 0 1
vn 0 0 1
vn 0 0 1
vn 0 0 1
vn 0 0 1
vn 0 0 1
vn 0 0 1
vn 0 0 1
vn 0 0 1
vn 0 0 1
vn 0 0 1
vn 0 0 1
vn 0 0 1
vn 0 0 1
vn 0.852638 0.522501 0
vn 0.707106 0.707106 0
vn 0.707106 0.707106 0
vn 0.866025 0.5 0
vn 0.866025 0.5 0
vn 0.965925 0.258819 0
vn 0.965925 0.258819 0
vn 1 0 0
vn 1 0 0
vn 0.965925 -0.258819 0
vn 0.965925 -0.258819 0
vn 0.866025 -0.5 0
vn 0.707106 -0.707106 0
vn 0.707106 -0.707106 0
vn 0.852638 -0.522501 0
vn 0.5 -0.866025 0
vn 0.5 -0.866025 0
vn 0.258819 -0.965925 0
vn 0.258819 -0.965925 0
vn 0 -1 0
vn 0 -1 0
vn -0.258819 -0.965925 0
vn -0.258819 -0.965925 0
vn -0.5 -0.866025 0
vn -0.5 -0.866025 0
vn -0.707106 -0.707106 0
vn -0.707106 -0.707106 0
vn -0.866025 -0.5 0
vn -0.866025 -0.5 0
vn -0.965925 -0.258819 0
vn -0.965925 -0.258819 0
vn -1 0 0
vn -1 0 0
vn 0.866025 -0.5 0
vn 0.5 0.866025 0
vn 0.5 0.866025 0
vn 0.258819 0.965925 0
vn 0.258819 0.965925 0
vn -0 1 0
vn -0 1 0
vn -0.258819 0.965925 0
vn -0.258819 0.965925 0
vn -0.5 0.866025 0
vn -0.5 0.866025 0
vn -0.707106 0.707106 0
vn -0.707106 0.707106 0
vn -0.866025 0.5 0
vn -0.866025 0.5 0
vn -0.965925 0.258819 0
vn -0.965925 0.258819 0
vn 0 0 1
vn 0 0 1
vn 0 0 1
vn 0 0 1
vn 0 0 1
vn 0 0 1
vn 0 0 1
vn 0 0 1
vn 0 0 1
vn 0 0 1
vn 0 0 1
vn 0 0 1
vn 0 0 1
vn 0 0 1
vn 0 0 1
vn 0 0 1
vn 0 0 1
vn 0 0 1
vn 0 0 1
vn 0 0 1
vn 0 0 1
vn 0 0 1
vn 0 0 1
vn 0 0 1
vn 0 0 1
vn 0.5 0.866025 0
vn 0.5 0.866025 0
vn 0.707106 0.707106 0
vn 0.852638 -0.522501 0
vn 0.866025 -0.5 0
vn 0.866025 -0.5 0
vn 0.965925 -0.258819 0
vn 0.965925 -0.258819 0
vn 1 0 0
vn 1 0 0
vn 0.965925 0.258819 0
vn 0.965925 0.258819 0
vn 0.866025 0.5 0
vn 0.258819 0.965925 0
vn 0.258819 0.965925 0
vn -0 1 0
vn 0.5 -0.866025 0
vn 0.5 -0.866025 0
vn 0.707106 -0.707106 0
vn -0 1 0
vn -0.258819 0.965925 0
vn -0.258819 0.965925 0
vn -0.5 0.866025 0
vn -0.5 0.866025 0
vn -0.707106 0.707106 0
vn -0.707106 0.707106 0
vn -0.866025 0.5 0
vn -0.866025 0.5 0
vn -0.965925 0.258819 0
vn 0.707106 0.707106 0
vn 0 -1 0
vn 0 -1 0
vn -0.258819 -0.965925 0
vn 0.258819 -0.965925 0
vn 0.258819 -0.965925 0
vn -0.258819 -0.965925 0
vn -0.5 -0.866025 0
vn -0.5 -0.866025 0
vn 0.866025 0.5 0
vn 0.852638 0.522501 0
vn -0.707106 -0.707106 0
vn -0.707106 -0.707106 0
vn -0.866025 -0.5 0
vn -0.866025 -0.5 0
vn -0.965925 -0.258819 0
vn -0.965925 -0.258819 0
vn -0.965925 0.258819 0
vn -1 0 0
vn -1 0 0
vn 0.707106 -0.707106 0
vn 0 0 1
vn 0 0 1
vn 0 0 1
vn 0 0 1
vn 0 0 1
vn 0 0 1
vn 0 0 1
vn 0 0 1
vn 0 0 1
vn 0 0 1
vn 0 0 1
vn 0 0 1
vn 0 0 1
vn 0 0 1
vn 0 0 1
vn 0 0 1
vn 0 0 1
vn 0 0 1
vn 0 0 1
vn 0 0 1
vn 0 0 1
vn 0 0 1
vn 0 0 1
vn 0 0 1
vn 0 0 1
vn 0.5 -0.866025 0
vn 0.5 -0.866025 0
vn 0.258819 -0.965925 0
vn 0.852638 0.522501 0
vn 0.707106 0.707106 0
vn 0.707106 0.707106 0
vn 0.866025 0.5 0
vn 0.866025 0.5 0
vn 0.5 0.866025 0
vn 0.5 0.866025 0
vn 0.258819 0.965925 0
vn 0.258819 0.965925 0
vn -0 1 0
vn -0 1 0
vn -0.258819 0.965925 0
vn -0.258819 0.965925 0
vn -0.5 0.866025 0
vn -0.5 0.866025 0
vn 0.965925 -0.258819 0
vn 0.965925 -0.258819 0
vn 1 0 0
vn -0.866025 0.5 0
vn -0.866025 0.5 0
vn -0.707106 0.707106 0
vn -0.965925 0.258819 0
vn -0.965925 0.258819 0
vn 0.965925 0.258819 0
vn 0.965925 0.258819 0
vn 1 0 0
vn 0.866025 -0.5 0
vn 0.707106 -0.707106 0
vn 0.707106 -0.707106 0
vn 0.852638 -0.522501 0
vn -1 0 0
vn -1 0 0
vn 0.258819 -0.965925 0
vn 0 -1 0
vn 0 -1 0
vn -0.258819 -0.965925 0
vn -0.258819 -0.965925 0
vn -0.5 -0.866025 0
vn -0.5 -0.866025 0
vn -0.707106 -0.707106 0
vn -0.707106 -0.707106 0
vn -0.866025 -0.5 0
vn -0.866025 -0.5 0
vn -0.965925 -0.258819 0
vn -0.965925 -0.258819 0
vn -0.707106 0.707106 0
vn 0.866025 -0.5 0
vn 0 0 1
vn 0 0 1
vn 0 0 1
vn 0 0 1
vn 0 0 1
vn 0 0 1
vn 0 0 1
vn 0 0 1
vn 0 0 1
vn 0 0 1
vn 0 0 1
vn 0 0 1
vn 0 0 1
vn 0 0 1
vn 0 0 1
vn 0 0 1
vn 0 0 1
vn 0 0 1
vn 0 0 1
vn 0 0 1
vn 0 0 1
vn 0 0 1
vn 0 0 1
vn 0 0 1
vn 0 0 1
vn -0.5 -0.866025 0
vn -0.5 -0.866025 0
vn -0.258819 -0.965925 0
vn -0.258819 -0.965925 0
vn 0 -1 0
vn 0 -1 0
vn 0.258819 -0.965925 0
vn 0.258819 -0.965925 0
vn 0.5 -0.866025 0
vn 0.5 -0.866025 0
vn 0.707106 -0.707106 0
vn 0.707106 -0.707106 0
vn 0.866025 -0.5 0
vn 0.866025 -0.5 0
vn 0.965925 -0.258819 0
vn 0.965925 -0.258819 0
vn 1 0 0
vn 1 0 0
vn 0.965925 0.258819 0
vn 0.965925 0.258819 0
vn 0.866025 0.5 0
vn 0.866025 0.5 0
vn 0.707106 0.707106 0
vn 0.707106 0.707106 0
vn 0.5 0.866025 0
vn 0.5 0.866025 0
vn 0.258819 0.965925 0
vn 0.258819 0.965925 0
vn -0 1 0
vn -0 1 0
vn -0.258819 0.965925 0
vn -0.258819 0.965925 0
vn -0.5 0.866025 0
vn -0.5 0.866025 0
vn -0.707106 0.707106 0
vn -0.707106 0.707106 0
vn -0.866025 0.5 0
vn -0.866025 0.5 0
vn -0.965925 0.258819 0
vn -0.965925 0.258819 0
vn -1 0 0
vn -1 0 0
vn -0.707106 -0.707106 0
vn -0.707106 -0.707106 0
vn -0.866025 -0.5 0
vn -0.866025 -0.5 0
vn -0.965925 -0.258819 0
vn -0.965925 -0.258819 0
vn 0 0 1
vn 0 0 1
vn 0 0 1
vn 0 0 1
vn 0 0 1
vn 0 0 1
vn 0 0 1
vn 0 0 1
vn 0 0 1
vn 0 0 1
vn 0 0 1
vn 0 0 1
vn 0 0 1
vn 0 0 1
vn 0 0 1
vn 0 0 1
vn 0 0 1
vn 0 0 1
vn 0 0 1
vn 0 0 1
vn 0 0 1
vn 0 0 1
vn 0 0 1
vn 0 0 1
vn 0 0 1
vn 0 -1 0
vn 0 -1 0
vn 0.258819 -0.965925 0
vn 0.258819 -0.965925 0
vn 0.5 -0.866025 0
vn 0.5 -0.866025 0
vn 0.707106 -0.707106 0
vn 1 0 0
vn 1 0 0
vn 0.965925 0.258819 0
vn 0.707106 -0.707106 0
vn 0.866025 -0.5 0
vn 0.866025 -0.5 0
vn 0.965925 -0.258819 0
vn 0.965925 0.258819 0
vn 0.866025 0.5 0
vn 0.965925 -0.258819 0
vn -0.965925 0.258819 0
vn -0.965925 0.258819 0
vn -1 0 0
vn -0.866025 0.5 0
vn -0.866025 0.5 0
vn -0.707106 0.707106 0
vn -0.707106 0.707106 0
vn -0.5 0.866025 0
vn -0.5 0.866025 0
vn -0.258819 0.965925 0
vn -0.258819 0.965925 0
vn -0 1 0
vn -0 1 0
vn 0.258819 0.965925 0
vn 0.258819 0.965925 0
vn 0.5 0.866025 0
vn 0.5 0.866025 0
vn 0.707106 0.707106 0
vn 0.707106 0.707106 0
vn 0.866025 0.5 0
vn -0.258819 -0.965925 0
vn -0.258819 -0.965925 0
vn -0.5 -0.866025 0
vn -0.5 -0.866025 0
vn -0.707106 -0.707106 0
vn -0.707106 -0.707106 0
vn -0.866025 -0.5 0
vn -0.866025 -0.5 0
vn -0.965925 -0.258819 0
vn -0.965925 -0.258819 0
vn -1 0 0
vn 0 0 1
vn 0 0 1
vn 0 0 1
vn 0 0 1
vn 0 0 1
vn 0 0 1
vn 0 0 1
vn 0 0 1
vn 0 0 1
vn 0 0 1
vn 0 0 1
vn 0 0 1
vn 0 0 1
vn 0 0 1
vn 0 0 1
vn 0 0 1
vn 0 0 1
vn 0 0 1
vn 0 0 1
vn 0 0 1
vn 0 0 1
vn 0 0 1
vn 0 0 1
vn 0 0 1
vn 0 0 1
vn 0.866025 -0.5 0
vn 0.866025 -0.5 0
vn 0.707106 -0.707106 0
vn 0.965925 -0.258819 0
vn 0.965925 -0.258819 0
vn 1 0 0
vn 1 0 0
vn 0.965925 0.258819 0
vn 0.965925 0.258819 0
vn 0.866025 0.5 0
vn 0.866025 0.5 0
vn 0.5 0.866025 0
vn 0.5 0.866025 0
vn 0.707106 0.707106 0
vn 0.258819 0.965925 0
vn 0.258819 0.965925 0
vn -0 1 0
vn -0 1 0
vn -0.258819 0.965925 0
vn -0.258819 0.965925 0
vn -0.707106 0.707106 0
vn -0.707106 0.707106 0
vn -0.5 0.866025 0
vn -0.866025 0.5 0
vn -0.866025 0.5 0
vn -0.965925 0.258819 0
vn -0.965925 0.258819 0
vn -1 0 0
vn -1 0 0
vn 0.707106 0.707106 0
vn -0.5 0.866025 0
vn -0.965925 -0.258819 0
vn -0.965925 -0.258819 0
vn -0.866025 -0.5 0
vn -0.866025 -0.5 0
vn -0.707106 -0.707106 0
vn -0.707106 -0.707106 0
vn -0.5 -0.866025 0
vn -0.5 -0.866025 0
vn -0.258819 -0.965925 0
vn -0.258819 -0.965925 0
vn 0 -1 0
vn 0 -1 0
vn 0.258819 -0.965925 0
vn 0.258819 -0.965925 0
vn 0.5 -0.866025 0
vn 0.5 -0.866025 0
vn 0.707106 -0.707106 0
vn 0 0 1
vn 0 0 1
vn 0 0 1
vn 0 0 1
vn 0 0 1
vn 0 0 1
vn 0 0 1
vn 0 0 1
vn 0 0 1
vn 0 0 1
vn 0 0 1
vn 0 0 1
vn 0 0 1
vn 0 0 1
vn 0 0 1
vn 0 0 1
vn 0 0 1
vn 0 0 1
vn 0 0 1
vn 0 0 1
vn 0 0 1
vn 0 0 1
vn 0 0 1
vn 0 0 1
vn 0 0 1
vn -0.258819 0.965925 0
vn -0.258819 0.965925 0
vn -0 1 0
vn -0 1 0
vn 0.258819 0.965925 0
vn 0.258819 0.965925 0
vn 0.5 0.866025 0
vn 0.5 0.866025 0
vn 0.707106 0.707106 0
vn 0.707106 0.707106 0
vn 0.866025 0.5 0
vn 0.866025 0.5 0
vn 0.965925 0.258819 0
vn 0.965925 0.258819 0
vn 1 0 0
vn 1 0 0
vn 0.965925 -0.258819 0
vn 0.965925 -0.258819 0
vn 0.866025 -0.5 0
vn 0.866025 -0.5 0
vn 0.707106 -0.707106 0
vn 0.707106 -0.707106 0
vn 0.5 -0.866025 0
vn 0.5 -0.866025 0
vn 0.258819 -0.965925 0
vn 0.258819 -0.965925 0
vn 0 -1 0
vn 0 -1 0
vn -0.258819 -0.965925 0
vn -0.258819 -0.965925 0
vn -0.5 -0.866025 0
vn -0.5 -0.866025 0
vn -0.707106 -0.707106 0
vn -0.707106 -0.707106 0
vn -0.866025 -0.5 0
vn -0.866025 -0.5 0
vn -0.965925 -0.258819 0
vn -0.965925 -0.258819 0
vn -1 0 0
vn -1 0 0
vn -0.5 0.866025 0
vn -0.5 0.866025 0
vn -0.707106 0.707106 0
vn -0.707106 0.707106 0
vn -0.866025 0.5 0
vn -0.866025 0.5 0
vn -0.965925 0.258819 0
vn -0.965925 0.258819 0
vn 0 0 1
vn 0 0 1
vn 0 0 1
vn 0 0 1
vn 0 0 1
vn 0 0 1
vn 0 0 1
vn 0 0 1
vn 0 0 1
vn 0 0 1
vn 0 0 1
vn 0 0 1
vn 0 0 1
vn 0 0 1
vn 0 0 1
vn 0 0 1
vn 0 0 1
vn 0 0 1
vn 0 0 1
vn 0 0 1
vn 0 0 1
vn 0 0 1
vn 0 0 1
vn 0 0 1
vn 0 0 1
vn -0.965925 -0.258819 0
vn -0.965925 -0.258819 0
vn -1 0 0
vn -1 0 0
vn -0.866025 -0.5 0
vn -0.866025 -0.5 0
vn -0.707106 -0.707106 0
vn -0.707106 -0.707106 0
vn -0.5 -0.866025 0
vn -0.5 -0.866025 0
vn -0.258819 -0.965925 0
vn -0.258819 -0.965925 0
vn 0 -1 0
vn 0 -1 0
vn 0.258819 -0.965925 0
vn 0.258819 -0.965925 0
vn 0.5 -0.866025 0
vn 0.5 -0.866025 0
vn 0.707106 -0.707106 0
vn 0.707106 -0.707106 0
vn 0.866025 -0.5 0
vn 0.866025 -0.5 0
vn 0.965925 -0.258819 0
vn 0.965925 -0.258819 0
vn 1 0 0
vn 0.965925 0.258819 0
vn 0.965925 0.258819 0
vn 0.866025 0.5 0
vn 0.866025 0.5 0
vn 0.707106 0.707106 0
vn 0.707106 0.707106 0
vn 0.5 0.866025 0
vn 0.5 0.866025 0
vn 0.258819 0.965925 0
vn 0.258819 0.965925 0
vn -0 1 0
vn -0 1 0
vn -0.258819 0.965925 0
vn -0.258819 0.965925 0
vn -0.5 0.866025 0
vn -0.5 0.866025 0
vn -0.707106 0.707106 0
vn -0.707106 0.707106 0
vn -0.866025 0.5 0
vn -0.866025 0.5 0
vn -0.965925 0.258819 0
vn -0.965925 0.258819 0
vn 1 0 0
vn 0 0 1
vn 0 0 1
vn 0 0 1
vn 0 0 1
vn 0 0 1
vn 0 0 1
vn 0 0 1
vn 0 0 1
vn 0 0 1
vn 0 0 1
vn 0 0 1
vn 0 0 1
vn 0 0 1
vn 0 0 1
vn 0 0 1
vn 0 0 1
vn 0 0 1
vn 0 0 1
vn 0 0 1
vn 0 0 1
vn 0 0 1
vn 0 0 1
vn 0 0 1
vn 0 0 1
vn 0 0 1
vn 1 0 0
vn 1 0 0
vn 0.965925 -0.258819 0
vn 0.965925 0.258819 0
vn 0.965925 0.258819 0
vn 0.866025 0.5 0
vn 0.866025 0.5 0
vn 0.707106 0.707106 0
vn 0.707106 0.707106 0
vn 0.5 0.866025 0
vn 0.5 0.866025 0
vn 0.258819 0.965925 0
vn 0.258819 0.965925 0
vn -0 1 0
vn -0 1 0
vn -0.258819 0.965925 0
vn -0.258819 0.965925 0
vn -0.5 0.866025 0
vn -0.5 0.866025 0
vn -0.707106 0.707106 0
vn -0.707106 0.707106 0
vn -0.866025 0.5 0
vn -0.866025 0.5 0
vn -0.965925 0.258819 0
vn -0.965925 0.258819 0
vn -1 0 0
vn -1 0 0
vn 0.258819 -0.965925 0
vn 0.258819 -0.965925 0
vn 0 -1 0
vn 0.965925 -0.258819 0
vn 0.866025 -0.5 0
vn 0.866025 -0.5 0
vn 0.707106 -0.707106 0
vn 0.707106 -0.707106 0
vn 0.5 -0.866025 0
vn 0.5 -0.866025 0
vn 0 -1 0
vn -0.258819 -0.965925 0
vn -0.258819 -0.965925 0
vn -0.5 -0.866025 0
vn -0.5 -0.866025 0
vn -0.707106 -0.707106 0
vn -0.707106 -0.707106 0
vn -0.866025 -0.5 0
vn -0.866025 -0.5 0
vn -0.965925 -0.258819 0
vn -0.965925 -0.258819 0
vn 0 0 1
vn 0 0 1
vn 0 0 1
vn 0 0 1
vn 0 0 1
vn 0 0 1
vn 0 0 1
vn 0 0 1
vn 0 0 1
vn 0 0 1
vn 0 0 1
vn 0 0 1
vn 0 0 1
vn 0 0 1
vn 0 0 1
vn 0 0 1
vn 0 0 1
vn 0 0 1
vn 0 0 1
vn 0 0 1
vn 0 0 1
vn 0 0 1
vn 0 0 1
vn 0 0 1
vn 0 0 1
vn 0.866025 0.5 0
vn 0.866025 0.5 0
vn 0.965925 0.258819 0
vn 0.707106 0.707106 0
vn 0.707106 0.707106 0
vn 0.5 0.866025 0
vn 0.5 0.866025 0
vn 0.258819 0.965925 0
vn 0.258819 0.965925 0
vn -0 1 0
vn -0 1 0
vn -0.258819 0.965925 0
vn -0.258819 0.965925 0
vn -0.5 0.866025 0
vn -0.5 0.866025 0
vn 0.707106 -0.707106 0
vn 0.707106 -0.707106 0
vn 0.866025 -0.5 0
vn -0.707106 0.707106 0
vn -0.707106 0.707106 0
vn -0.866025 0.5 0
vn -0.866025 0.5 0
vn -0.965925 0.258819 0
vn -0.965925 0.258819 0
vn -1 0 0
vn -1 0 0
vn 0.5 -0.866025 0
vn 0.5 -0.866025 0
vn 0.258819 -0.965925 0
vn 0.866025 -0.5 0
vn -0.866025 -0.5 0
vn -0.866025 -0.5 0
vn -0.965925 -0.258819 0
vn 0.965925 -0.258819 0
vn 0.965925 -0.258819 0
vn 1 0 0
vn 1 0 0
vn 0.965925 0.258819 0
vn 0.258819 -0.965925 0
vn 0 -1 0
vn 0 -1 0
vn -0.258819 -0.965925 0
vn -0.258819 -0.965925 0
vn -0.5 -0.866025 0
vn -0.5 -0.866025 0
vn -0.707106 -0.707106 0
vn -0.707106 -0.707106 0
vn -0.965925 -0.258819 0
vn 0 0 1
vn 0 0 1
vn 0 0 1
vn 0 0 1
vn 0 0 1
vn 0 0 1
vn 0 0 1
vn 0 0 1
vn 0 0 1
vn 0 0 1
vn 0 0 1
vn 0 0 1
vn 0 0 1
vn 0 0 1
vn 0 0 1
vn 0 0 1
vn 0 0 1
vn 0 0 1
vn 0 0 1
vn 0 0 1
vn 0 0 1
vn 0 0 1
vn 0 0 1
vn 0 0 1
vn 0 0 1
vn 0.707106 0.707106 0
vn 0.707106 0.707106 0
vn 0.866025 0.5 0
vn 0.866025 0.5 0
vn 0.965925 0.258819 0
vn 0.965925 0.258819 0
vn 1 0 0
vn 0.965925 -0.258819 0
vn 0.965925 -0.258819 0
vn 0.866025 -0.5 0
vn 0.866025 -0.5 0
vn 0.707106 -0.707106 0
vn 0.707106 -0.707106 0
vn 0.5 -0.866025 0
vn 0.5 -0.866025 0
vn 0.258819 -0.965925 0
vn 0.258819 -0.965925 0
vn 0 -1 0
vn 0 -1 0
vn -0.258819 -0.965925 0
vn -0.258819 -0.965925 0
vn -0.5 -0.866025 0
vn -0.5 -0.866025 0
vn -0.707106 -0.707106 0
vn -0.866025 -0.5 0
vn -0.866025 -0.5 0
vn -0.852638 -0.522501 0
vn -0.707106 -0.707106 0
vn -0.965925 -0.258819 0
vn -0.965925 -0.258819 0
vn -1 0 0
vn -1 0 0
vn 1 0 0
vn 0.5 0.866025 0
vn 0.5 0.866025 0
vn 0.258819 0.965925 0
vn 0.258819 0.965925 0
vn -0 1 0
vn -0 1 0
vn -0.258819 0.965925 0
vn -0.258819 0.965925 0
vn -0.5 0.866025 0
vn -0.5 0.866025 0
vn -0.707106 0.707106 0
vn -0.965925 0.258819 0
vn -0.965925 0.258819 0
vn -0.866025 0.5 0
vn -0.707106 0.707106 0
vn -0.852638 0.522501 0
vn -0.866025 0.5 0
vn 0 0 1
vn 0 0 1
vn 0 0 1
vn 0 0 1
vn 0 0 1
vn 0 0 1
vn 0 0 1
vn 0 0 1
vn 0 0 1
vn 0 0 1
vn 0 0 1
vn 0 0 1
vn 0 0 1
vn 0 0 1
vn 0 0 1
vn 0 0 1
vn 0 0 1
vn 0 0 1
vn 0 0 1
vn 0 0 1
vn 0 0 1
vn 0 0 1
vn 0 0 1
vn 0 0 1
vn 0 0 1
vn -0.5 -0.866025 0
vn -0.5 -0.866025 0
vn -0.258819 -0.965925 0
vn -0.258819 -0.965925 0
vn 0 -1 0
vn 0 -1 0
vn 0.258819 -0.965925 0
vn 0.258819 -0.965925 0
vn 0.5 -0.866025 0
vn 0.5 -0.866025 0
vn 0.707106 -0.707106 0
vn 0.707106 -0.707106 0
vn 0.866025 -0.5 0
vn 0.866025 -0.5 0
vn 0.965925 -0.258819 0
vn 0.965925 -0.258819 0
vn 1 0 0
vn 1 0 0
vn 0.965925 0.258819 0
vn 0.965925 0.258819 0
vn 0.866025 0.5 0
vn 0.866025 0.5 0
vn 0.707106 0.707106 0
vn 0.707106 0.707106 0
vn 0.5 0.866025 0
vn 0.5 0.866025 0
vn 0.258819 0.965925 0
vn 0.258819 0.965925 0
vn -0 1 0
vn -0 1 0
vn -0.258819 0.965925 0
vn -0.258819 0.965925 0
vn -0.5 0.866025 0
vn -0.5 0.866025 0
vn -0.707106 0.707106 0
vn -0.707106 0.707106 0
vn -0.866025 0.5 0
vn -0.866025 0.5 0
vn -0.965925 0.258819 0
vn -0.965925 0.258819 0
vn -1 0 0
vn -1 0 0
vn -0.707106 -0.707106 0
vn -0.707106 -0.707106 0
vn -0.866025 -0.5 0
vn -0.866025 -0.5 0
vn -0.965925 -0.258819 0
vn -0.965925 -0.258819 0
vn 0 0 1
vn 0 0 1
vn 0 0 1
vn 0 0 1
vn 0 0 1
vn 0 0 1
vn 0 0 1
vn 0 0 1
vn 0 0 1
vn 0 0 1
vn 0 0 1
vn 0 0 1
vn 0 0 1
vn 0 0 1
vn 0 0 1
vn 0 0 1
vn 0 0 1
vn 0 0 1
vn 0 0 1
vn 0 0 1
vn 0 0 1
vn 0 0 1
vn 0 0 1
vn 0 0 1
vn 0 0 1
vn 0 -1 0
vn 0 -1 0
vn 0.258819 -0.965925 0
vn 0.258819 -0.965925 0
vn 0.5 -0.866025 0
vn 0.5 -0.866025 0
vn 0.707106 -0.707106 0
vn 0.707106 -0.707106 0
vn 0.866025 -0.5 0
vn 0.866025 -0.5 0
vn 0.965925 -0.258819 0
vn 0.965925 -0.258819 0
vn 1 0 0
vn 1 0 0
vn 0.965925 0.258819 0
vn 0.965925 0.258819 0
vn 0.866025 0.5 0
vn 0.866025 0.5 0
vn 0.707106 0.707106 0
vn 0.707106 0.707106 0
vn 0.5 0.866025 0
vn 0.5 0.866025 0
vn 0.258819 0.965925 0
vn 0.258819 0.965925 0
vn -0 1 0
vn -0.866025 -0.5 0
vn -0.866025 -0.5 0
vn -0.965925 -0.258819 0
vn -0.965925 -0.258819 0
vn -1 0 0
vn -1 0 0
vn -0.965925 0.258819 0
vn -0.965925 0.258819 0
vn -0.866025 0.5 0
vn -0.707106 -0.707106 0
vn -0.707106 -0.707106 0
vn -0.5 -0.866025 0
vn -0.5 -0.866025 0
vn -0.258819 -0.965925 0
vn -0.258819 -0.965925 0
vn -0 1 0
vn -0.258819 0.965925 0
vn -0.866025 0.5 0
vn -0.707106 0.707106 0
vn -0.707106 0.707106 0
vn -0.5 0.866025 0
vn -0.5 0.866025 0
vn -0.258819 0.965925 0
vn 0 0 1
vn 0 0 1
vn 0 0 1
vn 0 0 1
vn 0 0 1
vn 0 0 1
vn 0 0 1
vn 0 0 1
vn 0 0 1
vn 0 0 1
vn 0 0 1
vn 0 0 1
vn 0 0 1
vn 0 0 1
vn 0 0 1
vn 0 0 1
vn 0 0 1
vn 0 0 1
vn 0 0 1
vn 0 0 1
vn 0 0 1
vn 0 0 1
vn 0 0 1
vn 0 0 1
vn 0 0 1
vn 0.965925 -0.258819 0
vn 0.965925 -0.258819 0
vn 1 0 0
vn 1 0 0
vn 0.965925 0.258819 0
vn 0.965925 0.258819 0
vn 0.866025 0.5 0
vn 0.866025 0.5 0
vn 0.707106 0.707106 0
vn 0.707106 0.707106 0
vn 0.5 0.866025 0
vn 0.5 0.866025 0
vn 0.258819 0.965925 0
vn 0.258819 0.965925 0
vn -0 1 0
vn -0 1 0
vn -0.258819 0.965925 0
vn -0.5 0.866025 0
vn -0.5 0.866025 0
vn -0.707106 0.707106 0
vn -0.707106 0.707106 0
vn -0.866025 0.5 0
vn -0.866025 0.5 0
vn -0.965925 0.258819 0
vn -0.965925 0.258819 0
vn -1 0 0
vn -0.866025 -0.5 0
vn -0.866025 -0.5 0
vn -0.965925 -0.258819 0
vn -0.258819 0.965925 0
vn -1 0 0
vn 0.866025 -0.5 0
vn 0.866025 -0.5 0
vn 0.707106 -0.707106 0
vn 0.707106 -0.707106 0
vn 0.5 -0.866025 0
vn 0.5 -0.866025 0
vn 0.258819 -0.965925 0
vn 0.258819 -0.965925 0
vn 0 -1 0
vn 0 -1 0
vn -0.258819 -0.965925 0
vn -0.258819 -0.965925 0
vn -0.5 -0.866025 0
vn -0.5 -0.866025 0
vn -0.707106 -0.707106 0
vn -0.707106 -0.707106 0
vn -0.965925 -0.258819 0
vn 0 0 1
vn 0 0 1
vn 0 0 1
vn 0 0 1
vn 0 0 1
vn 0 0 1
vn 0 0 1
vn 0 0 1
vn 0 0 1
vn 0 0 1
vn 0 0 1
vn 0 0 1
vn 0 0 1
vn 0 0 1
vn 0 0 1
vn 0 0 1
vn 0 0 1
vn 0 0 1
vn 0 0 1
vn 0 0 1
vn 0 0 1
vn 0 0 1
vn 0 0 1
vn 0 0 1
vn 0 0 1
vn -0.258819 0.965925 0
vn -0.258819 0.965925 0
vn -0 1 0
vn -0 1 0
vn 0.258819 0.965925 0
vn 0.258819 0.965925 0
vn 0.5 0.866025 0
vn 0.5 0.866025 0
vn 0.707106 0.707106 0
vn 0.707106 0.707106 0
vn 0.866025 0.5 0
vn 0.866025 0.5 0
vn 0.965925 0.258819 0
vn 0.965925 0.258819 0
vn 1 0 0
vn 1 0 0
vn 0.965925 -0.258819 0
vn 0.866025 -0.5 0
vn 0.866025 -0.5 0
vn 0.707106 -0.707106 0
vn 0.707106 -0.707106 0
vn 0.5 -0.866025 0
vn 0.965925 -0.258819 0
vn -0.965925 0.258819 0
vn -0.965925 0.258819 0
vn -1 0 0
vn -0.866025 0.5 0
vn -0.866025 0.5 0
vn -0.707106 0.707106 0
vn -0.707106 0.707106 0
vn -0.5 0.866025 0
vn -0.5 0.866025 0
vn 0.258819 -0.965925 0
vn 0.258819 -0.965925 0
vn 0.5 -0.866025 0
vn 0 -1 0
vn 0 -1 0
vn -0.258819 -0.965925 0
vn -0.258819 -0.965925 0
vn -0.5 -0.866025 0
vn -0.5 -0.866025 0
vn -0.707106 -0.707106 0
vn -0.707106 -0.707106 0
vn -0.866025 -0.5 0
vn -0.866025 -0.5 0
vn -0.965925 -0.258819 0
vn -0.965925 -0.258819 0
vn -1 0 0
usemtl App4
f 1053//1053 1054//1054 1055//1055
f 1056//1056 1053//1053 1055//1055
f 1057//1057 1056//1056 1055//1055
f 1058//1058 1057//1057 1055//1055
f 1059//1059 1058//1058 1055//1055
f 1060//1060 1061//1061 1055//1055
f 1062//1062 1063//1063 1055//1055
f 1064//1064 1062//1062 1055//1055
f 1054//1054 1064//1064 1055//1055
f 1065//1065 1066//1066 1055//1055
f 1067//1067 1065//1065 1055//1055
f 1068//1068 1067//1067 1055//1055
f 1069//1069 1059//1059 1055//1055
f 1070//1070 1068//1068 1055//1055
f 1071//1071 1070//1070 1055//1055
f 1072//1072 1071//1071 1055//1055
f 1061//1061 1072//1072 1055//1055
f 1073//1073 1060//1060 1055//1055
f 1074//1074 1073//1073 1055//1055
f 1075//1075 1074//1074 1055//1055
f 1076//1076 1075//1075 1055//1055
f 1077//1077 1076//1076 1055//1055
f 1063//1063 1077//1077 1055//1055
f 1055//1055 1066//1066 1069//1069
f 1128//1128 1129//1129 1130//1130
f 1129//1129 1131//1131 1130//1130
f 1131//1131 1132//1132 1130//1130
f 1130//1130 1132//1132 1133//1133
f 1133//1133 1134//1134 1130//1130
f 1134//1134 1135//1135 1130//1130
f 1135//1135 1136//1136 1130//1130
f 1136//1136 1137//1137 1130//1130
f 1137//1137 1138//1138 1130//1130
f 1138//1138 1139//1139 1130//1130
f 1139//1139 1140//1140 1130//1130
f 1140//1140 1141//1141 1130//1130
f 1141//1141 1142//1142 1130//1130
f 1142//1142 1143//1143 1130//1130
f 1143//1143 1144//1144 1130//1130
f 1144//1144 1145//1145 1130//1130
f 1145//1145 1146//1146 1130//1130
f 1146//1146 1147//1147 1130//1130
f 1147//1147 1148//1148 1130//1130
f 1148//1148 1149//1149 1130//1130
f 1149//1149 1150//1150 1130//1130
f 1150//1150 1151//1151 1130//1130
f 1151//1151 1152//1152 1130//1130
f 1152//1152 1128//1128 1130//1130
f 1203//1203 1204//1204 1205//1205
f 1206//1206 1203//1203 1205//1205
f 1207//1207 1206//1206 1205//1205
f 1208//1208 1207//1207 1205//1205
f 1209//1209 1208//1208 1205//1205
f 1210//1210 1209//1209 1205//1205
f 1211//1211 1210//1210 1205//1205
f 1212//1212 1211//1211 1205//1205
f 1213//1213 1212//1212 1205//1205
f 1214//1214 1213//1213 1205//1205
f 1215//1215 1216//1216 1205//1205
f 1217//1217 1215//1215 1205//1205
f 1218//1218 1219//1219 1205//1205
f 1205//1205 1220//1220 1214//1214
f 1221//1221 1217//1217 1205//1205
f 1222//1222 1221//1221 1205//1205
f 1223//1223 1222//1222 1205//1205
f 1224//1224 1223//1223 1205//1205
f 1225//1225 1224//1224 1205//1205
f 1226//1226 1225//1225 1205//1205
f 1227//1227 1226//1226 1205//1205
f 1219//1219 1227//1227 1205//1205
f 1204//1204 1218//1218 1205//1205
f 1216//1216 1220//1220 1205//1205
f 1278//1278 1279//1279 1280//1280
f 1279//1279 1281//1281 1280//1280
f 1281//1281 1282//1282 1280//1280
f 1282//1282 1283//1283 1280//1280
f 1283//1283 1284//1284 1280//1280
f 1284//1284 1285//1285 1280//1280
f 1285//1285 1286//1286 1280//1280
f 1286//1286 1287//1287 1280//1280
f 1287//1287 1288//1288 1280//1280
f 1288//1288 1289//1289 1280//1280
f 1289//1289 1290//1290 1280//1280
f 1291//1291 1292//1292 1280//1280
f 1290//1290 1293//1293 1280//1280
f 1293//1293 1294//1294 1280//1280
f 1294//1294 1295//1295 1280//1280
f 1295//1295 1296//1296 1280//1280
f 1296//1296 1297//1297 1280//1280
f 1297//1297 1298//1298 1280//1280
f 1298//1298 1299//1299 1280//1280
f 1299//1299 1300//1300 1280//1280
f 1292//1292 1301//1301 1280//1280
f 1301//1301 1302//1302 1280//1280
f 1280//1280 1302//1302 1278//1278
f 1300//1300 1291//1291 1280//1280
f 1353//1353 1354//1354 1355//1355
f 1356//1356 1357//1357 1355//1355
f 1355//1355 1358//1358 1359//1359
f 1359//1359 1360//1360 1355//1355
f 1360//1360 1361//1361 1355//1355
f 1361//1361 1353//1353 1355//1355
f 1354//1354 1362//1362 1355//1355
f 1362//1362 1363//1363 1355//1355
f 1363//1363 1356//1356 1355//1355
f 1357//1357 1364//1364 1355//1355
f 1364//1364 1365//1365 1355//1355
f 1365//1365 1366//1366 1355//1355
f 1366//1366 1367//1367 1355//1355
f 1367//1367 1368//1368 1355//1355
f 1368//1368 1369//1369 1355//1355
f 1369//1369 1370//1370 1355//1355
f 1370//1370 1371//1371 1355//1355
f 1371//1371 1372//1372 1355//1355
f 1372//1372 1373//1373 1355//1355
f 1373//1373 1374//1374 1355//1355
f 1374//1374 1375//1375 1355//1355
f 1375//1375 1376//1376 1355//1355
f 1376//1376 1377//1377 1355//1355
f 1377//1377 1358//1358 1355//1355
f 1428//1428 1429//1429 1430//1430
f 1429//1429 1431//1431 1430//1430
f 1431//1431 1432//1432 1430//1430
f 1432//1432 1433//1433 1430//1430
f 1433//1433 1434//1434 1430//1430
f 1434//1434 1435//1435 1430//1430
f 1435//1435 1436//1436 1430//1430
f 1436//1436 1437//1437 1430//1430
f 1437//1437 1438//1438 1430//1430
f 1438//1438 1439//1439 1430//1430
f 1439//1439 1440//1440 1430//1430
f 1440//1440 1441//1441 1430//1430
f 1442//1442 1443//1443 1430//1430
f 1430//1430 1441//1441 1444//1444
f 1444//1444 1445//1445 1430//1430
f 1445//1445 1442//1442 1430//1430
f 1443//1443 1446//1446 1430//1430
f 1446//1446 1447//1447 1430//1430
f 1447//1447 1448//1448 1430//1430
f 1448//1448 1449//1449 1430//1430
f 1449//1449 1450//1450 1430//1430
f 1450//1450 1451//1451 1430//1430
f 1451//1451 1452//1452 1430//1430
f 1452//1452 1428//1428 1430//1430
f 1503//1503 1504//1504 1505//1505
f 1504//1504 1506//1506 1505//1505
f 1506//1506 1507//1507 1505//1505
f 1507//1507 1508//1508 1505//1505
f 1508//1508 1509//1509 1505//1505
f 1509//1509 1510//1510 1505//1505
f 1510//1510 1511//1511 1505//1505
f 1511//1511 1512//1512 1505//1505
f 1513//1513 1514//1514 1505//1505
f 1514//1514 1515//1515 1505//1505
f 1512//1512 1513//1513 1505//1505
f 1515//1515 1516//1516 1505//1505
f 1517//1517 1518//1518 1505//1505
f 1519//1519 1520//1520 1505//1505
f 1521//1521 1503//1503 1505//1505
f 1522//1522 1517//1517 1505//1505
f 1523//1523 1522//1522 1505//1505
f 1524//1524 1523//1523 1505//1505
f 1525//1525 1524//1524 1505//1505
f 1526//1526 1525//1525 1505//1505
f 1505//1505 1520//1520 1521//1521
f 1527//1527 1526//1526 1505//1505
f 1516//1516 1527//1527 1505//1505
f 1518//1518 1519//1519 1505//1505
f 1576//1576 1577//1577 1578//1578
f 1579//1579 1580//1580 1578//1578
f 1577//1577 1579//1579 1578//1578
f 1581//1581 1576//1576 1578//1578
f 1582//1582 1583//1583 1578//1578
f 1584//1584 1582//1582 1578//1578
f 1585//1585 1584//1584 1578//1578
f 1586//1586 1585//1585 1578//1578
f 1587//1587 1586//1586 1578//1578
f 1588//1588 1587//1587 1578//1578
f 1589//1589 1581//1581 1578//1578
f 1590//1590 1589//1589 1578//1578
f 1591//1591 1590//1590 1578//1578
f 1592//1592 1591//1591 1578//1578
f 1578//1578 1583//1583 1593//1593
f 1594//1594 1588//1588 1578//1578
f 1595//1595 1594//1594 1578//1578
f 1596//1596 1595//1595 1578//1578
f 1597//1597 1596//1596 1578//1578
f 1598//1598 1597//1597 1578//1578
f 1599//1599 1598//1598 1578//1578
f 1600//1600 1599//1599 1578//1578
f 1580//1580 1600//1600 1578//1578
f 1593//1593 1592//1592 1578//1578
f 1649//1649 1650//1650 1651//1651
f 1652//1652 1649//1649 1651//1651
f 1653//1653 1652//1652 1651//1651
f 1654//1654 1653//1653 1651//1651
f 1655//1655 1654//1654 1651//1651
f 1656//1656 1655//1655 1651//1651
f 1657//1657 1656//1656 1651//1651
f 1658//1658 1657//1657 1651//1651
f 1659//1659 1658//1658 1651//1651
f 1660//1660 1659//1659 1651//1651
f 1661//1661 1660//1660 1651//1651
f 1662//1662 1661//1661 1651//1651
f 1663//1663 1662//1662 1651//1651
f 1664//1664 1663//1663 1651//1651
f 1665//1665 1664//1664 1651//1651
f 1666//1666 1665//1665 1651//1651
f 1667//1667 1666//1666 1651//1651
f 1668//1668 1667//1667 1651//1651
f 1669//1669 1668//1668 1651//1651
f 1670//1670 1669//1669 1651//1651
f 1671//1671 1670//1670 1651//1651
f 1672//1672 1671//1671 1651//1651
f 1673//1673 1672//1672 1651//1651
f 1651//1651 1650//1650 1673//1673
f 1722//1722 1723//1723 1724//1724
f 1725//1725 1722//1722 1724//1724
f 1726//1726 1725//1725 1724//1724
f 1727//1727 1726//1726 1724//1724
f 1728//1728 1727//1727 1724//1724
f 1729//1729 1728//1728 1724//1724
f 1730//1730 1729//1729 1724//1724
f 1731//1731 1730//1730 1724//1724
f 1732//1732 1731//1731 1724//1724
f 1733//1733 1734//1734 1724//1724
f 1735//1735 1732//1732 1724//1724
f 1724//1724 1736//1736 1735//1735
f 1737//1737 1738//1738 1724//1724
f 1738//1738 1736//1736 1724//1724
f 1739//1739 1737//1737 1724//1724
f 1734//1734 1739//1739 1724//1724
f 1740//1740 1733//1733 1724//1724
f 1741//1741 1740//1740 1724//1724
f 1742//1742 1741//1741 1724//1724
f 1743//1743 1742//1742 1724//1724
f 1744//1744 1743//1743 1724//1724
f 1745//1745 1744//1744 1724//1724
f 1746//1746 1745//1745 1724//1724
f 1723//1723 1746//1746 1724//1724
f 1795//1795 1796//1796 1797//1797
f 1797//1797 1798//1798 1795//1795
f 1798//1798 1799//1799 1795//1795
f 1799//1799 1800//1800 1795//1795
f 1800//1800 1801//1801 1795//1795
f 1801//1801 1802//1802 1795//1795
f 1803//1803 1804//1804 1795//1795
f 1802//1802 1805//1805 1795//1795
f 1805//1805 1806//1806 1795//1795
f 1806//1806 1807//1807 1795//1795
f 1807//1807 1808//1808 1795//1795
f 1808//1808 1809//1809 1795//1795
f 1809//1809 1810//1810 1795//1795
f 1810//1810 1811//1811 1795//1795
f 1811//1811 1812//1812 1795//1795
f 1812//1812 1813//1813 1795//1795
f 1813//1813 1803//1803 1795//1795
f 1804//1804 1814//1814 1795//1795
f 1814//1814 1815//1815 1795//1795
f 1815//1815 1816//1816 1795//1795
f 1816//1816 1817//1817 1795//1795
f 1817//1817 1818//1818 1795//1795
f 1818//1818 1819//1819 1795//1795
f 1819//1819 1796//1796 1795//1795
f 1868//1868 1869//1869 1870//1870
f 1871//1871 1872//1872 1870//1870
f 1872//1872 1873//1873 1870//1870
f 1873//1873 1874//1874 1870//1870
f 1874//1874 1875//1875 1870//1870
f 1875//1875 1876//1876 1870//1870
f 1876//1876 1877//1877 1870//1870
f 1877//1877 1878//1878 1870//1870
f 1878//1878 1879//1879 1870//1870
f 1879//1879 1880//1880 1870//1870
f 1880//1880 1881//1881 1870//1870
f 1882//1882 1868//1868 1870//1870
f 1881//1881 1883//1883 1870//1870
f 1883//1883 1884//1884 1870//1870
f 1884//1884 1885//1885 1870//1870
f 1885//1885 1886//1886 1870//1870
f 1886//1886 1887//1887 1870//1870
f 1887//1887 1882//1882 1870//1870
f 1888//1888 1871//1871 1870//1870
f 1870//1870 1869//1869 1889//1889
f 1889//1889 1890//1890 1870//1870
f 1890//1890 1891//1891 1870//1870
f 1891//1891 1892//1892 1870//1870
f 1892//1892 1888//1888 1870//1870
f 1941//1941 1942//1942 1943//1943
f 1942//1942 1944//1944 1943//1943
f 1944//1944 1945//1945 1943//1943
f 1945//1945 1946//1946 1943//1943
f 1946//1946 1947//1947 1943//1943
f 1947//1947 1948//1948 1943//1943
f 1948//1948 1949//1949 1943//1943
f 1949//1949 1950//1950 1943//1943
f 1950//1950 1951//1951 1943//1943
f 1951//1951 1952//1952 1943//1943
f 1952//1952 1953//1953 1943//1943
f 1953//1953 1954//1954 1943//1943
f 1954//1954 1955//1955 1943//1943
f 1955//1955 1956//1956 1943//1943
f 1957//1957 1958//1958 1943//1943
f 1959//1959 1941//1941 1943//1943
f 1960//1960 1957//1957 1943//1943
f 1961//1961 1960//1960 1943//1943
f 1962//1962 1961//1961 1943//1943
f 1963//1963 1962//1962 1943//1943
f 1964//1964 1963//1963 1943//1943
f 1943//1943 1956//1956 1964//1964
f 1965//1965 1959//1959 1943//1943
f 1958//1958 1965//1965 1943//1943
f 2014//2014 2015//2015 2016//2016
f 2015//2015 2017//2017 2016//2016
f 2017//2017 2018//2018 2016//2016
f 2018//2018 2019//2019 2016//2016
f 2016//2016 2020//2020 2021//2021
f 2022//2022 2023//2023 2016//2016
f 2024//2024 2025//2025 2016//2016
f 2026//2026 2024//2024 2016//2016
f 2027//2027 2026//2026 2016//2016
f 2028//2028 2027//2027 2016//2016
f 2029//2029 2028//2028 2016//2016
f 2030//2030 2029//2029 2016//2016
f 2031//2031 2030//2030 2016//2016
f 2032//2032 2031//2031 2016//2016
f 2033//2033 2032//2032 2016//2016
f 2034//2034 2033//2033 2016//2016
f 2035//2035 2034//2034 2016//2016
f 2036//2036 2035//2035 2016//2016
f 2021//2021 2036//2036 2016//2016
f 2023//2023 2020//2020 2016//2016
f 2037//2037 2022//2022 2016//2016
f 2038//2038 2037//2037 2016//2016
f 2019//2019 2038//2038 2016//2016
f 2025//2025 2014//2014 2016//2016
f 2089//2089 2090//2090 2091//2091
f 2090//2090 2092//2092 2091//2091
f 2093//2093 2094//2094 2091//2091
f 2095//2095 2096//2096 2091//2091
f 2092//2092 2097//2097 2091//2091
f 2097//2097 2098//2098 2091//2091
f 2098//2098 2099//2099 2091//2091
f 2099//2099 2100//2100 2091//2091
f 2101//2101 2093//2093 2091//2091
f 2102//2102 2101//2101 2091//2091
f 2103//2103 2102//2102 2091//2091
f 2091//2091 2100//2100 2103//2103
f 2094//2094 2104//2104 2091//2091
f 2104//2104 2105//2105 2091//2091
f 2105//2105 2106//2106 2091//2091
f 2106//2106 2107//2107 2091//2091
f 2107//2107 2108//2108 2091//2091
f 2096//2096 2109//2109 2091//2091
f 2108//2108 2110//2110 2091//2091
f 2110//2110 2111//2111 2091//2091
f 2111//2111 2112//2112 2091//2091
f 2112//2112 2095//2095 2091//2091
f 2109//2109 2113//2113 2091//2091
f 2113//2113 2089//2089 2091//2091
f 2162//2162 2163//2163 2164//2164
f 2165//2165 2166//2166 2164//2164
f 2166//2166 2167//2167 2164//2164
f 2168//2168 2169//2169 2164//2164
f 2167//2167 2170//2170 2164//2164
f 2170//2170 2171//2171 2164//2164
f 2171//2171 2172//2172 2164//2164
f 2172//2172 2173//2173 2164//2164
f 2173//2173 2174//2174 2164//2164
f 2174//2174 2175//2175 2164//2164
f 2175//2175 2176//2176 2164//2164
f 2176//2176 2177//2177 2164//2164
f 2163//2163 2165//2165 2164//2164
f 2178//2178 2179//2179 2164//2164
f 2180//2180 2168//2168 2164//2164
f 2177//2177 2178//2178 2164//2164
f 2181//2181 2182//2182 2164//2164
f 2183//2183 2181//2181 2164//2164
f 2184//2184 2183//2183 2164//2164
f 2179//2179 2180//2180 2164//2164
f 2185//2185 2186//2186 2164//2164
f 2169//2169 2185//2185 2164//2164
f 2186//2186 2184//2184 2164//2164
f 2164//2164 2182//2182 2162//2162
f 2235//2235 2236//2236 2237//2237
f 2238//2238 2235//2235 2237//2237
f 2239//2239 2238//2238 2237//2237
f 2240//2240 2239//2239 2237//2237
f 2241//2241 2240//2240 2237//2237
f 2242//2242 2241//2241 2237//2237
f 2243//2243 2242//2242 2237//2237
f 2244//2244 2243//2243 2237//2237
f 2245//2245 2246//2246 2237//2237
f 2247//2247 2244//2244 2237//2237
f 2246//2246 2248//2248 2237//2237
f 2236//2236 2249//2249 2237//2237
f 2248//2248 2250//2250 2237//2237
f 2250//2250 2251//2251 2237//2237
f 2251//2251 2252//2252 2237//2237
f 2252//2252 2253//2253 2237//2237
f 2253//2253 2254//2254 2237//2237
f 2254//2254 2255//2255 2237//2237
f 2237//2237 2249//2249 2256//2256
f 2255//2255 2257//2257 2237//2237
f 2257//2257 2247//2247 2237//2237
f 2256//2256 2258//2258 2237//2237
f 2258//2258 2259//2259 2237//2237
f 2259//2259 2245//2245 2237//2237
f 2308//2308 2309//2309 2310//2310
f 2311//2311 2312//2312 2310//2310
f 2313//2313 2314//2314 2310//2310
f 2315//2315 2313//2313 2310//2310
f 2316//2316 2315//2315 2310//2310
f 2317//2317 2316//2316 2310//2310
f 2318//2318 2317//2317 2310//2310
f 2319//2319 2318//2318 2310//2310
f 2314//2314 2320//2320 2310//2310
f 2321//2321 2322//2322 2310//2310
f 2323//2323 2319//2319 2310//2310
f 2324//2324 2323//2323 2310//2310
f 2325//2325 2311//2311 2310//2310
f 2326//2326 2325//2325 2310//2310
f 2327//2327 2326//2326 2310//2310
f 2328//2328 2327//2327 2310//2310
f 2322//2322 2328//2328 2310//2310
f 2329//2329 2324//2324 2310//2310
f 2330//2330 2329//2329 2310//2310
f 2310//2310 2320//2320 2321//2321
f 2331//2331 2330//2330 2310//2310
f 2309//2309 2331//2331 2310//2310
f 2332//2332 2308//2308 2310//2310
f 2312//2312 2332//2332 2310//2310
v 0.079099 0 0.001
v 0.079099 0 0
v 0.079099 0.001 0
v 0.079099 0.001 0.001
v 0.037 -0.004 0.001
v 0.039599 -0.002366 0.001
v 0.039392 -0.002207 0.001
v 0.07175 0.046 0.001
v 0.0749 0.047633 0.001
v 0.074692 0.047792 0.001
v 0.07625 0.046 0.001
v 0.0754 0.047499 0.001
v 0.075141 0.047534 0.001
v 0.075141 0.049465 0.001
v 0.0754 0.049499 0.001
v 0.07625 0.05025 0.001
v 0.0744 0.0485 0.001
v 0.07175 0.05025 0.001
v 0.075658 0.047534 0.001
v 0.075658 0.049465 0.001
v 0.074434 0.048758 0.001
v 0.0759 0.049366 0.001
v 0.076107 0.049207 0.001
v 0.0749 0.049366 0.001
v 0.074533 0.048 0.001
v 0.074434 0.048241 0.001
v 0.0759 0.047633 0.001
v 0.074533 0.048999 0.001
v 0.074692 0.049207 0.001
v 0.07625 0.047979 0.001
v 0.076107 0.047792 0.001
v 0.079099 0.046 0.001
v 0.079099 0.05025 0.001
v 0.076399 0.0485 0.001
v 0.076365 0.048758 0.001
v 0.076365 0.048241 0.001
v 0.076266 0.048 0.001
v 0.076266 0.048999 0.001
v 0.07625 0.04902 0.001
v 0.06925 0.047979 0.001
v 0.06925 0.046 0.001
v 0.069107 0.049207 0.001
v 0.06925 0.04902 0.001
v 0.06925 0.05025 0.001
v 0.062249 0.047979 0.001
v 0.062249 0.046 0.001
v 0.06475 0.046 0.001
v 0.062107 0.049207 0.001
v 0.062249 0.04902 0.001
v 0.062249 0.05025 0.001
v 0.05525 0.047979 0.001
v 0.05525 0.046 0.001
v 0.05775 0.046 0.001
v 0.04825 0.047979 0.001
v 0.04825 0.046 0.001
v 0.048107 0.049207 0.001
v 0.04825 0.04902 0.001
v 0.04825 0.05025 0.001
v 0.043749 0.05025 0.001
v 0.043749 0.046 0.001
v 0.04625 0.046 0.001
v 0.04125 0.047979 0.001
v 0.04125 0.046 0.001
v 0.041107 0.049207 0.001
v 0.04125 0.04902 0.001
v 0.04125 0.05025 0.001
v 0.0364 0.046 0.001
v 0.037 0.046 0.001
v 0.037 0.05025 0.001
v 0.034899 0.039999 0.001
v 0.0364 0.036499 0.001
v 0.0364 0.04425 0.001
v 0.034865 0.033258 0.001
v 0.034899 0.032999 0.001
v 0.034899 0.018999 0.001
v 0.0364 0.015499 0.001
v 0.0364 0.0225 0.001
v 0.034899 0.012 0.001
v 0.0364 0.0085 0.001
v 0.034899 0.004999 0.001
v 0.0364 0.00175 0.001
v 0.031399 0.001 0.001
v 0.031399 -0.004 0.001
v 0.0364 0.001 0.001
v 0.041099 -0.0015 0.001
v 0.04125 -0.004 0.001
v 0.04125 0.001 0.001
v 0.043749 -0.004 0.001
v 0.04625 -0.000979 0.001
v 0.04625 0.001 0.001
v 0.043749 0.001 0.001
v 0.046392 -0.002207 0.001
v 0.04625 -0.00202 0.001
v 0.04625 -0.004 0.001
v 0.0551 -0.0015 0.001
v 0.05525 -0.004 0.001
v 0.05525 0.001 0.001
v 0.05775 -0.004 0.001
v 0.0621 -0.0015 0.001
v 0.062249 -0.004 0.001
v 0.062249 0.001 0.001
v 0.06475 -0.004 0.001
v 0.069099 -0.0015 0.001
v 0.06925 -0.004 0.001
v 0.06925 0.001 0.001
v 0.07175 -0.004 0.001
v 0.076099 -0.0015 0.001
v 0.07625 -0.004 0.001
v 0.07625 0.001 0.001
v 0.079099 0 0.001
v 0.079099 0.001 0.001
v 0.0364 0.050999 0.001
v 0.031399 0.050999 0.001
v 0.031399 0.05025 0.001
v 0.037 0.050999 0.001
v 0.04125 0.050999 0.001
v 0.043749 0.050999 0.001
v 0.04625 0.05025 0.001
v 0.04625 0.050999 0.001
v 0.04825 0.050999 0.001
v 0.05525 0.05025 0.001
v 0.05525 0.050999 0.001
v 0.05775 0.05025 0.001
v 0.05775 0.050999 0.001
v 0.062249 0.050999 0.001
v 0.06475 0.05025 0.001
v 0.06475 0.050999 0.001
v 0.06925 0.050999 0.001
v 0.07175 0.050999 0.001
v 0.07625 0.050999 0.001
v 0.079099 0.050999 0.001
v 0.079099 -0.003 0.001
v 0.079099 -0.004 0.001
v 0.075599 -0.000633 0.001
v 0.075807 -0.000792 0.001
v 0.07175 0.001 0.001
v 0.074233 -0.001 0.001
v 0.074392 -0.000792 0.001
v 0.0741 -0.0015 0.001
v 0.075358 -0.000534 0.001
v 0.074841 -0.000534 0.001
v 0.0746 -0.000633 0.001
v 0.074134 -0.001758 0.001
v 0.075099 -0.002499 0.001
v 0.074841 -0.002465 0.001
v 0.075966 -0.002 0.001
v 0.075807 -0.002207 0.001
v 0.075099 -0.0005 0.001
v 0.074134 -0.001241 0.001
v 0.0746 -0.002366 0.001
v 0.074392 -0.002207 0.001
v 0.075599 -0.002366 0.001
v 0.076065 -0.001241 0.001
v 0.074233 -0.002 0.001
v 0.075358 -0.002465 0.001
v 0.075966 -0.001 0.001
v 0.076065 -0.001758 0.001
v 0.068599 -0.000633 0.001
v 0.068807 -0.000792 0.001
v 0.06475 0.001 0.001
v 0.067233 -0.001 0.001
v 0.067392 -0.000792 0.001
v 0.0671 -0.0015 0.001
v 0.068358 -0.000534 0.001
v 0.067841 -0.000534 0.001
v 0.067599 -0.000633 0.001
v 0.067134 -0.001758 0.001
v 0.067599 -0.002366 0.001
v 0.067392 -0.002207 0.001
v 0.068966 -0.002 0.001
v 0.068807 -0.002207 0.001
v 0.068099 -0.0005 0.001
v 0.067233 -0.002 0.001
v 0.067841 -0.002465 0.001
v 0.068099 -0.002499 0.001
v 0.068599 -0.002366 0.001
v 0.069065 -0.001241 0.001
v 0.067134 -0.001241 0.001
v 0.068358 -0.002465 0.001
v 0.068966 -0.001 0.001
v 0.069065 -0.001758 0.001
v 0.05775 0.001 0.001
v 0.060841 -0.000534 0.001
v 0.061099 -0.0005 0.001
v 0.061358 -0.000534 0.001
v 0.060134 -0.001241 0.001
v 0.060233 -0.001 0.001
v 0.061099 -0.002499 0.001
v 0.060841 -0.002465 0.001
v 0.061807 -0.000792 0.001
v 0.061966 -0.001 0.001
v 0.0606 -0.000633 0.001
v 0.060392 -0.000792 0.001
v 0.060392 -0.002207 0.001
v 0.060233 -0.002 0.001
v 0.061358 -0.002465 0.001
v 0.062065 -0.001758 0.001
v 0.061966 -0.002 0.001
v 0.061599 -0.000633 0.001
v 0.0601 -0.0015 0.001
v 0.0606 -0.002366 0.001
v 0.061807 -0.002207 0.001
v 0.060134 -0.001758 0.001
v 0.061599 -0.002366 0.001
v 0.062065 -0.001241 0.001
v 0.04825 -0.004 0.001
v 0.053841 -0.002465 0.001
v 0.054358 -0.002465 0.001
v 0.054099 -0.002499 0.001
v 0.053841 -0.000534 0.001
v 0.054099 -0.0005 0.001
v 0.055065 -0.001758 0.001
v 0.054966 -0.002 0.001
v 0.054358 -0.000534 0.001
v 0.04825 0.001 0.001
v 0.053599 -0.000633 0.001
v 0.053134 -0.001241 0.001
v 0.053233 -0.001 0.001
v 0.053392 -0.002207 0.001
v 0.053233 -0.002 0.001
v 0.0546 -0.002366 0.001
v 0.054807 -0.002207 0.001
v 0.054807 -0.000792 0.001
v 0.054966 -0.001 0.001
v 0.053392 -0.000792 0.001
v 0.053599 -0.002366 0.001
v 0.0546 -0.000633 0.001
v 0.053134 -0.001758 0.001
v 0.0531 -0.0015 0.001
v 0.055065 -0.001241 0.001
v 0.0471 -0.0005 0.001
v 0.046841 -0.000534 0.001
v 0.046599 -0.000633 0.001
v 0.047358 -0.002465 0.001
v 0.0471 -0.002499 0.001
v 0.0476 -0.000633 0.001
v 0.047807 -0.000792 0.001
v 0.047358 -0.000534 0.001
v 0.048065 -0.001758 0.001
v 0.047966 -0.002 0.001
v 0.046392 -0.000792 0.001
v 0.046599 -0.002366 0.001
v 0.046841 -0.002465 0.001
v 0.047807 -0.002207 0.001
v 0.047966 -0.001 0.001
v 0.048065 -0.001241 0.001
v 0.0476 -0.002366 0.001
v 0.048099 -0.0015 0.001
v 0.0461 -0.0015 0.001
v 0.046233 -0.001 0.001
v 0.046134 -0.001241 0.001
v 0.046233 -0.002 0.001
v 0.046134 -0.001758 0.001
v 0.037 0.001 0.001
v 0.039841 -0.000534 0.001
v 0.0401 -0.0005 0.001
v 0.0401 -0.002499 0.001
v 0.039841 -0.002465 0.001
v 0.039599 -0.000633 0.001
v 0.039134 -0.001758 0.001
v 0.039099 -0.0015 0.001
v 0.040807 -0.000792 0.001
v 0.040966 -0.001 0.001
v 0.040358 -0.000534 0.001
v 0.039233 -0.001 0.001
v 0.039392 -0.000792 0.001
v 0.040358 -0.002465 0.001
v 0.040807 -0.002207 0.001
v 0.0406 -0.002366 0.001
v 0.0406 -0.000633 0.001
v 0.039134 -0.001241 0.001
v 0.053434 0.048758 0.001
v 0.048266 0.048999 0.001
v 0.048365 0.048758 0.001
v 0.041065 -0.001758 0.001
v 0.040966 -0.002 0.001
v 0.039233 -0.002 0.001
v 0.041065 -0.001241 0.001
v 0.031399 0.00175 0.001
v 0.0364 -0.004 0.001
v 0.031399 0.0085 0.001
v 0.0339 0.006 0.001
v 0.033641 0.005965 0.001
v 0.034158 0.004034 0.001
v 0.0339 0.004 0.001
v 0.034158 0.005965 0.001
v 0.0344 0.005866 0.001
v 0.034607 0.005707 0.001
v 0.033399 0.005866 0.001
v 0.0329 0.004999 0.001
v 0.033641 0.004034 0.001
v 0.034607 0.004292 0.001
v 0.0344 0.004133 0.001
v 0.034865 0.005258 0.001
v 0.033033 0.005499 0.001
v 0.033192 0.005707 0.001
v 0.032934 0.004741 0.001
v 0.033399 0.004133 0.001
v 0.033192 0.004292 0.001
v 0.034766 0.005499 0.001
v 0.032934 0.005258 0.001
v 0.033033 0.004499 0.001
v 0.034766 0.004499 0.001
v 0.034865 0.004741 0.001
v 0.031399 0.015499 0.001
v 0.0339 0.013 0.001
v 0.033641 0.012965 0.001
v 0.034158 0.012965 0.001
v 0.034158 0.011034 0.001
v 0.0339 0.010999 0.001
v 0.0344 0.012866 0.001
v 0.034607 0.012707 0.001
v 0.033399 0.012866 0.001
v 0.032934 0.011741 0.001
v 0.0329 0.012 0.001
v 0.034865 0.012258 0.001
v 0.033033 0.0125 0.001
v 0.033192 0.012707 0.001
v 0.033641 0.011034 0.001
v 0.034607 0.011292 0.001
v 0.0344 0.011133 0.001
v 0.034766 0.0125 0.001
v 0.032934 0.012258 0.001
v 0.033399 0.011133 0.001
v 0.033192 0.011292 0.001
v 0.034865 0.011741 0.001
v 0.034766 0.0115 0.001
v 0.033033 0.0115 0.001
v 0.034865 0.018741 0.001
v 0.034766 0.0185 0.001
v 0.031399 0.0225 0.001
v 0.0339 0.019999 0.001
v 0.032934 0.018741 0.001
v 0.0329 0.018999 0.001
v 0.0339 0.017999 0.001
v 0.0344 0.018133 0.001
v 0.034158 0.018034 0.001
v 0.034607 0.018292 0.001
v 0.034607 0.019707 0.001
v 0.034766 0.0195 0.001
v 0.034158 0.019965 0.001
v 0.033399 0.019866 0.001
v 0.033641 0.019965 0.001
v 0.033399 0.018133 0.001
v 0.033192 0.018292 0.001
v 0.0344 0.019866 0.001
v 0.032934 0.019258 0.001
v 0.033641 0.018034 0.001
v 0.033033 0.0195 0.001
v 0.033192 0.019707 0.001
v 0.033033 0.0185 0.001
v 0.034865 0.019258 0.001
v 0.034158 0.032034 0.001
v 0.0339 0.032 0.001
v 0.0339 0.027 0.001
v 0.033641 0.032034 0.001
v 0.033641 0.026965 0.001
v 0.034158 0.026965 0.001
v 0.033399 0.026866 0.001
v 0.0344 0.026866 0.001
v 0.0344 0.032133 0.001
v 0.031399 0.036499 0.001
v 0.033033 0.026499 0.001
v 0.032934 0.032741 0.001
v 0.033399 0.032133 0.001
v 0.033192 0.032292 0.001
v 0.0329 0.026 0.001
v 0.0329 0.032999 0.001
v 0.034607 0.026707 0.001
v 0.032934 0.025741 0.001
v 0.0339 0.034 0.001
v 0.032934 0.033258 0.001
v 0.033033 0.032499 0.001
v 0.033192 0.026707 0.001
v 0.034865 0.032741 0.001
v 0.032934 0.026258 0.001
v 0.033641 0.025034 0.001
v 0.033399 0.025133 0.001
v 0.0339 0.025 0.001
v 0.0344 0.025133 0.001
v 0.034158 0.025034 0.001
v 0.033641 0.033965 0.001
v 0.034766 0.026499 0.001
v 0.034766 0.032499 0.001
v 0.034607 0.032292 0.001
v 0.033033 0.025499 0.001
v 0.033192 0.025292 0.001
v 0.034766 0.025499 0.001
v 0.034607 0.025292 0.001
v 0.034766 0.0335 0.001
v 0.0344 0.033866 0.001
v 0.034607 0.033707 0.001
v 0.034158 0.033965 0.001
v 0.034865 0.026258 0.001
v 0.034899 0.026 0.001
v 0.033399 0.033866 0.001
v 0.034865 0.025741 0.001
v 0.033033 0.0335 0.001
v 0.033192 0.033707 0.001
v 0.034865 0.040258 0.001
v 0.034158 0.039034 0.001
v 0.0339 0.039 0.001
v 0.034766 0.0405 0.001
v 0.0344 0.040866 0.001
v 0.034607 0.040707 0.001
v 0.031399 0.04425 0.001
v 0.0339 0.041 0.001
v 0.033399 0.040866 0.001
v 0.033641 0.040965 0.001
v 0.033033 0.0405 0.001
v 0.033192 0.040707 0.001
v 0.0329 0.039999 0.001
v 0.033033 0.0395 0.001
v 0.032934 0.039741 0.001
v 0.033399 0.039133 0.001
v 0.033192 0.039292 0.001
v 0.0344 0.039133 0.001
v 0.034766 0.0395 0.001
v 0.034607 0.039292 0.001
v 0.034158 0.040965 0.001
v 0.032934 0.040258 0.001
v 0.033641 0.039034 0.001
v 0.034865 0.039741 0.001
v 0.040141 0.049465 0.001
v 0.0399 0.049366 0.001
v 0.039533 0.048999 0.001
v 0.039692 0.049207 0.001
v 0.039434 0.048241 0.001
v 0.0394 0.0485 0.001
v 0.0399 0.047633 0.001
v 0.039692 0.047792 0.001
v 0.040399 0.047499 0.001
v 0.040141 0.047534 0.001
v 0.040899 0.047633 0.001
v 0.040658 0.047534 0.001
v 0.040899 0.049366 0.001
v 0.040399 0.049499 0.001
v 0.040658 0.049465 0.001
v 0.039434 0.048758 0.001
v 0.039533 0.048 0.001
v 0.041107 0.047792 0.001
v 0.0414 0.0485 0.001
v 0.041266 0.048 0.001
v 0.041365 0.048241 0.001
v 0.041266 0.048999 0.001
v 0.041365 0.048758 0.001
v 0.0474 0.047499 0.001
v 0.047141 0.049465 0.001
v 0.0474 0.049499 0.001
v 0.046434 0.048241 0.001
v 0.046399 0.0485 0.001
v 0.047658 0.047534 0.001
v 0.047141 0.047534 0.001
v 0.047658 0.049465 0.001
v 0.046434 0.048758 0.001
v 0.0469 0.047633 0.001
v 0.046692 0.047792 0.001
v 0.047899 0.047633 0.001
v 0.047899 0.049366 0.001
v 0.0469 0.049366 0.001
v 0.046533 0.048 0.001
v 0.046533 0.048999 0.001
v 0.046692 0.049207 0.001
v 0.048107 0.047792 0.001
v 0.0549 0.049366 0.001
v 0.055107 0.049207 0.001
v 0.053899 0.049366 0.001
v 0.054141 0.049465 0.001
v 0.053533 0.048999 0.001
v 0.053692 0.049207 0.001
v 0.048399 0.0485 0.001
v 0.053399 0.0485 0.001
v 0.053434 0.048241 0.001
v 0.054658 0.049465 0.001
v 0.0544 0.049499 0.001
v 0.048365 0.048241 0.001
v 0.048266 0.048 0.001
v 0.053899 0.047633 0.001
v 0.053692 0.047792 0.001
v 0.053533 0.048 0.001
v 0.054141 0.047534 0.001
v 0.054658 0.047534 0.001
v 0.0544 0.047499 0.001
v 0.055107 0.047792 0.001
v 0.0549 0.047633 0.001
v 0.05525 0.04902 0.001
v 0.055266 0.048 0.001
v 0.055399 0.0485 0.001
v 0.055365 0.048241 0.001
v 0.055365 0.048758 0.001
v 0.055266 0.048999 0.001
v 0.0619 0.049366 0.001
v 0.061141 0.049465 0.001
v 0.060533 0.048999 0.001
v 0.060692 0.049207 0.001
v 0.061658 0.049465 0.001
v 0.0614 0.049499 0.001
v 0.060899 0.049366 0.001
v 0.060434 0.048758 0.001
v 0.060434 0.048241 0.001
v 0.0604 0.0485 0.001
v 0.0614 0.047499 0.001
v 0.061141 0.047534 0.001
v 0.060899 0.047633 0.001
v 0.060692 0.047792 0.001
v 0.061658 0.047534 0.001
v 0.062107 0.047792 0.001
v 0.060533 0.048 0.001
v 0.0619 0.047633 0.001
v 0.062266 0.048 0.001
v 0.062399 0.0485 0.001
v 0.062365 0.048241 0.001
v 0.062365 0.048758 0.001
v 0.062266 0.048999 0.001
v 0.068141 0.049465 0.001
v 0.067434 0.048241 0.001
v 0.0674 0.0485 0.001
v 0.068899 0.049366 0.001
v 0.0684 0.049499 0.001
v 0.068658 0.049465 0.001
v 0.0679 0.049366 0.001
v 0.067533 0.048999 0.001
v 0.067692 0.049207 0.001
v 0.0684 0.047499 0.001
v 0.068141 0.047534 0.001
v 0.067434 0.048758 0.001
v 0.0679 0.047633 0.001
v 0.067692 0.047792 0.001
v 0.068899 0.047633 0.001
v 0.068658 0.047534 0.001
v 0.069107 0.047792 0.001
v 0.067533 0.048 0.001
v 0.069399 0.0485 0.001
v 0.069365 0.048758 0.001
v 0.069365 0.048241 0.001
v 0.069266 0.048 0.001
v 0.069266 0.048999 0.001
v 0.0364 0.001 0
v 0.037 0.001 0.001
v 0.04125 0.001 0.001
v 0.043749 0.001 0.001
v 0.04625 0.001 0.001
v 0.04825 0.001 0.001
v 0.05525 0.001 0.001
v 0.05775 0.001 0.001
v 0.062249 0.001 0.001
v 0.079099 0.001 0
v 0.06475 0.001 0.001
v 0.07625 0.001 0.001
v 0.079099 0.001 0.001
v 0.06925 0.001 0.001
v 0.07175 0.001 0.001
v 0.0364 0.001 0.001
v 0.079099 0 0
v 0.079099 0 0.001
v 0.079099 -0.003 0.001
v 0.079099 -0.003 0
v 0.079099 -0.004 0.001
v 0.079099 -0.004 0
v 0.079099 -0.003 0
v 0.079099 -0.003 0.001
v 0.079099 -0.004 0
v 0.079099 -0.004 0.001
v 0.07625 -0.004 0.001
v 0.037 -0.004 0.001
v 0.0364 -0.004 0.001
v 0.0364 -0.004 0
v 0.07175 -0.004 0.001
v 0.06925 -0.004 0.001
v 0.06475 -0.004 0.001
v 0.04125 -0.004 0.001
v 0.043749 -0.004 0.001
v 0.04625 -0.004 0.001
v 0.04825 -0.004 0.001
v 0.05525 -0.004 0.001
v 0.05775 -0.004 0.001
v 0.062249 -0.004 0.001
v 0.0364 -0.004 0
v 0.0364 -0.004 0.001
v 0.031399 -0.004 0.001
v 0.031399 -0.004 0
v 0.031399 0.001 0.001
v 0.031399 0.001 0
v 0.031399 -0.004 0
v 0.031399 -0.004 0.001
v 0.031399 0.05025 0.001
v 0.031399 0.050999 0.001
v 0.031399 0.050999 0
v 0.031399 0.001 0
v 0.031399 0.015499 0.001
v 0.031399 0.0225 0.001
v 0.031399 0.036499 0.001
v 0.031399 0.001 0.001
v 0.031399 0.00175 0.001
v 0.031399 0.04425 0.001
v 0.031399 0.0085 0.001
v 0.031399 0.050999 0
v 0.031399 0.050999 0.001
v 0.0364 0.050999 0.001
v 0.0364 0.050999 0
v 0.0364 0.050999 0
v 0.043749 0.050999 0.001
v 0.04625 0.050999 0.001
v 0.04825 0.050999 0.001
v 0.04125 0.050999 0.001
v 0.05775 0.050999 0.001
v 0.062249 0.050999 0.001
v 0.079099 0.050999 0
v 0.07625 0.050999 0.001
v 0.079099 0.050999 0.001
v 0.0364 0.050999 0.001
v 0.037 0.050999 0.001
v 0.05525 0.050999 0.001
v 0.06925 0.050999 0.001
v 0.07175 0.050999 0.001
v 0.06475 0.050999 0.001
v 0.079099 0.046 0
v 0.079099 0.050999 0
v 0.079099 0.05025 0.001
v 0.079099 0.046 0.001
v 0.079099 0.050999 0.001
v 0.079099 0.046 0
v 0.06925 0.046 0.001
v 0.06475 0.046 0.001
v 0.062249 0.046 0.001
v 0.05775 0.046 0.001
v 0.05525 0.046 0.001
v 0.0364 0.046 0
v 0.04625 0.046 0.001
v 0.043749 0.046 0.001
v 0.04825 0.046 0.001
v 0.04125 0.046 0.001
v 0.07175 0.046 0.001
v 0.07625 0.046 0.001
v 0.037 0.046 0.001
v 0.079099 0.046 0.001
v 0.0364 0.046 0.001
v 0.0364 0.046 0
v 0.0364 0.04425 0.001
v 0.0364 0.036499 0.001
v 0.0364 0.046 0.001
v 0.0364 0.00175 0.001
v 0.0364 0.001 0.001
v 0.0364 0.001 0
v 0.0364 0.0085 0.001
v 0.0364 0.015499 0.001
v 0.0364 0.0225 0.001
v 0.0364 0.001 0
v 0.079099 0 0
v 0.079099 -0.003 0
v 0.0364 -0.004 0
v 0.031399 -0.004 0
v 0.0364 0.046 0
v 0.0364 0.050999 0
v 0.079099 0.050999 0
v 0.031399 0.050999 0
v 0.031399 0.001 0
v 0.079099 0.046 0
v 0.079099 0.001 0
v 0.079099 -0.004 0
v 0.061658 0.047534 0.016
v 0.0619 0.047633 0.016
v 0.0614 0.0485 0.016
v 0.0614 0.047499 0.016
v 0.061141 0.047534 0.016
v 0.060899 0.047633 0.016
v 0.060692 0.047792 0.016
v 0.061658 0.049465 0.016
v 0.0614 0.049499 0.016
v 0.062266 0.048 0.016
v 0.062365 0.048241 0.016
v 0.062107 0.047792 0.016
v 0.0604 0.0485 0.016
v 0.060434 0.048241 0.016
v 0.060434 0.048758 0.016
v 0.060533 0.048999 0.016
v 0.060533 0.048 0.016
v 0.060692 0.049207 0.016
v 0.060899 0.049366 0.016
v 0.061141 0.049465 0.016
v 0.0619 0.049366 0.016
v 0.062107 0.049207 0.016
v 0.062266 0.048999 0.016
v 0.062365 0.048758 0.016
v 0.062399 0.0485 0.016
v 0.060533 0.048 0.001
v 0.060533 0.048 0.016
v 0.060434 0.048241 0.016
v 0.060434 0.048241 0.001
v 0.0604 0.0485 0.016
v 0.0604 0.0485 0.001
v 0.060692 0.047792 0.001
v 0.060692 0.047792 0.016
v 0.060899 0.047633 0.001
v 0.060899 0.047633 0.016
v 0.061141 0.047534 0.001
v 0.061141 0.047534 0.016
v 0.0614 0.047499 0.001
v 0.0614 0.047499 0.016
v 0.061658 0.047534 0.001
v 0.061658 0.047534 0.016
v 0.0619 0.047633 0.001
v 0.0619 0.047633 0.016
v 0.062107 0.047792 0.001
v 0.062249 0.047979 0.001
v 0.062266 0.048 0.001
v 0.062266 0.048 0.016
v 0.062365 0.048241 0.001
v 0.062365 0.048241 0.016
v 0.062399 0.0485 0.001
v 0.062399 0.0485 0.016
v 0.062365 0.048758 0.001
v 0.062365 0.048758 0.016
v 0.062266 0.048999 0.001
v 0.062107 0.049207 0.016
v 0.062107 0.049207 0.001
v 0.0619 0.049366 0.001
v 0.0619 0.049366 0.016
v 0.061658 0.049465 0.001
v 0.061658 0.049465 0.016
v 0.0614 0.049499 0.001
v 0.060692 0.049207 0.016
v 0.060692 0.049207 0.001
v 0.060533 0.048999 0.001
v 0.0614 0.049499 0.016
v 0.061141 0.049465 0.001
v 0.061141 0.049465 0.016
v 0.060899 0.049366 0.001
v 0.060899 0.049366 0.016
v 0.060533 0.048999 0.016
v 0.060434 0.048758 0.001
v 0.060434 0.048758 0.016
v 0.062266 0.048999 0.016
v 0.062249 0.04902 0.001
v 0.062107 0.047792 0.016
v 0.067533 0.048999 0.016
v 0.067434 0.048758 0.016
v 0.0684 0.0485 0.016
v 0.0674 0.0485 0.016
v 0.067434 0.048241 0.016
v 0.067533 0.048 0.016
v 0.067692 0.047792 0.016
v 0.0679 0.047633 0.016
v 0.068141 0.047534 0.016
v 0.0684 0.047499 0.016
v 0.068658 0.047534 0.016
v 0.068899 0.047633 0.016
v 0.069107 0.047792 0.016
v 0.069266 0.048 0.016
v 0.069365 0.048241 0.016
v 0.069399 0.0485 0.016
v 0.069365 0.048758 0.016
v 0.069266 0.048999 0.016
v 0.069107 0.049207 0.016
v 0.068899 0.049366 0.016
v 0.068658 0.049465 0.016
v 0.0684 0.049499 0.016
v 0.068141 0.049465 0.016
v 0.0679 0.049366 0.016
v 0.067692 0.049207 0.016
v 0.068658 0.047534 0.001
v 0.068658 0.047534 0.016
v 0.0684 0.047499 0.016
v 0.0684 0.047499 0.001
v 0.068141 0.047534 0.016
v 0.068141 0.047534 0.001
v 0.0679 0.047633 0.016
v 0.0679 0.047633 0.001
v 0.067692 0.047792 0.016
v 0.067692 0.047792 0.001
v 0.067533 0.048 0.016
v 0.067533 0.048 0.001
v 0.067434 0.048241 0.016
v 0.067434 0.048241 0.001
v 0.0674 0.0485 0.016
v 0.0674 0.0485 0.001
v 0.068899 0.047633 0.001
v 0.068899 0.047633 0.016
v 0.069107 0.047792 0.001
v 0.06925 0.047979 0.001
v 0.069266 0.048 0.001
v 0.069266 0.048 0.016
v 0.069365 0.048241 0.001
v 0.069365 0.048241 0.016
v 0.069399 0.0485 0.001
v 0.069399 0.0485 0.016
v 0.069365 0.048758 0.001
v 0.069365 0.048758 0.016
v 0.069266 0.048999 0.001
v 0.069107 0.049207 0.016
v 0.069107 0.049207 0.001
v 0.068899 0.049366 0.001
v 0.068899 0.049366 0.016
v 0.068658 0.049465 0.001
v 0.068658 0.049465 0.016
v 0.0684 0.049499 0.001
v 0.0684 0.049499 0.016
v 0.068141 0.049465 0.001
v 0.068141 0.049465 0.016
v 0.0679 0.049366 0.001
v 0.0679 0.049366 0.016
v 0.067692 0.049207 0.001
v 0.067692 0.049207 0.016
v 0.067533 0.048999 0.001
v 0.067533 0.048999 0.016
v 0.067434 0.048758 0.001
v 0.067434 0.048758 0.016
v 0.06925 0.04902 0.001
v 0.069266 0.048999 0.016
v 0.069107 0.047792 0.016
v 0.076365 0.048241 0.016
v 0.076399 0.0485 0.016
v 0.0754 0.0485 0.016
v 0.076266 0.048 0.016
v 0.076107 0.047792 0.016
v 0.0759 0.047633 0.016
v 0.075658 0.047534 0.016
v 0.0754 0.047499 0.016
v 0.075141 0.047534 0.016
v 0.0749 0.047633 0.016
v 0.074692 0.047792 0.016
v 0.074533 0.048 0.016
v 0.074434 0.048758 0.016
v 0.0744 0.0485 0.016
v 0.074533 0.048999 0.016
v 0.076365 0.048758 0.016
v 0.076266 0.048999 0.016
v 0.074434 0.048241 0.016
v 0.074692 0.049207 0.016
v 0.0749 0.049366 0.016
v 0.075141 0.049465 0.016
v 0.0754 0.049499 0.016
v 0.075658 0.049465 0.016
v 0.0759 0.049366 0.016
v 0.076107 0.049207 0.016
v 0.074533 0.048999 0.001
v 0.074533 0.048999 0.016
v 0.074692 0.049207 0.016
v 0.074692 0.049207 0.001
v 0.0749 0.049366 0.016
v 0.0749 0.049366 0.001
v 0.075141 0.049465 0.016
v 0.075141 0.049465 0.001
v 0.0754 0.049499 0.016
v 0.0754 0.049499 0.001
v 0.075658 0.049465 0.016
v 0.075658 0.049465 0.001
v 0.0759 0.049366 0.016
v 0.0759 0.049366 0.001
v 0.076107 0.049207 0.016
v 0.076266 0.048999 0.016
v 0.076266 0.048999 0.001
v 0.07625 0.04902 0.001
v 0.076107 0.049207 0.001
v 0.076365 0.048758 0.016
v 0.076365 0.048758 0.001
v 0.076399 0.0485 0.016
v 0.076399 0.0485 0.001
v 0.076365 0.048241 0.016
v 0.076365 0.048241 0.001
v 0.076266 0.048 0.016
v 0.076107 0.047792 0.016
v 0.076107 0.047792 0.001
v 0.07625 0.047979 0.001
v 0.0759 0.047633 0.016
v 0.0759 0.047633 0.001
v 0.075658 0.047534 0.016
v 0.075658 0.047534 0.001
v 0.0754 0.047499 0.016
v 0.0754 0.047499 0.001
v 0.075141 0.047534 0.016
v 0.075141 0.047534 0.001
v 0.0749 0.047633 0.016
v 0.0749 0.047633 0.001
v 0.074692 0.047792 0.016
v 0.074692 0.047792 0.001
v 0.074533 0.048 0.016
v 0.074533 0.048 0.001
v 0.074434 0.048241 0.016
v 0.074434 0.048241 0.001
v 0.0744 0.0485 0.016
v 0.0744 0.0485 0.001
v 0.074434 0.048758 0.016
v 0.076266 0.048 0.001
v 0.074434 0.048758 0.001
v 0.053533 0.048 0.016
v 0.053692 0.047792 0.016
v 0.0544 0.0485 0.016
v 0.053899 0.047633 0.016
v 0.054141 0.047534 0.016
v 0.0544 0.047499 0.016
v 0.054658 0.047534 0.016
v 0.0549 0.047633 0.016
v 0.055107 0.047792 0.016
v 0.055266 0.048 0.016
v 0.055365 0.048241 0.016
v 0.055399 0.0485 0.016
v 0.055365 0.048758 0.016
v 0.053533 0.048999 0.016
v 0.053434 0.048758 0.016
v 0.055266 0.048999 0.016
v 0.055107 0.049207 0.016
v 0.0549 0.049366 0.016
v 0.054658 0.049465 0.016
v 0.0544 0.049499 0.016
v 0.054141 0.049465 0.016
v 0.053899 0.049366 0.016
v 0.053692 0.049207 0.016
v 0.053399 0.0485 0.016
v 0.053434 0.048241 0.016
v 0.05525 0.04902 0.001
v 0.055107 0.049207 0.001
v 0.055107 0.049207 0.016
v 0.055266 0.048999 0.001
v 0.055266 0.048999 0.016
v 0.055365 0.048758 0.016
v 0.055365 0.048758 0.001
v 0.055399 0.0485 0.016
v 0.055399 0.0485 0.001
v 0.055365 0.048241 0.016
v 0.055365 0.048241 0.001
v 0.055266 0.048 0.016
v 0.055107 0.047792 0.016
v 0.055107 0.047792 0.001
v 0.05525 0.047979 0.001
v 0.0549 0.047633 0.016
v 0.0549 0.047633 0.001
v 0.054658 0.047534 0.016
v 0.054658 0.047534 0.001
v 0.0544 0.047499 0.016
v 0.0544 0.047499 0.001
v 0.054141 0.047534 0.016
v 0.054141 0.047534 0.001
v 0.053899 0.047633 0.016
v 0.053899 0.047633 0.001
v 0.053692 0.047792 0.016
v 0.053692 0.047792 0.001
v 0.053533 0.048 0.016
v 0.053533 0.048 0.001
v 0.053434 0.048241 0.016
v 0.053434 0.048241 0.001
v 0.053399 0.0485 0.016
v 0.053399 0.0485 0.001
v 0.055266 0.048 0.001
v 0.0549 0.049366 0.001
v 0.0549 0.049366 0.016
v 0.054658 0.049465 0.001
v 0.054658 0.049465 0.016
v 0.0544 0.049499 0.001
v 0.0544 0.049499 0.016
v 0.054141 0.049465 0.001
v 0.054141 0.049465 0.016
v 0.053899 0.049366 0.001
v 0.053899 0.049366 0.016
v 0.053692 0.049207 0.001
v 0.053692 0.049207 0.016
v 0.053533 0.048999 0.001
v 0.053533 0.048999 0.016
v 0.053434 0.048758 0.001
v 0.053434 0.048758 0.016
v 0.047141 0.047534 0.016
v 0.0474 0.047499 0.016
v 0.0474 0.0485 0.016
v 0.048107 0.047792 0.016
v 0.048266 0.048 0.016
v 0.046434 0.048241 0.016
v 0.046533 0.048 0.016
v 0.046692 0.047792 0.016
v 0.0469 0.047633 0.016
v 0.047658 0.047534 0.016
v 0.047899 0.047633 0.016
v 0.048365 0.048241 0.016
v 0.048399 0.0485 0.016
v 0.048365 0.048758 0.016
v 0.048266 0.048999 0.016
v 0.048107 0.049207 0.016
v 0.047899 0.049366 0.016
v 0.047658 0.049465 0.016
v 0.0474 0.049499 0.016
v 0.047141 0.049465 0.016
v 0.0469 0.049366 0.016
v 0.046692 0.049207 0.016
v 0.046533 0.048999 0.016
v 0.046434 0.048758 0.016
v 0.046399 0.0485 0.016
v 0.047899 0.049366 0.001
v 0.047899 0.049366 0.016
v 0.048107 0.049207 0.016
v 0.04825 0.047979 0.001
v 0.048266 0.048 0.001
v 0.048266 0.048 0.016
v 0.048365 0.048241 0.016
v 0.048365 0.048241 0.001
v 0.048399 0.0485 0.001
v 0.048399 0.0485 0.016
v 0.048365 0.048758 0.001
v 0.048365 0.048758 0.016
v 0.048266 0.048999 0.001
v 0.047658 0.049465 0.001
v 0.047658 0.049465 0.016
v 0.0474 0.049499 0.001
v 0.047899 0.047633 0.016
v 0.047899 0.047633 0.001
v 0.048107 0.047792 0.001
v 0.0474 0.049499 0.016
v 0.047141 0.049465 0.001
v 0.047141 0.049465 0.016
v 0.0469 0.049366 0.001
v 0.0469 0.049366 0.016
v 0.046692 0.049207 0.001
v 0.046692 0.049207 0.016
v 0.046533 0.048999 0.001
v 0.046533 0.048999 0.016
v 0.046434 0.048758 0.001
v 0.048107 0.049207 0.001
v 0.0474 0.047499 0.001
v 0.0474 0.047499 0.016
v 0.047141 0.047534 0.016
v 0.047658 0.047534 0.016
v 0.047658 0.047534 0.001
v 0.047141 0.047534 0.001
v 0.0469 0.047633 0.016
v 0.0469 0.047633 0.001
v 0.048266 0.048999 0.016
v 0.04825 0.04902 0.001
v 0.046692 0.047792 0.016
v 0.046692 0.047792 0.001
v 0.046533 0.048 0.016
v 0.046533 0.048 0.001
v 0.046434 0.048241 0.016
v 0.046434 0.048241 0.001
v 0.046434 0.048758 0.016
v 0.046399 0.0485 0.001
v 0.046399 0.0485 0.016
v 0.048107 0.047792 0.016
v 0.041365 0.048758 0.016
v 0.041266 0.048999 0.016
v 0.040399 0.0485 0.016
v 0.041107 0.049207 0.016
v 0.040899 0.049366 0.016
v 0.040658 0.049465 0.016
v 0.040399 0.049499 0.016
v 0.040141 0.049465 0.016
v 0.0399 0.049366 0.016
v 0.039692 0.049207 0.016
v 0.039533 0.048999 0.016
v 0.039434 0.048758 0.016
v 0.0394 0.0485 0.016
v 0.039434 0.048241 0.016
v 0.0399 0.047633 0.016
v 0.040141 0.047534 0.016
v 0.039533 0.048 0.016
v 0.039692 0.047792 0.016
v 0.040399 0.047499 0.016
v 0.040658 0.047534 0.016
v 0.040899 0.047633 0.016
v 0.041107 0.047792 0.016
v 0.041266 0.048 0.016
v 0.041365 0.048241 0.016
v 0.0414 0.0485 0.016
v 0.040899 0.047633 0.001
v 0.040899 0.047633 0.016
v 0.040658 0.047534 0.016
v 0.04125 0.04902 0.001
v 0.041107 0.049207 0.001
v 0.041107 0.049207 0.016
v 0.041266 0.048999 0.016
v 0.041266 0.048999 0.001
v 0.040899 0.049366 0.001
v 0.040899 0.049366 0.016
v 0.040658 0.049465 0.001
v 0.040658 0.049465 0.016
v 0.040399 0.049499 0.001
v 0.040399 0.049499 0.016
v 0.040141 0.049465 0.001
v 0.040141 0.049465 0.016
v 0.0399 0.049366 0.001
v 0.0399 0.049366 0.016
v 0.041365 0.048241 0.016
v 0.041365 0.048241 0.001
v 0.0414 0.0485 0.001
v 0.039533 0.048999 0.001
v 0.039533 0.048999 0.016
v 0.039692 0.049207 0.016
v 0.039434 0.048758 0.001
v 0.039434 0.048758 0.016
v 0.041365 0.048758 0.001
v 0.041365 0.048758 0.016
v 0.0414 0.0485 0.016
v 0.041266 0.048 0.016
v 0.041107 0.047792 0.016
v 0.041107 0.047792 0.001
v 0.04125 0.047979 0.001
v 0.0394 0.0485 0.001
v 0.0394 0.0485 0.016
v 0.040658 0.047534 0.001
v 0.040399 0.047499 0.016
v 0.040399 0.047499 0.001
v 0.040141 0.047534 0.016
v 0.040141 0.047534 0.001
v 0.0399 0.047633 0.016
v 0.0399 0.047633 0.001
v 0.039692 0.047792 0.016
v 0.039692 0.047792 0.001
v 0.039533 0.048 0.016
v 0.039533 0.048 0.001
v 0.039434 0.048241 0.016
v 0.039434 0.048241 0.001
v 0.039692 0.049207 0.001
v 0.041266 0.048 0.001
v 0.033192 0.039292 0.016
v 0.033399 0.039133 0.016
v 0.0339 0.039999 0.016
v 0.033641 0.039034 0.016
v 0.0339 0.039 0.016
v 0.034158 0.039034 0.016
v 0.0344 0.039133 0.016
v 0.034607 0.039292 0.016
v 0.034766 0.0395 0.016
v 0.034865 0.039741 0.016
v 0.034899 0.039999 0.016
v 0.034865 0.040258 0.016
v 0.034766 0.0405 0.016
v 0.034607 0.040707 0.016
v 0.033033 0.0405 0.016
v 0.032934 0.040258 0.016
v 0.0329 0.039999 0.016
v 0.032934 0.039741 0.016
v 0.033033 0.0395 0.016
v 0.033192 0.040707 0.016
v 0.033399 0.040866 0.016
v 0.033641 0.040965 0.016
v 0.0339 0.041 0.016
v 0.034158 0.040965 0.016
v 0.0344 0.040866 0.016
v 0.033399 0.039133 0.016
v 0.033399 0.039133 0.001
v 0.033641 0.039034 0.001
v 0.033641 0.039034 0.016
v 0.0339 0.039 0.001
v 0.0339 0.039 0.016
v 0.034158 0.039034 0.001
v 0.034158 0.039034 0.016
v 0.0344 0.039133 0.001
v 0.0344 0.039133 0.016
v 0.034607 0.039292 0.001
v 0.034607 0.039292 0.016
v 0.034766 0.0395 0.001
v 0.034766 0.0395 0.016
v 0.034865 0.039741 0.001
v 0.034865 0.039741 0.016
v 0.034899 0.039999 0.001
v 0.034899 0.039999 0.016
v 0.034865 0.040258 0.001
v 0.034865 0.040258 0.016
v 0.034766 0.0405 0.001
v 0.034766 0.0405 0.016
v 0.034607 0.040707 0.001
v 0.034607 0.040707 0.016
v 0.0344 0.040866 0.001
v 0.0344 0.040866 0.016
v 0.034158 0.040965 0.001
v 0.034158 0.040965 0.016
v 0.0339 0.041 0.001
v 0.0339 0.041 0.016
v 0.033641 0.040965 0.001
v 0.033641 0.040965 0.016
v 0.033399 0.040866 0.001
v 0.033399 0.040866 0.016
v 0.033192 0.040707 0.001
v 0.033192 0.040707 0.016
v 0.033033 0.0405 0.001
v 0.033033 0.0405 0.016
v 0.032934 0.040258 0.001
v 0.032934 0.040258 0.016
v 0.0329 0.039999 0.001
v 0.0329 0.039999 0.016
v 0.033192 0.039292 0.016
v 0.033192 0.039292 0.001
v 0.033033 0.0395 0.016
v 0.033033 0.0395 0.001
v 0.032934 0.039741 0.016
v 0.032934 0.039741 0.001
v 0.0344 0.032133 0.016
v 0.034607 0.032292 0.016
v 0.0339 0.032999 0.016
v 0.034766 0.032499 0.016
v 0.034865 0.032741 0.016
v 0.034158 0.032034 0.016
v 0.0329 0.032999 0.016
v 0.032934 0.032741 0.016
v 0.032934 0.033258 0.016
v 0.033033 0.0335 0.016
v 0.033192 0.033707 0.016
v 0.033399 0.033866 0.016
v 0.033641 0.033965 0.016
v 0.0339 0.032 0.016
v 0.033641 0.032034 0.016
v 0.033399 0.032133 0.016
v 0.033192 0.032292 0.016
v 0.033033 0.032499 0.016
v 0.0339 0.034 0.016
v 0.034158 0.033965 0.016
v 0.0344 0.033866 0.016
v 0.034607 0.033707 0.016
v 0.034766 0.0335 0.016
v 0.034865 0.033258 0.016
v 0.034899 0.032999 0.016
v 0.0339 0.032 0.016
v 0.0339 0.032 0.001
v 0.034158 0.032034 0.001
v 0.034158 0.032034 0.016
v 0.0344 0.032133 0.001
v 0.0344 0.032133 0.016
v 0.034607 0.032292 0.001
v 0.034899 0.032999 0.016
v 0.034899 0.032999 0.001
v 0.034865 0.033258 0.001
v 0.034607 0.032292 0.016
v 0.034766 0.032499 0.001
v 0.034766 0.032499 0.016
v 0.034865 0.032741 0.001
v 0.034865 0.033258 0.016
v 0.034766 0.0335 0.001
v 0.034865 0.032741 0.016
v 0.032934 0.033258 0.016
v 0.032934 0.033258 0.001
v 0.0329 0.032999 0.001
v 0.033033 0.0335 0.016
v 0.033033 0.0335 0.001
v 0.033192 0.033707 0.016
v 0.033192 0.033707 0.001
v 0.033399 0.033866 0.016
v 0.033399 0.033866 0.001
v 0.033641 0.033965 0.016
v 0.033641 0.033965 0.001
v 0.0339 0.034 0.016
v 0.0339 0.034 0.001
v 0.034158 0.033965 0.016
v 0.034158 0.033965 0.001
v 0.0344 0.033866 0.016
v 0.0344 0.033866 0.001
v 0.034607 0.033707 0.016
v 0.034607 0.033707 0.001
v 0.034766 0.0335 0.016
v 0.033641 0.032034 0.016
v 0.033641 0.032034 0.001
v 0.033399 0.032133 0.016
v 0.033399 0.032133 0.001
v 0.033192 0.032292 0.016
v 0.033192 0.032292 0.001
v 0.033033 0.032499 0.016
v 0.033033 0.032499 0.001
v 0.032934 0.032741 0.016
v 0.032934 0.032741 0.001
v 0.0329 0.032999 0.016
v 0.0329 0.026 0.016
v 0.032934 0.025741 0.016
v 0.0339 0.026 0.016
v 0.032934 0.026258 0.016
v 0.033033 0.026499 0.016
v 0.033192 0.026707 0.016
v 0.033399 0.026866 0.016
v 0.033641 0.026965 0.016
v 0.0339 0.027 0.016
v 0.034158 0.026965 0.016
v 0.0344 0.026866 0.016
v 0.034607 0.026707 0.016
v 0.034766 0.026499 0.016
v 0.034865 0.026258 0.016
v 0.034899 0.026 0.016
v 0.034865 0.025741 0.016
v 0.034766 0.025499 0.016
v 0.034607 0.025292 0.016
v 0.0344 0.025133 0.016
v 0.034158 0.025034 0.016
v 0.0339 0.025 0.016
v 0.033641 0.025034 0.016
v 0.033399 0.025133 0.016
v 0.033192 0.025292 0.016
v 0.033033 0.025499 0.016
v 0.034766 0.025499 0.001
v 0.034766 0.025499 0.016
v 0.034607 0.025292 0.016
v 0.034865 0.025741 0.001
v 0.034865 0.025741 0.016
v 0.034899 0.026 0.001
v 0.034899 0.026 0.016
v 0.034865 0.026258 0.001
v 0.034865 0.026258 0.016
v 0.034766 0.026499 0.001
v 0.034766 0.026499 0.016
v 0.0344 0.026866 0.001
v 0.0344 0.026866 0.016
v 0.034607 0.026707 0.016
v 0.034158 0.026965 0.001
v 0.034158 0.026965 0.016
v 0.0339 0.027 0.001
v 0.0339 0.027 0.016
v 0.033641 0.026965 0.001
v 0.033641 0.026965 0.016
v 0.033192 0.026707 0.001
v 0.033192 0.026707 0.016
v 0.033399 0.026866 0.016
v 0.033033 0.026499 0.001
v 0.033033 0.026499 0.016
v 0.032934 0.026258 0.001
v 0.032934 0.026258 0.016
v 0.0329 0.026 0.001
v 0.0329 0.026 0.016
v 0.034607 0.026707 0.001
v 0.033399 0.026866 0.001
v 0.032934 0.025741 0.016
v 0.032934 0.025741 0.001
v 0.033033 0.025499 0.001
v 0.033033 0.025499 0.016
v 0.033192 0.025292 0.001
v 0.033192 0.025292 0.016
v 0.033399 0.025133 0.001
v 0.033399 0.025133 0.016
v 0.033641 0.025034 0.001
v 0.033641 0.025034 0.016
v 0.0339 0.025 0.001
v 0.0339 0.025 0.016
v 0.034158 0.025034 0.001
v 0.034158 0.025034 0.016
v 0.0344 0.025133 0.001
v 0.0344 0.025133 0.016
v 0.034607 0.025292 0.001
v 0.034865 0.018741 0.016
v 0.034899 0.018999 0.016
v 0.0339 0.018999 0.016
v 0.034766 0.0185 0.016
v 0.034607 0.018292 0.016
v 0.0344 0.018133 0.016
v 0.034158 0.018034 0.016
v 0.0339 0.017999 0.016
v 0.033641 0.018034 0.016
v 0.033399 0.018133 0.016
v 0.033192 0.018292 0.016
v 0.033399 0.019866 0.016
v 0.033192 0.019707 0.016
v 0.033033 0.0185 0.016
v 0.032934 0.018741 0.016
v 0.032934 0.019258 0.016
v 0.0329 0.018999 0.016
v 0.033033 0.0195 0.016
v 0.033641 0.019965 0.016
v 0.0339 0.019999 0.016
v 0.034158 0.019965 0.016
v 0.0344 0.019866 0.016
v 0.034607 0.019707 0.016
v 0.034766 0.0195 0.016
v 0.034865 0.019258 0.016
v 0.033641 0.019965 0.001
v 0.033641 0.019965 0.016
v 0.0339 0.019999 0.016
v 0.0339 0.019999 0.001
v 0.034158 0.019965 0.016
v 0.034158 0.019965 0.001
v 0.0344 0.019866 0.016
v 0.0344 0.019866 0.001
v 0.034607 0.019707 0.016
v 0.034607 0.019707 0.001
v 0.034766 0.0195 0.016
v 0.034766 0.0195 0.001
v 0.034865 0.019258 0.016
v 0.034865 0.019258 0.001
v 0.034899 0.018999 0.016
v 0.034899 0.018999 0.001
v 0.034865 0.018741 0.016
v 0.034865 0.018741 0.001
v 0.034766 0.0185 0.016
v 0.034766 0.0185 0.001
v 0.034607 0.018292 0.016
v 0.034607 0.018292 0.001
v 0.0344 0.018133 0.016
v 0.0344 0.018133 0.001
v 0.034158 0.018034 0.016
v 0.034158 0.018034 0.001
v 0.0339 0.017999 0.016
v 0.0339 0.017999 0.001
v 0.033641 0.018034 0.016
v 0.033641 0.018034 0.001
v 0.033399 0.018133 0.016
v 0.033399 0.018133 0.001
v 0.033192 0.018292 0.016
v 0.033192 0.018292 0.001
v 0.033033 0.0185 0.016
v 0.033033 0.0185 0.001
v 0.032934 0.018741 0.016
v 0.032934 0.018741 0.001
v 0.0329 0.018999 0.016
v 0.0329 0.018999 0.001
v 0.033399 0.019866 0.001
v 0.033399 0.019866 0.016
v 0.033192 0.019707 0.001
v 0.033192 0.019707 0.016
v 0.033033 0.0195 0.001
v 0.033033 0.0195 0.016
v 0.032934 0.019258 0.001
v 0.032934 0.019258 0.016
v 0.0339 0.012 0.016
v 0.032934 0.011741 0.016
v 0.033033 0.0115 0.016
v 0.033192 0.011292 0.016
v 0.033399 0.011133 0.016
v 0.033641 0.011034 0.016
v 0.0339 0.010999 0.016
v 0.034158 0.011034 0.016
v 0.034158 0.012965 0.016
v 0.0339 0.013 0.016
v 0.0344 0.011133 0.016
v 0.034607 0.011292 0.016
v 0.034766 0.0115 0.016
v 0.034865 0.011741 0.016
v 0.034899 0.012 0.016
v 0.034865 0.012258 0.016
v 0.034766 0.0125 0.016
v 0.034607 0.012707 0.016
v 0.0344 0.012866 0.016
v 0.033641 0.012965 0.016
v 0.033399 0.012866 0.016
v 0.033192 0.012707 0.016
v 0.033033 0.0125 0.016
v 0.032934 0.012258 0.016
v 0.0329 0.012 0.016
v 0.032934 0.011741 0.001
v 0.032934 0.011741 0.016
v 0.0329 0.012 0.016
v 0.0329 0.012 0.001
v 0.033033 0.0115 0.001
v 0.033033 0.0115 0.016
v 0.033192 0.011292 0.001
v 0.033192 0.011292 0.016
v 0.033399 0.011133 0.001
v 0.033399 0.011133 0.016
v 0.033641 0.011034 0.001
v 0.033641 0.011034 0.016
v 0.0339 0.010999 0.001
v 0.0339 0.010999 0.016
v 0.034158 0.011034 0.001
v 0.034158 0.011034 0.016
v 0.0344 0.011133 0.001
v 0.0344 0.011133 0.016
v 0.034607 0.011292 0.001
v 0.034607 0.011292 0.016
v 0.034766 0.0115 0.001
v 0.034766 0.0115 0.016
v 0.034865 0.011741 0.001
v 0.034865 0.011741 0.016
v 0.034899 0.012 0.001
v 0.034865 0.012258 0.016
v 0.034865 0.012258 0.001
v 0.034766 0.0125 0.001
v 0.034766 0.0125 0.016
v 0.034607 0.012707 0.001
v 0.034607 0.012707 0.016
v 0.0344 0.012866 0.001
v 0.0344 0.012866 0.016
v 0.034158 0.012965 0.001
v 0.034158 0.012965 0.016
v 0.0339 0.013 0.001
v 0.0339 0.013 0.016
v 0.033641 0.012965 0.001
v 0.033641 0.012965 0.016
v 0.033399 0.012866 0.001
v 0.033399 0.012866 0.016
v 0.033192 0.012707 0.001
v 0.033192 0.012707 0.016
v 0.033033 0.0125 0.001
v 0.033033 0.0125 0.016
v 0.032934 0.012258 0.001
v 0.032934 0.012258 0.016
v 0.034899 0.012 0.016
v 0.0329 0.004999 0.016
v 0.032934 0.004741 0.016
v 0.0339 0.004999 0.016
v 0.034158 0.004034 0.016
v 0.0344 0.004133 0.016
v 0.034607 0.004292 0.016
v 0.034766 0.004499 0.016
v 0.034865 0.004741 0.016
v 0.034899 0.004999 0.016
v 0.034865 0.005258 0.016
v 0.034766 0.005499 0.016
v 0.034607 0.005707 0.016
v 0.0344 0.005866 0.016
v 0.034158 0.005965 0.016
v 0.032934 0.005258 0.016
v 0.0339 0.006 0.016
v 0.033641 0.005965 0.016
v 0.033399 0.005866 0.016
v 0.033192 0.005707 0.016
v 0.033033 0.005499 0.016
v 0.0339 0.004 0.016
v 0.033033 0.004499 0.016
v 0.033192 0.004292 0.016
v 0.033399 0.004133 0.016
v 0.033641 0.004034 0.016
v 0.034899 0.004999 0.001
v 0.034899 0.004999 0.016
v 0.034865 0.004741 0.016
v 0.034865 0.005258 0.001
v 0.034865 0.005258 0.016
v 0.034766 0.005499 0.001
v 0.034766 0.005499 0.016
v 0.034607 0.005707 0.001
v 0.034607 0.005707 0.016
v 0.0344 0.005866 0.001
v 0.0344 0.005866 0.016
v 0.034158 0.005965 0.001
v 0.034158 0.005965 0.016
v 0.0339 0.006 0.001
v 0.0339 0.006 0.016
v 0.033641 0.005965 0.001
v 0.033641 0.005965 0.016
v 0.033399 0.005866 0.001
v 0.033399 0.005866 0.016
v 0.033192 0.005707 0.001
v 0.033192 0.005707 0.016
v 0.033033 0.005499 0.001
v 0.033033 0.005499 0.016
v 0.032934 0.005258 0.001
v 0.032934 0.005258 0.016
v 0.0329 0.004999 0.001
v 0.0329 0.004999 0.016
v 0.034158 0.004034 0.001
v 0.034158 0.004034 0.016
v 0.0339 0.004 0.016
v 0.034865 0.004741 0.001
v 0.034766 0.004499 0.016
v 0.034766 0.004499 0.001
v 0.034607 0.004292 0.016
v 0.034607 0.004292 0.001
v 0.0344 0.004133 0.016
v 0.0344 0.004133 0.001
v 0.0339 0.004 0.001
v 0.033641 0.004034 0.016
v 0.033641 0.004034 0.001
v 0.033399 0.004133 0.016
v 0.033399 0.004133 0.001
v 0.033192 0.004292 0.016
v 0.033192 0.004292 0.001
v 0.033033 0.004499 0.016
v 0.033033 0.004499 0.001
v 0.032934 0.004741 0.016
v 0.032934 0.004741 0.001
v 0.041065 -0.001758 0.016
v 0.041099 -0.0015 0.016
v 0.0401 -0.0015 0.016
v 0.041065 -0.001241 0.016
v 0.040966 -0.001 0.016
v 0.040807 -0.000792 0.016
v 0.0406 -0.000633 0.016
v 0.040358 -0.000534 0.016
v 0.0401 -0.0005 0.016
v 0.039841 -0.000534 0.016
v 0.039599 -0.000633 0.016
v 0.039392 -0.000792 0.016
v 0.039233 -0.001 0.016
v 0.039134 -0.001241 0.016
v 0.039099 -0.0015 0.016
v 0.039134 -0.001758 0.016
v 0.040358 -0.002465 0.016
v 0.0406 -0.002366 0.016
v 0.040966 -0.002 0.016
v 0.0401 -0.002499 0.016
v 0.039841 -0.002465 0.016
v 0.039599 -0.002366 0.016
v 0.039392 -0.002207 0.016
v 0.039233 -0.002 0.016
v 0.040807 -0.002207 0.016
v 0.040966 -0.001 0.001
v 0.040966 -0.001 0.016
v 0.041065 -0.001241 0.016
v 0.040807 -0.000792 0.001
v 0.040807 -0.000792 0.016
v 0.0406 -0.000633 0.001
v 0.0406 -0.000633 0.016
v 0.040358 -0.000534 0.001
v 0.040358 -0.000534 0.016
v 0.0401 -0.0005 0.001
v 0.0401 -0.0005 0.016
v 0.039841 -0.000534 0.001
v 0.039841 -0.000534 0.016
v 0.039599 -0.000633 0.001
v 0.039599 -0.000633 0.016
v 0.040807 -0.002207 0.016
v 0.040807 -0.002207 0.001
v 0.040966 -0.002 0.001
v 0.039392 -0.000792 0.001
v 0.039392 -0.000792 0.016
v 0.039233 -0.001 0.001
v 0.039233 -0.001 0.016
v 0.039134 -0.001241 0.001
v 0.039134 -0.001241 0.016
v 0.039099 -0.0015 0.001
v 0.039099 -0.0015 0.016
v 0.0406 -0.002366 0.001
v 0.0406 -0.002366 0.016
v 0.040358 -0.002465 0.016
v 0.040966 -0.002 0.016
v 0.039233 -0.002 0.001
v 0.039233 -0.002 0.016
v 0.039134 -0.001758 0.016
v 0.041065 -0.001758 0.001
v 0.041065 -0.001758 0.016
v 0.041099 -0.0015 0.001
v 0.041099 -0.0015 0.016
v 0.041065 -0.001241 0.001
v 0.040358 -0.002465 0.001
v 0.0401 -0.002499 0.016
v 0.0401 -0.002499 0.001
v 0.039841 -0.002465 0.016
v 0.039841 -0.002465 0.001
v 0.039599 -0.002366 0.016
v 0.039599 -0.002366 0.001
v 0.039392 -0.002207 0.016
v 0.039392 -0.002207 0.001
v 0.039134 -0.001758 0.001
v 0.0476 -0.000633 0.016
v 0.047358 -0.000534 0.016
v 0.0471 -0.0015 0.016
v 0.0471 -0.0005 0.016
v 0.046841 -0.000534 0.016
v 0.046599 -0.000633 0.016
v 0.046134 -0.001758 0.016
v 0.046233 -0.002 0.016
v 0.046134 -0.001241 0.016
v 0.0461 -0.0015 0.016
v 0.047966 -0.001 0.016
v 0.047807 -0.000792 0.016
v 0.048065 -0.001241 0.016
v 0.048099 -0.0015 0.016
v 0.048065 -0.001758 0.016
v 0.047966 -0.002 0.016
v 0.047807 -0.002207 0.016
v 0.0476 -0.002366 0.016
v 0.047358 -0.002465 0.016
v 0.0471 -0.002499 0.016
v 0.046841 -0.002465 0.016
v 0.046599 -0.002366 0.016
v 0.046392 -0.002207 0.016
v 0.046233 -0.001 0.016
v 0.046392 -0.000792 0.016
v 0.047807 -0.000792 0.001
v 0.047807 -0.000792 0.016
v 0.047966 -0.001 0.016
v 0.047966 -0.001 0.001
v 0.048065 -0.001241 0.016
v 0.048065 -0.001241 0.001
v 0.048099 -0.0015 0.016
v 0.048065 -0.001758 0.001
v 0.048065 -0.001758 0.016
v 0.047966 -0.002 0.016
v 0.047966 -0.002 0.001
v 0.047807 -0.002207 0.016
v 0.047807 -0.002207 0.001
v 0.0476 -0.002366 0.016
v 0.0476 -0.002366 0.001
v 0.047358 -0.002465 0.016
v 0.047358 -0.002465 0.001
v 0.0471 -0.002499 0.016
v 0.0471 -0.002499 0.001
v 0.046841 -0.002465 0.016
v 0.046841 -0.002465 0.001
v 0.046599 -0.002366 0.016
v 0.046599 -0.002366 0.001
v 0.046392 -0.002207 0.016
v 0.046233 -0.002 0.016
v 0.046233 -0.002 0.001
v 0.04625 -0.00202 0.001
v 0.046392 -0.002207 0.001
v 0.046134 -0.001758 0.016
v 0.046134 -0.001758 0.001
v 0.0461 -0.0015 0.016
v 0.0461 -0.0015 0.001
v 0.048099 -0.0015 0.001
v 0.0476 -0.000633 0.001
v 0.0476 -0.000633 0.016
v 0.047358 -0.000534 0.001
v 0.047358 -0.000534 0.016
v 0.0471 -0.0005 0.001
v 0.0471 -0.0005 0.016
v 0.046841 -0.000534 0.001
v 0.046841 -0.000534 0.016
v 0.046599 -0.000633 0.001
v 0.046599 -0.000633 0.016
v 0.046392 -0.000792 0.001
v 0.046134 -0.001241 0.016
v 0.046134 -0.001241 0.001
v 0.046233 -0.001 0.016
v 0.046392 -0.000792 0.016
v 0.04625 -0.000979 0.001
v 0.046233 -0.001 0.001
v 0.053841 -0.000534 0.016
v 0.053599 -0.000633 0.016
v 0.054099 -0.0015 0.016
v 0.053392 -0.000792 0.016
v 0.053841 -0.002465 0.016
v 0.054099 -0.002499 0.016
v 0.054807 -0.000792 0.016
v 0.0546 -0.000633 0.016
v 0.053233 -0.001 0.016
v 0.053134 -0.001241 0.016
v 0.0531 -0.0015 0.016
v 0.053134 -0.001758 0.016
v 0.053599 -0.002366 0.016
v 0.053392 -0.002207 0.016
v 0.053233 -0.002 0.016
v 0.054358 -0.002465 0.016
v 0.0546 -0.002366 0.016
v 0.054807 -0.002207 0.016
v 0.054966 -0.002 0.016
v 0.055065 -0.001758 0.016
v 0.054358 -0.000534 0.016
v 0.0551 -0.0015 0.016
v 0.055065 -0.001241 0.016
v 0.054966 -0.001 0.016
v 0.054099 -0.0005 0.016
v 0.053599 -0.002366 0.016
v 0.053599 -0.002366 0.001
v 0.053841 -0.002465 0.001
v 0.053841 -0.002465 0.016
v 0.054099 -0.002499 0.001
v 0.054099 -0.002499 0.016
v 0.054358 -0.002465 0.001
v 0.054358 -0.002465 0.016
v 0.0546 -0.002366 0.001
v 0.0546 -0.002366 0.016
v 0.054807 -0.002207 0.001
v 0.054807 -0.002207 0.016
v 0.054966 -0.002 0.001
v 0.054966 -0.002 0.016
v 0.055065 -0.001758 0.001
v 0.055065 -0.001758 0.016
v 0.0551 -0.0015 0.001
v 0.0551 -0.0015 0.016
v 0.055065 -0.001241 0.001
v 0.055065 -0.001241 0.016
v 0.054966 -0.001 0.001
v 0.054966 -0.001 0.016
v 0.054807 -0.000792 0.001
v 0.054807 -0.000792 0.016
v 0.0546 -0.000633 0.001
v 0.0546 -0.000633 0.016
v 0.054358 -0.000534 0.001
v 0.054358 -0.000534 0.016
v 0.054099 -0.0005 0.001
v 0.054099 -0.0005 0.016
v 0.053841 -0.000534 0.001
v 0.053841 -0.000534 0.016
v 0.053599 -0.000633 0.001
v 0.053599 -0.000633 0.016
v 0.053392 -0.000792 0.001
v 0.053392 -0.000792 0.016
v 0.053233 -0.001 0.001
v 0.053233 -0.001 0.016
v 0.053134 -0.001241 0.001
v 0.053134 -0.001241 0.016
v 0.0531 -0.0015 0.001
v 0.0531 -0.0015 0.016
v 0.053392 -0.002207 0.016
v 0.053392 -0.002207 0.001
v 0.053233 -0.002 0.016
v 0.053233 -0.002 0.001
v 0.053134 -0.001758 0.016
v 0.053134 -0.001758 0.001
v 0.060233 -0.002 0.016
v 0.060392 -0.002207 0.016
v 0.061099 -0.0015 0.016
v 0.0606 -0.002366 0.016
v 0.060841 -0.002465 0.016
v 0.061099 -0.002499 0.016
v 0.061099 -0.0005 0.016
v 0.060841 -0.000534 0.016
v 0.061358 -0.002465 0.016
v 0.061599 -0.002366 0.016
v 0.061807 -0.002207 0.016
v 0.061966 -0.002 0.016
v 0.062065 -0.001758 0.016
v 0.0621 -0.0015 0.016
v 0.062065 -0.001241 0.016
v 0.061966 -0.001 0.016
v 0.061807 -0.000792 0.016
v 0.061599 -0.000633 0.016
v 0.061358 -0.000534 0.016
v 0.0601 -0.0015 0.016
v 0.060134 -0.001758 0.016
v 0.060134 -0.001241 0.016
v 0.060233 -0.001 0.016
v 0.0606 -0.000633 0.016
v 0.060392 -0.000792 0.016
v 0.061099 -0.002499 0.016
v 0.061099 -0.002499 0.001
v 0.061358 -0.002465 0.001
v 0.061358 -0.002465 0.016
v 0.061599 -0.002366 0.001
v 0.061599 -0.002366 0.016
v 0.061807 -0.002207 0.001
v 0.061807 -0.002207 0.016
v 0.061966 -0.002 0.001
v 0.061966 -0.002 0.016
v 0.062065 -0.001758 0.001
v 0.062065 -0.001758 0.016
v 0.0621 -0.0015 0.001
v 0.0621 -0.0015 0.016
v 0.062065 -0.001241 0.001
v 0.062065 -0.001241 0.016
v 0.061966 -0.001 0.001
v 0.061966 -0.001 0.016
v 0.061807 -0.000792 0.001
v 0.061807 -0.000792 0.016
v 0.061599 -0.000633 0.001
v 0.061599 -0.000633 0.016
v 0.061358 -0.000534 0.001
v 0.061358 -0.000534 0.016
v 0.061099 -0.0005 0.001
v 0.060233 -0.002 0.001
v 0.060233 -0.002 0.016
v 0.060134 -0.001758 0.016
v 0.060134 -0.001758 0.001
v 0.0601 -0.0015 0.016
v 0.0601 -0.0015 0.001
v 0.060134 -0.001241 0.001
v 0.060134 -0.001241 0.016
v 0.060233 -0.001 0.016
v 0.060392 -0.002207 0.001
v 0.060392 -0.002207 0.016
v 0.0606 -0.002366 0.001
v 0.0606 -0.002366 0.016
v 0.060841 -0.002465 0.001
v 0.060841 -0.002465 0.016
v 0.061099 -0.0005 0.016
v 0.060841 -0.000534 0.001
v 0.060233 -0.001 0.001
v 0.060392 -0.000792 0.016
v 0.060392 -0.000792 0.001
v 0.0606 -0.000633 0.016
v 0.0606 -0.000633 0.001
v 0.060841 -0.000534 0.016
v 0.067134 -0.001241 0.016
v 0.0671 -0.0015 0.016
v 0.068099 -0.0015 0.016
v 0.067233 -0.001 0.016
v 0.067392 -0.000792 0.016
v 0.067599 -0.000633 0.016
v 0.067841 -0.000534 0.016
v 0.068099 -0.0005 0.016
v 0.068358 -0.000534 0.016
v 0.068599 -0.000633 0.016
v 0.067841 -0.002465 0.016
v 0.068099 -0.002499 0.016
v 0.068807 -0.000792 0.016
v 0.068358 -0.002465 0.016
v 0.067134 -0.001758 0.016
v 0.068599 -0.002366 0.016
v 0.068807 -0.002207 0.016
v 0.068966 -0.002 0.016
v 0.069065 -0.001758 0.016
v 0.069099 -0.0015 0.016
v 0.069065 -0.001241 0.016
v 0.067233 -0.002 0.016
v 0.068966 -0.001 0.016
v 0.067392 -0.002207 0.016
v 0.067599 -0.002366 0.016
v 0.069065 -0.001758 0.016
v 0.069065 -0.001758 0.001
v 0.069099 -0.0015 0.001
v 0.069099 -0.0015 0.016
v 0.069065 -0.001241 0.001
v 0.069065 -0.001241 0.016
v 0.068966 -0.001 0.001
v 0.068966 -0.001 0.016
v 0.068807 -0.000792 0.001
v 0.068807 -0.000792 0.016
v 0.068599 -0.000633 0.001
v 0.068599 -0.000633 0.016
v 0.068358 -0.000534 0.001
v 0.068358 -0.000534 0.016
v 0.068099 -0.0005 0.001
v 0.068099 -0.0005 0.016
v 0.067841 -0.000534 0.001
v 0.067599 -0.000633 0.016
v 0.067599 -0.000633 0.001
v 0.067392 -0.000792 0.001
v 0.067392 -0.000792 0.016
v 0.067233 -0.001 0.001
v 0.067233 -0.001 0.016
v 0.067134 -0.001241 0.001
v 0.067134 -0.001241 0.016
v 0.0671 -0.0015 0.001
v 0.067233 -0.002 0.001
v 0.067233 -0.002 0.016
v 0.067134 -0.001758 0.016
v 0.067841 -0.000534 0.016
v 0.0671 -0.0015 0.016
v 0.068966 -0.002 0.016
v 0.068966 -0.002 0.001
v 0.068807 -0.002207 0.016
v 0.068807 -0.002207 0.001
v 0.068599 -0.002366 0.016
v 0.068599 -0.002366 0.001
v 0.068358 -0.002465 0.016
v 0.068358 -0.002465 0.001
v 0.068099 -0.002499 0.016
v 0.068099 -0.002499 0.001
v 0.067841 -0.002465 0.016
v 0.067841 -0.002465 0.001
v 0.067599 -0.002366 0.016
v 0.067599 -0.002366 0.001
v 0.067392 -0.002207 0.016
v 0.067392 -0.002207 0.001
v 0.067134 -0.001758 0.001
v 0.076065 -0.001758 0.016
v 0.076099 -0.0015 0.016
v 0.075099 -0.0015 0.016
v 0.075599 -0.002366 0.016
v 0.075807 -0.002207 0.016
v 0.074134 -0.001241 0.016
v 0.0741 -0.0015 0.016
v 0.074233 -0.001 0.016
v 0.074392 -0.000792 0.016
v 0.0746 -0.000633 0.016
v 0.074841 -0.000534 0.016
v 0.075099 -0.0005 0.016
v 0.074134 -0.001758 0.016
v 0.074233 -0.002 0.016
v 0.074392 -0.002207 0.016
v 0.075358 -0.000534 0.016
v 0.075599 -0.000633 0.016
v 0.075358 -0.002465 0.016
v 0.075099 -0.002499 0.016
v 0.074841 -0.002465 0.016
v 0.0746 -0.002366 0.016
v 0.075807 -0.000792 0.016
v 0.075966 -0.001 0.016
v 0.076065 -0.001241 0.016
v 0.075966 -0.002 0.016
v 0.074841 -0.000534 0.001
v 0.074841 -0.000534 0.016
v 0.075099 -0.0005 0.016
v 0.075099 -0.0005 0.001
v 0.075358 -0.000534 0.016
v 0.075358 -0.000534 0.001
v 0.075599 -0.000633 0.016
v 0.075599 -0.000633 0.001
v 0.075807 -0.000792 0.016
v 0.075807 -0.000792 0.001
v 0.075966 -0.001 0.016
v 0.075966 -0.001 0.001
v 0.076065 -0.001241 0.016
v 0.076065 -0.001241 0.001
v 0.076099 -0.0015 0.016
v 0.076099 -0.0015 0.001
v 0.076065 -0.001758 0.016
v 0.075966 -0.002 0.001
v 0.075966 -0.002 0.016
v 0.075807 -0.002207 0.016
v 0.075807 -0.002207 0.001
v 0.075599 -0.002366 0.016
v 0.076065 -0.001758 0.001
v 0.074134 -0.001241 0.016
v 0.074134 -0.001241 0.001
v 0.0741 -0.0015 0.001
v 0.074233 -0.001 0.016
v 0.074233 -0.001 0.001
v 0.074392 -0.000792 0.016
v 0.074392 -0.000792 0.001
v 0.0746 -0.000633 0.016
v 0.0746 -0.000633 0.001
v 0.075358 -0.002465 0.016
v 0.075358 -0.002465 0.001
v 0.075599 -0.002366 0.001
v 0.075099 -0.002499 0.016
v 0.075099 -0.002499 0.001
v 0.074841 -0.002465 0.016
v 0.074841 -0.002465 0.001
v 0.0746 -0.002366 0.016
v 0.0746 -0.002366 0.001
v 0.074392 -0.002207 0.016
v 0.074392 -0.002207 0.001
v 0.074233 -0.002 0.016
v 0.074233 -0.002 0.001
v 0.074134 -0.001758 0.016
v 0.074134 -0.001758 0.001
v 0.0741 -0.0015 0.016
vn 1 0 0
vn 1 0 0
vn 1 0 0
vn 1 0 0
vn 0 0 1
vn 0 0 1
vn 0 0 1
vn 0 0 1
vn 0 0 1
vn 0 0 1
vn 0 0 1
vn 0 0 1
vn 0 0 1
vn 0 0 1
vn 0 0 1
vn 0 0 1
vn 0 0 1
vn 0 0 1
vn 0 0 1
vn 0 0 1
vn 0 0 1
vn 0 0 1
vn 0 0 1
vn 0 0 1
vn 0 0 1
vn 0 0 1
vn 0 0 1
vn 0 0 1
vn 0 0 1
vn 0 0 1
vn 0 0 1
vn 0 0 1
vn 0 0 1
vn 0 0 1
vn 0 0 1
vn 0 0 1
vn 0 0 1
vn 0 0 1
vn 0 0 1
vn 0 0 1
vn 0 0 1
vn 0 0 1
vn 0 0 1
vn 0 0 1
vn 0 0 1
vn 0 0 1
vn 0 0 1
vn 0 0 1
vn 0 0 1
vn 0 0 1
vn 0 0 1
vn 0 0 1
vn 0 0 1
vn 0 0 1
vn 0 0 1
vn 0 0 1
vn 0 0 1
vn 0 0 1
vn 0 0 1
vn 0 0 1
vn 0 0 1
vn 0 0 1
vn 0 0 1
vn 0 0 1
vn 0 0 1
vn 0 0 1
vn 0 0 1
vn 0 0 1
vn 0 0 1
vn 0 0 1
vn 0 0 1
vn 0 0 1
vn 0 0 1
vn 0 0 1
vn 0 0 1
vn 0 0 1
vn 0 0 1
vn 0 0 1
vn 0 0 1
vn 0 0 1
vn 0 0 1
vn 0 0 1
vn 0 0 1
vn 0 0 1
vn 0 0 1
vn 0 0 1
vn 0 0 1
vn 0 0 1
vn 0 0 1
vn 0 0 1
vn 0 0 1
vn 0 0 1
vn 0 0 1
vn 0 0 1
vn 0 0 1
vn 0 0 1
vn 0 0 1
vn 0 0 1
vn 0 0 1
vn 0 0 1
vn 0 0 1
vn 0 0 1
vn 0 0 1
vn 0 0 1
vn 0 0 1
vn 0 0 1
vn 0 0 1
vn 0 0 1
vn 0 0 1
vn 0 0 1
vn 0 0 1
vn 0 0 1
vn 0 0 1
vn 0 0 1
vn 0 0 1
vn 0 0 1
vn 0 0 1
vn 0 0 1
vn 0 0 1
vn 0 0 1
vn 0 0 1
vn 0 0 1
vn 0 0 1
vn 0 0 1
vn 0 0 1
vn 0 0 1
vn 0 0 1
vn 0 0 1
vn 0 0 1
vn 0 0 1
vn 0 0 1
vn 0 0 1
vn 0 0 1
vn 0 0 1
vn 0 0 1
vn 0 0 1
vn 0 0 1
vn 0 0 1
vn 0 0 1
vn 0 0 1
vn 0 0 1
vn 0 0 1
vn 0 0 1
vn 0 0 1
vn 0 0 1
vn 0 0 1
vn 0 0 1
vn 0 0 1
vn 0 0 1
vn 0 0 1
vn 0 0 1
vn 0 0 1
vn 0 0 1
vn 0 0 1
vn 0 0 1
vn 0 0 1
vn 0 0 1
vn 0 0 1
vn 0 0 1
vn 0 0 1
vn 0 0 1
vn 0 0 1
vn 0 0 1
vn 0 0 1
vn 0 0 1
vn 0 0 1
vn 0 0 1
vn 0 0 1
vn 0 0 1
vn 0 0 1
vn 0 0 1
vn 0 0 1
vn 0 0 1
vn 0 0 1
vn 0 0 1
vn 0 0 1
vn 0 0 1
vn 0 0 1
vn 0 0 1
vn 0 0 1
vn 0 0 1
vn 0 0 1
vn 0 0 1
vn 0 0 1
vn 0 0 1
vn 0 0 1
vn 0 0 1
vn 0 0 1
vn 0 0 1
vn 0 0 1
vn 0 0 1
vn 0 0 1
vn 0 0 1
vn 0 0 1
vn 0 0 1
vn 0 0 1
vn 0 0 1
vn 0 0 1
vn 0 0 1
vn 0 0 1
vn 0 0 1
vn 0 0 1
vn 0 0 1
vn 0 0 1
vn 0 0 1
vn 0 0 1
vn 0 0 1
vn 0 0 1
vn 0 0 1
vn 0 0 1
vn 0 0 1
vn 0 0 1
vn 0 0 1
vn 0 0 1
vn 0 0 1
vn 0 0 1
vn 0 0 1
vn 0 0 1
vn 0 0 1
vn 0 0 1
vn 0 0 1
vn 0 0 1
vn 0 0 1
vn 0 0 1
vn 0 0 1
vn 0 0 1
vn 0 0 1
vn 0 0 1
vn 0 0 1
vn 0 0 1
vn 0 0 1
vn 0 0 1
vn 0 0 1
vn 0 0 1
vn 0 0 1
vn 0 0 1
vn 0 0 1
vn 0 0 1
vn 0 0 1
vn 0 0 1
vn 0 0 1
vn 0 0 1
vn 0 0 1
vn 0 0 1
vn 0 0 1
vn 0 0 1
vn 0 0 1
vn 0 0 1
vn 0 0 1
vn 0 0 1
vn 0 0 1
vn 0 0 1
vn 0 0 1
vn 0 0 1
vn 0 0 1
vn 0 0 1
vn 0 0 1
vn 0 0 1
vn 0 0 1
vn 0 0 1
vn 0 0 1
vn 0 0 1
vn 0 0 1
vn 0 0 1
vn 0 0 1
vn 0 0 1
vn 0 0 1
vn 0 0 1
vn 0 0 1
vn 0 0 1
vn 0 0 1
vn 0 0 1
vn 0 0 1
vn 0 0 1
vn 0 0 1
vn 0 0 1
vn 0 0 1
vn 0 0 1
vn 0 0 1
vn 0 0 1
vn 0 0 1
vn 0 0 1
vn 0 0 1
vn 0 0 1
vn 0 0 1
vn 0 0 1
vn 0 0 1
vn 0 0 1
vn 0 0 1
vn 0 0 1
vn 0 0 1
vn 0 0 1
vn 0 0 1
vn 0 0 1
vn 0 0 1
vn 0 0 1
vn 0 0 1
vn 0 0 1
vn 0 0 1
vn 0 0 1
vn 0 0 1
vn 0 0 1
vn 0 0 1
vn 0 0 1
vn 0 0 1
vn 0 0 1
vn 0 0 1
vn 0 0 1
vn 0 0 1
vn 0 0 1
vn 0 0 1
vn 0 0 1
vn 0 0 1
vn 0 0 1
vn 0 0 1
vn 0 0 1
vn 0 0 1
vn 0 0 1
vn 0 0 1
vn 0 0 1
vn 0 0 1
vn 0 0 1
vn 0 0 1
vn 0 0 1
vn 0 0 1
vn 0 0 1
vn 0 0 1
vn 0 0 1
vn 0 0 1
vn 0 0 1
vn 0 0 1
vn 0 0 1
vn 0 0 1
vn 0 0 1
vn 0 0 1
vn 0 0 1
vn 0 0 1
vn 0 0 1
vn 0 0 1
vn 0 0 1
vn 0 0 1
vn 0 0 1
vn 0 0 1
vn 0 0 1
vn 0 0 1
vn 0 0 1
vn 0 0 1
vn 0 0 1
vn 0 0 1
vn 0 0 1
vn 0 0 1
vn 0 0 1
vn 0 0 1
vn 0 0 1
vn 0 0 1
vn 0 0 1
vn 0 0 1
vn 0 0 1
vn 0 0 1
vn 0 0 1
vn 0 0 1
vn 0 0 1
vn 0 0 1
vn 0 0 1
vn 0 0 1
vn 0 0 1
vn 0 0 1
vn 0 0 1
vn 0 0 1
vn 0 0 1
vn 0 0 1
vn 0 0 1
vn 0 0 1
vn 0 0 1
vn 0 0 1
vn 0 0 1
vn 0 0 1
vn 0 0 1
vn 0 0 1
vn 0 0 1
vn 0 0 1
vn 0 0 1
vn 0 0 1
vn 0 0 1
vn 0 0 1
vn 0 0 1
vn 0 0 1
vn 0 0 1
vn 0 0 1
vn 0 0 1
vn 0 0 1
vn 0 0 1
vn 0 0 1
vn 0 0 1
vn 0 0 1
vn 0 0 1
vn 0 0 1
vn 0 0 1
vn 0 0 1
vn 0 0 1
vn 0 0 1
vn 0 0 1
vn 0 0 1
vn 0 0 1
vn 0 0 1
vn 0 0 1
vn 0 0 1
vn 0 0 1
vn 0 0 1
vn 0 0 1
vn 0 0 1
vn 0 0 1
vn 0 0 1
vn 0 0 1
vn 0 0 1
vn 0 0 1
vn 0 0 1
vn 0 0 1
vn 0 0 1
vn 0 0 1
vn 0 0 1
vn 0 0 1
vn 0 0 1
vn 0 0 1
vn 0 0 1
vn 0 0 1
vn 0 0 1
vn 0 0 1
vn 0 0 1
vn 0 0 1
vn 0 0 1
vn 0 0 1
vn 0 0 1
vn 0 0 1
vn 0 0 1
vn 0 0 1
vn 0 0 1
vn 0 0 1
vn 0 0 1
vn 0 0 1
vn 0 0 1
vn 0 0 1
vn 0 0 1
vn 0 0 1
vn 0 0 1
vn 0 0 1
vn 0 0 1
vn 0 0 1
vn 0 0 1
vn 0 0 1
vn 0 0 1
vn 0 0 1
vn 0 0 1
vn 0 0 1
vn 0 0 1
vn 0 0 1
vn 0 0 1
vn 0 0 1
vn 0 0 1
vn 0 0 1
vn 0 0 1
vn 0 0 1
vn 0 0 1
vn 0 0 1
vn 0 0 1
vn 0 0 1
vn 0 0 1
vn 0 0 1
vn 0 0 1
vn 0 0 1
vn 0 0 1
vn 0 0 1
vn 0 0 1
vn 0 0 1
vn 0 0 1
vn 0 0 1
vn 0 0 1
vn 0 0 1
vn 0 0 1
vn 0 0 1
vn 0 0 1
vn 0 0 1
vn 0 0 1
vn 0 0 1
vn 0 0 1
vn 0 0 1
vn 0 0 1
vn 0 0 1
vn 0 0 1
vn 0 0 1
vn 0 0 1
vn 0 0 1
vn 0 0 1
vn 0 0 1
vn 0 0 1
vn 0 0 1
vn 0 0 1
vn 0 0 1
vn 0 0 1
vn 0 0 1
vn 0 0 1
vn 0 0 1
vn 0 0 1
vn 0 0 1
vn 0 0 1
vn 0 0 1
vn 0 0 1
vn 0 0 1
vn 0 0 1
vn 0 0 1
vn 0 0 1
vn 0 0 1
vn 0 0 1
vn 0 0 1
vn 0 0 1
vn 0 0 1
vn 0 0 1
vn 0 0 1
vn 0 0 1
vn 0 0 1
vn 0 0 1
vn 0 0 1
vn 0 0 1
vn 0 0 1
vn 0 0 1
vn 0 0 1
vn 0 0 1
vn 0 0 1
vn 0 0 1
vn 0 0 1
vn 0 0 1
vn 0 0 1
vn 0 0 1
vn 0 0 1
vn 0 0 1
vn 0 0 1
vn 0 0 1
vn 0 1 0
vn 0 1 0
vn 0 1 0
vn 0 1 0
vn 0 1 0
vn 0 1 0
vn 0 1 0
vn 0 1 0
vn 0 1 0
vn 0 1 0
vn 0 1 0
vn 0 1 0
vn 0 1 0
vn 0 1 0
vn 0 1 0
vn 0 1 0
vn 1 0 0
vn 1 0 0
vn 1 0 0
vn 1 0 0
vn 1 0 0
vn 1 0 0
vn 1 0 0
vn 1 0 0
vn 0 -1 0
vn 0 -1 0
vn 0 -1 0
vn 0 -1 0
vn 0 -1 0
vn 0 -1 0
vn 0 -1 0
vn 0 -1 0
vn 0 -1 0
vn 0 -1 0
vn 0 -1 0
vn 0 -1 0
vn 0 -1 0
vn 0 -1 0
vn 0 -1 0
vn 0 -1 0
vn 0 -1 0
vn 0 -1 0
vn 0 -1 0
vn 0 -1 0
vn -1 0 0
vn -1 0 0
vn -1 0 0
vn -1 0 0
vn -1 0 0
vn -1 0 0
vn -1 0 0
vn -1 0 0
vn -1 0 0
vn -1 0 0
vn -1 0 0
vn -1 0 0
vn -1 0 0
vn -1 0 0
vn -1 0 0
vn 0 1 0
vn 0 1 0
vn 0 1 0
vn 0 1 0
vn 0 1 0
vn 0 1 0
vn 0 1 0
vn 0 1 0
vn 0 1 0
vn 0 1 0
vn 0 1 0
vn 0 1 0
vn 0 1 0
vn 0 1 0
vn 0 1 0
vn 0 1 0
vn 0 1 0
vn 0 1 0
vn 0 1 0
vn 0 1 0
vn 1 0 0
vn 1 0 0
vn 1 0 0
vn 1 0 0
vn 1 0 0
vn -0 -1 0
vn -0 -1 0
vn -0 -1 0
vn -0 -1 0
vn -0 -1 0
vn -0 -1 0
vn -0 -1 0
vn -0 -1 0
vn -0 -1 0
vn -0 -1 0
vn -0 -1 0
vn -0 -1 0
vn -0 -1 0
vn -0 -1 0
vn -0 -1 0
vn -0 -1 0
vn 1 0 0
vn 1 0 0
vn 1 0 0
vn 1 0 0
vn 1 0 0
vn 1 0 0
vn 1 0 0
vn 1 0 0
vn 1 0 0
vn 1 0 0
vn 0 0 -1
vn 0 0 -1
vn 0 0 -1
vn 0 0 -1
vn 0 0 -1
vn 0 0 -1
vn 0 0 -1
vn 0 0 -1
vn 0 0 -1
vn 0 0 -1
vn 0 0 -1
vn 0 0 -1
vn 0 0 -1
vn 0 0 1
vn 0 0 1
vn 0 0 1
vn 0 0 1
vn 0 0 1
vn 0 0 1
vn 0 0 1
vn 0 0 1
vn 0 0 1
vn 0 0 1
vn 0 0 1
vn 0 0 1
vn 0 0 1
vn 0 0 1
vn 0 0 1
vn 0 0 1
vn 0 0 1
vn 0 0 1
vn 0 0 1
vn 0 0 1
vn 0 0 1
vn 0 0 1
vn 0 0 1
vn 0 0 1
vn 0 0 1
vn -0.866025 -0.5 0
vn -0.866025 -0.5 0
vn -0.965925 -0.258819 0
vn -0.965925 -0.258819 0
vn -1 0 0
vn -1 0 0
vn -0.707106 -0.707106 0
vn -0.707106 -0.707106 0
vn -0.5 -0.866025 0
vn -0.5 -0.866025 0
vn -0.258819 -0.965925 0
vn -0.258819 -0.965925 0
vn 0 -1 0
vn 0 -1 0
vn 0.258819 -0.965925 0
vn 0.258819 -0.965925 0
vn 0.5 -0.866025 0
vn 0.5 -0.866025 0
vn 0.707106 -0.707106 0
vn 0.852638 -0.522501 0
vn 0.866025 -0.5 0
vn 0.866025 -0.5 0
vn 0.965925 -0.258819 0
vn 0.965925 -0.258819 0
vn 1 0 0
vn 1 0 0
vn 0.965925 0.258819 0
vn 0.965925 0.258819 0
vn 0.866025 0.5 0
vn 0.707106 0.707106 0
vn 0.707106 0.707106 0
vn 0.5 0.866025 0
vn 0.5 0.866025 0
vn 0.258819 0.965925 0
vn 0.258819 0.965925 0
vn -0 1 0
vn -0.707106 0.707106 0
vn -0.707106 0.707106 0
vn -0.866025 0.5 0
vn -0 1 0
vn -0.258819 0.965925 0
vn -0.258819 0.965925 0
vn -0.5 0.866025 0
vn -0.5 0.866025 0
vn -0.866025 0.5 0
vn -0.965925 0.258819 0
vn -0.965925 0.258819 0
vn 0.866025 0.5 0
vn 0.852638 0.522501 0
vn 0.707106 -0.707106 0
vn 0 0 1
vn 0 0 1
vn 0 0 1
vn 0 0 1
vn 0 0 1
vn 0 0 1
vn 0 0 1
vn 0 0 1
vn 0 0 1
vn 0 0 1
vn 0 0 1
vn 0 0 1
vn 0 0 1
vn 0 0 1
vn 0 0 1
vn 0 0 1
vn 0 0 1
vn 0 0 1
vn 0 0 1
vn 0 0 1
vn 0 0 1
vn 0 0 1
vn 0 0 1
vn 0 0 1
vn 0 0 1
vn 0.258819 -0.965925 0
vn 0.258819 -0.965925 0
vn 0 -1 0
vn 0 -1 0
vn -0.258819 -0.965925 0
vn -0.258819 -0.965925 0
vn -0.5 -0.866025 0
vn -0.5 -0.866025 0
vn -0.707106 -0.707106 0
vn -0.707106 -0.707106 0
vn -0.866025 -0.5 0
vn -0.866025 -0.5 0
vn -0.965925 -0.258819 0
vn -0.965925 -0.258819 0
vn -1 0 0
vn -1 0 0
vn 0.5 -0.866025 0
vn 0.5 -0.866025 0
vn 0.707106 -0.707106 0
vn 0.852638 -0.522501 0
vn 0.866025 -0.5 0
vn 0.866025 -0.5 0
vn 0.965925 -0.258819 0
vn 0.965925 -0.258819 0
vn 1 0 0
vn 1 0 0
vn 0.965925 0.258819 0
vn 0.965925 0.258819 0
vn 0.866025 0.5 0
vn 0.707106 0.707106 0
vn 0.707106 0.707106 0
vn 0.5 0.866025 0
vn 0.5 0.866025 0
vn 0.258819 0.965925 0
vn 0.258819 0.965925 0
vn -0 1 0
vn -0 1 0
vn -0.258819 0.965925 0
vn -0.258819 0.965925 0
vn -0.5 0.866025 0
vn -0.5 0.866025 0
vn -0.707106 0.707106 0
vn -0.707106 0.707106 0
vn -0.866025 0.5 0
vn -0.866025 0.5 0
vn -0.965925 0.258819 0
vn -0.965925 0.258819 0
vn 0.852638 0.522501 0
vn 0.866025 0.5 0
vn 0.707106 -0.707106 0
vn 0 0 1
vn 0 0 1
vn 0 0 1
vn 0 0 1
vn 0 0 1
vn 0 0 1
vn 0 0 1
vn 0 0 1
vn 0 0 1
vn 0 0 1
vn 0 0 1
vn 0 0 1
vn 0 0 1
vn 0 0 1
vn 0 0 1
vn 0 0 1
vn 0 0 1
vn 0 0 1
vn 0 0 1
vn 0 0 1
vn 0 0 1
vn 0 0 1
vn 0 0 1
vn 0 0 1
vn 0 0 1
vn -0.866025 0.5 0
vn -0.866025 0.5 0
vn -0.707106 0.707106 0
vn -0.707106 0.707106 0
vn -0.5 0.866025 0
vn -0.5 0.866025 0
vn -0.258819 0.965925 0
vn -0.258819 0.965925 0
vn -0 1 0
vn -0 1 0
vn 0.258819 0.965925 0
vn 0.258819 0.965925 0
vn 0.5 0.866025 0
vn 0.5 0.866025 0
vn 0.707106 0.707106 0
vn 0.866025 0.5 0
vn 0.866025 0.5 0
vn 0.852638 0.522501 0
vn 0.707106 0.707106 0
vn 0.965925 0.258819 0
vn 0.965925 0.258819 0
vn 1 0 0
vn 1 0 0
vn 0.965925 -0.258819 0
vn 0.965925 -0.258819 0
vn 0.866025 -0.5 0
vn 0.707106 -0.707106 0
vn 0.707106 -0.707106 0
vn 0.852638 -0.522501 0
vn 0.5 -0.866025 0
vn 0.5 -0.866025 0
vn 0.258819 -0.965925 0
vn 0.258819 -0.965925 0
vn 0 -1 0
vn 0 -1 0
vn -0.258819 -0.965925 0
vn -0.258819 -0.965925 0
vn -0.5 -0.866025 0
vn -0.5 -0.866025 0
vn -0.707106 -0.707106 0
vn -0.707106 -0.707106 0
vn -0.866025 -0.5 0
vn -0.866025 -0.5 0
vn -0.965925 -0.258819 0
vn -0.965925 -0.258819 0
vn -1 0 0
vn -1 0 0
vn -0.965925 0.258819 0
vn 0.866025 -0.5 0
vn -0.965925 0.258819 0
vn 0 0 1
vn 0 0 1
vn 0 0 1
vn 0 0 1
vn 0 0 1
vn 0 0 1
vn 0 0 1
vn 0 0 1
vn 0 0 1
vn 0 0 1
vn 0 0 1
vn 0 0 1
vn 0 0 1
vn 0 0 1
vn 0 0 1
vn 0 0 1
vn 0 0 1
vn 0 0 1
vn 0 0 1
vn 0 0 1
vn 0 0 1
vn 0 0 1
vn 0 0 1
vn 0 0 1
vn 0 0 1
vn 0.852638 0.522501 0
vn 0.707106 0.707106 0
vn 0.707106 0.707106 0
vn 0.866025 0.5 0
vn 0.866025 0.5 0
vn 0.965925 0.258819 0
vn 0.965925 0.258819 0
vn 1 0 0
vn 1 0 0
vn 0.965925 -0.258819 0
vn 0.965925 -0.258819 0
vn 0.866025 -0.5 0
vn 0.707106 -0.707106 0
vn 0.707106 -0.707106 0
vn 0.852638 -0.522501 0
vn 0.5 -0.866025 0
vn 0.5 -0.866025 0
vn 0.258819 -0.965925 0
vn 0.258819 -0.965925 0
vn 0 -1 0
vn 0 -1 0
vn -0.258819 -0.965925 0
vn -0.258819 -0.965925 0
vn -0.5 -0.866025 0
vn -0.5 -0.866025 0
vn -0.707106 -0.707106 0
vn -0.707106 -0.707106 0
vn -0.866025 -0.5 0
vn -0.866025 -0.5 0
vn -0.965925 -0.258819 0
vn -0.965925 -0.258819 0
vn -1 0 0
vn -1 0 0
vn 0.866025 -0.5 0
vn 0.5 0.866025 0
vn 0.5 0.866025 0
vn 0.258819 0.965925 0
vn 0.258819 0.965925 0
vn -0 1 0
vn -0 1 0
vn -0.258819 0.965925 0
vn -0.258819 0.965925 0
vn -0.5 0.866025 0
vn -0.5 0.866025 0
vn -0.707106 0.707106 0
vn -0.707106 0.707106 0
vn -0.866025 0.5 0
vn -0.866025 0.5 0
vn -0.965925 0.258819 0
vn -0.965925 0.258819 0
vn 0 0 1
vn 0 0 1
vn 0 0 1
vn 0 0 1
vn 0 0 1
vn 0 0 1
vn 0 0 1
vn 0 0 1
vn 0 0 1
vn 0 0 1
vn 0 0 1
vn 0 0 1
vn 0 0 1
vn 0 0 1
vn 0 0 1
vn 0 0 1
vn 0 0 1
vn 0 0 1
vn 0 0 1
vn 0 0 1
vn 0 0 1
vn 0 0 1
vn 0 0 1
vn 0 0 1
vn 0 0 1
vn 0.5 0.866025 0
vn 0.5 0.866025 0
vn 0.707106 0.707106 0
vn 0.852638 -0.522501 0
vn 0.866025 -0.5 0
vn 0.866025 -0.5 0
vn 0.965925 -0.258819 0
vn 0.965925 -0.258819 0
vn 1 0 0
vn 1 0 0
vn 0.965925 0.258819 0
vn 0.965925 0.258819 0
vn 0.866025 0.5 0
vn 0.258819 0.965925 0
vn 0.258819 0.965925 0
vn -0 1 0
vn 0.5 -0.866025 0
vn 0.5 -0.866025 0
vn 0.707106 -0.707106 0
vn -0 1 0
vn -0.258819 0.965925 0
vn -0.258819 0.965925 0
vn -0.5 0.866025 0
vn -0.5 0.866025 0
vn -0.707106 0.707106 0
vn -0.707106 0.707106 0
vn -0.866025 0.5 0
vn -0.866025 0.5 0
vn -0.965925 0.258819 0
vn 0.707106 0.707106 0
vn 0 -1 0
vn 0 -1 0
vn -0.258819 -0.965925 0
vn 0.258819 -0.965925 0
vn 0.258819 -0.965925 0
vn -0.258819 -0.965925 0
vn -0.5 -0.866025 0
vn -0.5 -0.866025 0
vn 0.866025 0.5 0
vn 0.852638 0.522501 0
vn -0.707106 -0.707106 0
vn -0.707106 -0.707106 0
vn -0.866025 -0.5 0
vn -0.866025 -0.5 0
vn -0.965925 -0.258819 0
vn -0.965925 -0.258819 0
vn -0.965925 0.258819 0
vn -1 0 0
vn -1 0 0
vn 0.707106 -0.707106 0
vn 0 0 1
vn 0 0 1
vn 0 0 1
vn 0 0 1
vn 0 0 1
vn 0 0 1
vn 0 0 1
vn 0 0 1
vn 0 0 1
vn 0 0 1
vn 0 0 1
vn 0 0 1
vn 0 0 1
vn 0 0 1
vn 0 0 1
vn 0 0 1
vn 0 0 1
vn 0 0 1
vn 0 0 1
vn 0 0 1
vn 0 0 1
vn 0 0 1
vn 0 0 1
vn 0 0 1
vn 0 0 1
vn 0.5 -0.866025 0
vn 0.5 -0.866025 0
vn 0.258819 -0.965925 0
vn 0.852638 0.522501 0
vn 0.707106 0.707106 0
vn 0.707106 0.707106 0
vn 0.866025 0.5 0
vn 0.866025 0.5 0
vn 0.5 0.866025 0
vn 0.5 0.866025 0
vn 0.258819 0.965925 0
vn 0.258819 0.965925 0
vn -0 1 0
vn -0 1 0
vn -0.258819 0.965925 0
vn -0.258819 0.965925 0
vn -0.5 0.866025 0
vn -0.5 0.866025 0
vn 0.965925 -0.258819 0
vn 0.965925 -0.258819 0
vn 1 0 0
vn -0.866025 0.5 0
vn -0.866025 0.5 0
vn -0.707106 0.707106 0
vn -0.965925 0.258819 0
vn -0.965925 0.258819 0
vn 0.965925 0.258819 0
vn 0.965925 0.258819 0
vn 1 0 0
vn 0.866025 -0.5 0
vn 0.707106 -0.707106 0
vn 0.707106 -0.707106 0
vn 0.852638 -0.522501 0
vn -1 0 0
vn -1 0 0
vn 0.258819 -0.965925 0
vn 0 -1 0
vn 0 -1 0
vn -0.258819 -0.965925 0
vn -0.258819 -0.965925 0
vn -0.5 -0.866025 0
vn -0.5 -0.866025 0
vn -0.707106 -0.707106 0
vn -0.707106 -0.707106 0
vn -0.866025 -0.5 0
vn -0.866025 -0.5 0
vn -0.965925 -0.258819 0
vn -0.965925 -0.258819 0
vn -0.707106 0.707106 0
vn 0.866025 -0.5 0
vn 0 0 1
vn 0 0 1
vn 0 0 1
vn 0 0 1
vn 0 0 1
vn 0 0 1
vn 0 0 1
vn 0 0 1
vn 0 0 1
vn 0 0 1
vn 0 0 1
vn 0 0 1
vn 0 0 1
vn 0 0 1
vn 0 0 1
vn 0 0 1
vn 0 0 1
vn 0 0 1
vn 0 0 1
vn 0 0 1
vn 0 0 1
vn 0 0 1
vn 0 0 1
vn 0 0 1
vn 0 0 1
vn -0.5 -0.866025 0
vn -0.5 -0.866025 0
vn -0.258819 -0.965925 0
vn -0.258819 -0.965925 0
vn 0 -1 0
vn 0 -1 0
vn 0.258819 -0.965925 0
vn 0.258819 -0.965925 0
vn 0.5 -0.866025 0
vn 0.5 -0.866025 0
vn 0.707106 -0.707106 0
vn 0.707106 -0.707106 0
vn 0.866025 -0.5 0
vn 0.866025 -0.5 0
vn 0.965925 -0.258819 0
vn 0.965925 -0.258819 0
vn 1 0 0
vn 1 0 0
vn 0.965925 0.258819 0
vn 0.965925 0.258819 0
vn 0.866025 0.5 0
vn 0.866025 0.5 0
vn 0.707106 0.707106 0
vn 0.707106 0.707106 0
vn 0.5 0.866025 0
vn 0.5 0.866025 0
vn 0.258819 0.965925 0
vn 0.258819 0.965925 0
vn -0 1 0
vn -0 1 0
vn -0.258819 0.965925 0
vn -0.258819 0.965925 0
vn -0.5 0.866025 0
vn -0.5 0.866025 0
vn -0.707106 0.707106 0
vn -0.707106 0.707106 0
vn -0.866025 0.5 0
vn -0.866025 0.5 0
vn -0.965925 0.258819 0
vn -0.965925 0.258819 0
vn -1 0 0
vn -1 0 0
vn -0.707106 -0.707106 0
vn -0.707106 -0.707106 0
vn -0.866025 -0.5 0
vn -0.866025 -0.5 0
vn -0.965925 -0.258819 0
vn -0.965925 -0.258819 0
vn 0 0 1
vn 0 0 1
vn 0 0 1
vn 0 0 1
vn 0 0 1
vn 0 0 1
vn 0 0 1
vn 0 0 1
vn 0 0 1
vn 0 0 1
vn 0 0 1
vn 0 0 1
vn 0 0 1
vn 0 0 1
vn 0 0 1
vn 0 0 1
vn 0 0 1
vn 0 0 1
vn 0 0 1
vn 0 0 1
vn 0 0 1
vn 0 0 1
vn 0 0 1
vn 0 0 1
vn 0 0 1
vn 0 -1 0
vn 0 -1 0
vn 0.258819 -0.965925 0
vn 0.258819 -0.965925 0
vn 0.5 -0.866025 0
vn 0.5 -0.866025 0
vn 0.707106 -0.707106 0
vn 1 0 0
vn 1 0 0
vn 0.965925 0.258819 0
vn 0.707106 -0.707106 0
vn 0.866025 -0.5 0
vn 0.866025 -0.5 0
vn 0.965925 -0.258819 0
vn 0.965925 0.258819 0
vn 0.866025 0.5 0
vn 0.965925 -0.258819 0
vn -0.965925 0.258819 0
vn -0.965925 0.258819 0
vn -1 0 0
vn -0.866025 0.5 0
vn -0.866025 0.5 0
vn -0.707106 0.707106 0
vn -0.707106 0.707106 0
vn -0.5 0.866025 0
vn -0.5 0.866025 0
vn -0.258819 0.965925 0
vn -0.258819 0.965925 0
vn -0 1 0
vn -0 1 0
vn 0.258819 0.965925 0
vn 0.258819 0.965925 0
vn 0.5 0.866025 0
vn 0.5 0.866025 0
vn 0.707106 0.707106 0
vn 0.707106 0.707106 0
vn 0.866025 0.5 0
vn -0.258819 -0.965925 0
vn -0.258819 -0.965925 0
vn -0.5 -0.866025 0
vn -0.5 -0.866025 0
vn -0.707106 -0.707106 0
vn -0.707106 -0.707106 0
vn -0.866025 -0.5 0
vn -0.866025 -0.5 0
vn -0.965925 -0.258819 0
vn -0.965925 -0.258819 0
vn -1 0 0
vn 0 0 1
vn 0 0 1
vn 0 0 1
vn 0 0 1
vn 0 0 1
vn 0 0 1
vn 0 0 1
vn 0 0 1
vn 0 0 1
vn 0 0 1
vn 0 0 1
vn 0 0 1
vn 0 0 1
vn 0 0 1
vn 0 0 1
vn 0 0 1
vn 0 0 1
vn 0 0 1
vn 0 0 1
vn 0 0 1
vn 0 0 1
vn 0 0 1
vn 0 0 1
vn 0 0 1
vn 0 0 1
vn 0.866025 -0.5 0
vn 0.866025 -0.5 0
vn 0.707106 -0.707106 0
vn 0.965925 -0.258819 0
vn 0.965925 -0.258819 0
vn 1 0 0
vn 1 0 0
vn 0.965925 0.258819 0
vn 0.965925 0.258819 0
vn 0.866025 0.5 0
vn 0.866025 0.5 0
vn 0.5 0.866025 0
vn 0.5 0.866025 0
vn 0.707106 0.707106 0
vn 0.258819 0.965925 0
vn 0.258819 0.965925 0
vn -0 1 0
vn -0 1 0
vn -0.258819 0.965925 0
vn -0.258819 0.965925 0
vn -0.707106 0.707106 0
vn -0.707106 0.707106 0
vn -0.5 0.866025 0
vn -0.866025 0.5 0
vn -0.866025 0.5 0
vn -0.965925 0.258819 0
vn -0.965925 0.258819 0
vn -1 0 0
vn -1 0 0
vn 0.707106 0.707106 0
vn -0.5 0.866025 0
vn -0.965925 -0.258819 0
vn -0.965925 -0.258819 0
vn -0.866025 -0.5 0
vn -0.866025 -0.5 0
vn -0.707106 -0.707106 0
vn -0.707106 -0.707106 0
vn -0.5 -0.866025 0
vn -0.5 -0.866025 0
vn -0.258819 -0.965925 0
vn -0.258819 -0.965925 0
vn 0 -1 0
vn 0 -1 0
vn 0.258819 -0.965925 0
vn 0.258819 -0.965925 0
vn 0.5 -0.866025 0
vn 0.5 -0.866025 0
vn 0.707106 -0.707106 0
vn 0 0 1
vn 0 0 1
vn 0 0 1
vn 0 0 1
vn 0 0 1
vn 0 0 1
vn 0 0 1
vn 0 0 1
vn 0 0 1
vn 0 0 1
vn 0 0 1
vn 0 0 1
vn 0 0 1
vn 0 0 1
vn 0 0 1
vn 0 0 1
vn 0 0 1
vn 0 0 1
vn 0 0 1
vn 0 0 1
vn 0 0 1
vn 0 0 1
vn 0 0 1
vn 0 0 1
vn 0 0 1
vn -0.258819 0.965925 0
vn -0.258819 0.965925 0
vn -0 1 0
vn -0 1 0
vn 0.258819 0.965925 0
vn 0.258819 0.965925 0
vn 0.5 0.866025 0
vn 0.5 0.866025 0
vn 0.707106 0.707106 0
vn 0.707106 0.707106 0
vn 0.866025 0.5 0
vn 0.866025 0.5 0
vn 0.965925 0.258819 0
vn 0.965925 0.258819 0
vn 1 0 0
vn 1 0 0
vn 0.965925 -0.258819 0
vn 0.965925 -0.258819 0
vn 0.866025 -0.5 0
vn 0.866025 -0.5 0
vn 0.707106 -0.707106 0
vn 0.707106 -0.707106 0
vn 0.5 -0.866025 0
vn 0.5 -0.866025 0
vn 0.258819 -0.965925 0
vn 0.258819 -0.965925 0
vn 0 -1 0
vn 0 -1 0
vn -0.258819 -0.965925 0
vn -0.258819 -0.965925 0
vn -0.5 -0.866025 0
vn -0.5 -0.866025 0
vn -0.707106 -0.707106 0
vn -0.707106 -0.707106 0
vn -0.866025 -0.5 0
vn -0.866025 -0.5 0
vn -0.965925 -0.258819 0
vn -0.965925 -0.258819 0
vn -1 0 0
vn -1 0 0
vn -0.5 0.866025 0
vn -0.5 0.866025 0
vn -0.707106 0.707106 0
vn -0.707106 0.707106 0
vn -0.866025 0.5 0
vn -0.866025 0.5 0
vn -0.965925 0.258819 0
vn -0.965925 0.258819 0
vn 0 0 1
vn 0 0 1
vn 0 0 1
vn 0 0 1
vn 0 0 1
vn 0 0 1
vn 0 0 1
vn 0 0 1
vn 0 0 1
vn 0 0 1
vn 0 0 1
vn 0 0 1
vn 0 0 1
vn 0 0 1
vn 0 0 1
vn 0 0 1
vn 0 0 1
vn 0 0 1
vn 0 0 1
vn 0 0 1
vn 0 0 1
vn 0 0 1
vn 0 0 1
vn 0 0 1
vn 0 0 1
vn -0.965925 -0.258819 0
vn -0.965925 -0.258819 0
vn -1 0 0
vn -1 0 0
vn -0.866025 -0.5 0
vn -0.866025 -0.5 0
vn -0.707106 -0.707106 0
vn -0.707106 -0.707106 0
vn -0.5 -0.866025 0
vn -0.5 -0.866025 0
vn -0.258819 -0.965925 0
vn -0.258819 -0.965925 0
vn 0 -1 0
vn 0 -1 0
vn 0.258819 -0.965925 0
vn 0.258819 -0.965925 0
vn 0.5 -0.866025 0
vn 0.5 -0.866025 0
vn 0.707106 -0.707106 0
vn 0.707106 -0.707106 0
vn 0.866025 -0.5 0
vn 0.866025 -0.5 0
vn 0.965925 -0.258819 0
vn 0.965925 -0.258819 0
vn 1 0 0
vn 0.965925 0.258819 0
vn 0.965925 0.258819 0
vn 0.866025 0.5 0
vn 0.866025 0.5 0
vn 0.707106 0.707106 0
vn 0.707106 0.707106 0
vn 0.5 0.866025 0
vn 0.5 0.866025 0
vn 0.258819 0.965925 0
vn 0.258819 0.965925 0
vn -0 1 0
vn -0 1 0
vn -0.258819 0.965925 0
vn -0.258819 0.965925 0
vn -0.5 0.866025 0
vn -0.5 0.866025 0
vn -0.707106 0.707106 0
vn -0.707106 0.707106 0
vn -0.866025 0.5 0
vn -0.866025 0.5 0
vn -0.965925 0.258819 0
vn -0.965925 0.258819 0
vn 1 0 0
vn 0 0 1
vn 0 0 1
vn 0 0 1
vn 0 0 1
vn 0 0 1
vn 0 0 1
vn 0 0 1
vn 0 0 1
vn 0 0 1
vn 0 0 1
vn 0 0 1
vn 0 0 1
vn 0 0 1
vn 0 0 1
vn 0 0 1
vn 0 0 1
vn 0 0 1
vn 0 0 1
vn 0 0 1
vn 0 0 1
vn 0 0 1
vn 0 0 1
vn 0 0 1
vn 0 0 1
vn 0 0 1
vn 1 0 0
vn 1 0 0
vn 0.965925 -0.258819 0
vn 0.965925 0.258819 0
vn 0.965925 0.258819 0
vn 0.866025 0.5 0
vn 0.866025 0.5 0
vn 0.707106 0.707106 0
vn 0.707106 0.707106 0
vn 0.5 0.866025 0
vn 0.5 0.866025 0
vn 0.258819 0.965925 0
vn 0.258819 0.965925 0
vn -0 1 0
vn -0 1 0
vn -0.258819 0.965925 0
vn -0.258819 0.965925 0
vn -0.5 0.866025 0
vn -0.5 0.866025 0
vn -0.707106 0.707106 0
vn -0.707106 0.707106 0
vn -0.866025 0.5 0
vn -0.866025 0.5 0
vn -0.965925 0.258819 0
vn -0.965925 0.258819 0
vn -1 0 0
vn -1 0 0
vn 0.258819 -0.965925 0
vn 0.258819 -0.965925 0
vn 0 -1 0
vn 0.965925 -0.258819 0
vn 0.866025 -0.5 0
vn 0.866025 -0.5 0
vn 0.707106 -0.707106 0
vn 0.707106 -0.707106 0
vn 0.5 -0.866025 0
vn 0.5 -0.866025 0
vn 0 -1 0
vn -0.258819 -0.965925 0
vn -0.258819 -0.965925 0
vn -0.5 -0.866025 0
vn -0.5 -0.866025 0
vn -0.707106 -0.707106 0
vn -0.707106 -0.707106 0
vn -0.866025 -0.5 0
vn -0.866025 -0.5 0
vn -0.965925 -0.258819 0
vn -0.965925 -0.258819 0
vn 0 0 1
vn 0 0 1
vn 0 0 1
vn 0 0 1
vn 0 0 1
vn 0 0 1
vn 0 0 1
vn 0 0 1
vn 0 0 1
vn 0 0 1
vn 0 0 1
vn 0 0 1
vn 0 0 1
vn 0 0 1
vn 0 0 1
vn 0 0 1
vn 0 0 1
vn 0 0 1
vn 0 0 1
vn 0 0 1
vn 0 0 1
vn 0 0 1
vn 0 0 1
vn 0 0 1
vn 0 0 1
vn 0.866025 0.5 0
vn 0.866025 0.5 0
vn 0.965925 0.258819 0
vn 0.707106 0.707106 0
vn 0.707106 0.707106 0
vn 0.5 0.866025 0
vn 0.5 0.866025 0
vn 0.258819 0.965925 0
vn 0.258819 0.965925 0
vn -0 1 0
vn -0 1 0
vn -0.258819 0.965925 0
vn -0.258819 0.965925 0
vn -0.5 0.866025 0
vn -0.5 0.866025 0
vn 0.707106 -0.707106 0
vn 0.707106 -0.707106 0
vn 0.866025 -0.5 0
vn -0.707106 0.707106 0
vn -0.707106 0.707106 0
vn -0.866025 0.5 0
vn -0.866025 0.5 0
vn -0.965925 0.258819 0
vn -0.965925 0.258819 0
vn -1 0 0
vn -1 0 0
vn 0.5 -0.866025 0
vn 0.5 -0.866025 0
vn 0.258819 -0.965925 0
vn 0.866025 -0.5 0
vn -0.866025 -0.5 0
vn -0.866025 -0.5 0
vn -0.965925 -0.258819 0
vn 0.965925 -0.258819 0
vn 0.965925 -0.258819 0
vn 1 0 0
vn 1 0 0
vn 0.965925 0.258819 0
vn 0.258819 -0.965925 0
vn 0 -1 0
vn 0 -1 0
vn -0.258819 -0.965925 0
vn -0.258819 -0.965925 0
vn -0.5 -0.866025 0
vn -0.5 -0.866025 0
vn -0.707106 -0.707106 0
vn -0.707106 -0.707106 0
vn -0.965925 -0.258819 0
vn 0 0 1
vn 0 0 1
vn 0 0 1
vn 0 0 1
vn 0 0 1
vn 0 0 1
vn 0 0 1
vn 0 0 1
vn 0 0 1
vn 0 0 1
vn 0 0 1
vn 0 0 1
vn 0 0 1
vn 0 0 1
vn 0 0 1
vn 0 0 1
vn 0 0 1
vn 0 0 1
vn 0 0 1
vn 0 0 1
vn 0 0 1
vn 0 0 1
vn 0 0 1
vn 0 0 1
vn 0 0 1
vn 0.707106 0.707106 0
vn 0.707106 0.707106 0
vn 0.866025 0.5 0
vn 0.866025 0.5 0
vn 0.965925 0.258819 0
vn 0.965925 0.258819 0
vn 1 0 0
vn 0.965925 -0.258819 0
vn 0.965925 -0.258819 0
vn 0.866025 -0.5 0
vn 0.866025 -0.5 0
vn 0.707106 -0.707106 0
vn 0.707106 -0.707106 0
vn 0.5 -0.866025 0
vn 0.5 -0.866025 0
vn 0.258819 -0.965925 0
vn 0.258819 -0.965925 0
vn 0 -1 0
vn 0 -1 0
vn -0.258819 -0.965925 0
vn -0.258819 -0.965925 0
vn -0.5 -0.866025 0
vn -0.5 -0.866025 0
vn -0.707106 -0.707106 0
vn -0.866025 -0.5 0
vn -0.866025 -0.5 0
vn -0.852638 -0.522501 0
vn -0.707106 -0.707106 0
vn -0.965925 -0.258819 0
vn -0.965925 -0.258819 0
vn -1 0 0
vn -1 0 0
vn 1 0 0
vn 0.5 0.866025 0
vn 0.5 0.866025 0
vn 0.258819 0.965925 0
vn 0.258819 0.965925 0
vn -0 1 0
vn -0 1 0
vn -0.258819 0.965925 0
vn -0.258819 0.965925 0
vn -0.5 0.866025 0
vn -0.5 0.866025 0
vn -0.707106 0.707106 0
vn -0.965925 0.258819 0
vn -0.965925 0.258819 0
vn -0.866025 0.5 0
vn -0.707106 0.707106 0
vn -0.852638 0.522501 0
vn -0.866025 0.5 0
vn 0 0 1
vn 0 0 1
vn 0 0 1
vn 0 0 1
vn 0 0 1
vn 0 0 1
vn 0 0 1
vn 0 0 1
vn 0 0 1
vn 0 0 1
vn 0 0 1
vn 0 0 1
vn 0 0 1
vn 0 0 1
vn 0 0 1
vn 0 0 1
vn 0 0 1
vn 0 0 1
vn 0 0 1
vn 0 0 1
vn 0 0 1
vn 0 0 1
vn 0 0 1
vn 0 0 1
vn 0 0 1
vn -0.5 -0.866025 0
vn -0.5 -0.866025 0
vn -0.258819 -0.965925 0
vn -0.258819 -0.965925 0
vn 0 -1 0
vn 0 -1 0
vn 0.258819 -0.965925 0
vn 0.258819 -0.965925 0
vn 0.5 -0.866025 0
vn 0.5 -0.866025 0
vn 0.707106 -0.707106 0
vn 0.707106 -0.707106 0
vn 0.866025 -0.5 0
vn 0.866025 -0.5 0
vn 0.965925 -0.258819 0
vn 0.965925 -0.258819 0
vn 1 0 0
vn 1 0 0
vn 0.965925 0.258819 0
vn 0.965925 0.258819 0
vn 0.866025 0.5 0
vn 0.866025 0.5 0
vn 0.707106 0.707106 0
vn 0.707106 0.707106 0
vn 0.5 0.866025 0
vn 0.5 0.866025 0
vn 0.258819 0.965925 0
vn 0.258819 0.965925 0
vn -0 1 0
vn -0 1 0
vn -0.258819 0.965925 0
vn -0.258819 0.965925 0
vn -0.5 0.866025 0
vn -0.5 0.866025 0
vn -0.707106 0.707106 0
vn -0.707106 0.707106 0
vn -0.866025 0.5 0
vn -0.866025 0.5 0
vn -0.965925 0.258819 0
vn -0.965925 0.258819 0
vn -1 0 0
vn -1 0 0
vn -0.707106 -0.707106 0
vn -0.707106 -0.707106 0
vn -0.866025 -0.5 0
vn -0.866025 -0.5 0
vn -0.965925 -0.258819 0
vn -0.965925 -0.258819 0
vn 0 0 1
vn 0 0 1
vn 0 0 1
vn 0 0 1
vn 0 0 1
vn 0 0 1
vn 0 0 1
vn 0 0 1
vn 0 0 1
vn 0 0 1
vn 0 0 1
vn 0 0 1
vn 0 0 1
vn 0 0 1
vn 0 0 1
vn 0 0 1
vn 0 0 1
vn 0 0 1
vn 0 0 1
vn 0 0 1
vn 0 0 1
vn 0 0 1
vn 0 0 1
vn 0 0 1
vn 0 0 1
vn 0 -1 0
vn 0 -1 0
vn 0.258819 -0.965925 0
vn 0.258819 -0.965925 0
vn 0.5 -0.866025 0
vn 0.5 -0.866025 0
vn 0.707106 -0.707106 0
vn 0.707106 -0.707106 0
vn 0.866025 -0.5 0
vn 0.866025 -0.5 0
vn 0.965925 -0.258819 0
vn 0.965925 -0.258819 0
vn 1 0 0
vn 1 0 0
vn 0.965925 0.258819 0
vn 0.965925 0.258819 0
vn 0.866025 0.5 0
vn 0.866025 0.5 0
vn 0.707106 0.707106 0
vn 0.707106 0.707106 0
vn 0.5 0.866025 0
vn 0.5 0.866025 0
vn 0.258819 0.965925 0
vn 0.258819 0.965925 0
vn -0 1 0
vn -0.866025 -0.5 0
vn -0.866025 -0.5 0
vn -0.965925 -0.258819 0
vn -0.965925 -0.258819 0
vn -1 0 0
vn -1 0 0
vn -0.965925 0.258819 0
vn -0.965925 0.258819 0
vn -0.866025 0.5 0
vn -0.707106 -0.707106 0
vn -0.707106 -0.707106 0
vn -0.5 -0.866025 0
vn -0.5 -0.866025 0
vn -0.258819 -0.965925 0
vn -0.258819 -0.965925 0
vn -0 1 0
vn -0.258819 0.965925 0
vn -0.866025 0.5 0
vn -0.707106 0.707106 0
vn -0.707106 0.707106 0
vn -0.5 0.866025 0
vn -0.5 0.866025 0
vn -0.258819 0.965925 0
vn 0 0 1
vn 0 0 1
vn 0 0 1
vn 0 0 1
vn 0 0 1
vn 0 0 1
vn 0 0 1
vn 0 0 1
vn 0 0 1
vn 0 0 1
vn 0 0 1
vn 0 0 1
vn 0 0 1
vn 0 0 1
vn 0 0 1
vn 0 0 1
vn 0 0 1
vn 0 0 1
vn 0 0 1
vn 0 0 1
vn 0 0 1
vn 0 0 1
vn 0 0 1
vn 0 0 1
vn 0 0 1
vn 0.965925 -0.258819 0
vn 0.965925 -0.258819 0
vn 1 0 0
vn 1 0 0
vn 0.965925 0.258819 0
vn 0.965925 0.258819 0
vn 0.866025 0.5 0
vn 0.866025 0.5 0
vn 0.707106 0.707106 0
vn 0.707106 0.707106 0
vn 0.5 0.866025 0
vn 0.5 0.866025 0
vn 0.258819 0.965925 0
vn 0.258819 0.965925 0
vn -0 1 0
vn -0 1 0
vn -0.258819 0.965925 0
vn -0.5 0.866025 0
vn -0.5 0.866025 0
vn -0.707106 0.707106 0
vn -0.707106 0.707106 0
vn -0.866025 0.5 0
vn -0.866025 0.5 0
vn -0.965925 0.258819 0
vn -0.965925 0.258819 0
vn -1 0 0
vn -0.866025 -0.5 0
vn -0.866025 -0.5 0
vn -0.965925 -0.258819 0
vn -0.258819 0.965925 0
vn -1 0 0
vn 0.866025 -0.5 0
vn 0.866025 -0.5 0
vn 0.707106 -0.707106 0
vn 0.707106 -0.707106 0
vn 0.5 -0.866025 0
vn 0.5 -0.866025 0
vn 0.258819 -0.965925 0
vn 0.258819 -0.965925 0
vn 0 -1 0
vn 0 -1 0
vn -0.258819 -0.965925 0
vn -0.258819 -0.965925 0
vn -0.5 -0.866025 0
vn -0.5 -0.866025 0
vn -0.707106 -0.707106 0
vn -0.707106 -0.707106 0
vn -0.965925 -0.258819 0
vn 0 0 1
vn 0 0 1
vn 0 0 1
vn 0 0 1
vn 0 0 1
vn 0 0 1
vn 0 0 1
vn 0 0 1
vn 0 0 1
vn 0 0 1
vn 0 0 1
vn 0 0 1
vn 0 0 1
vn 0 0 1
vn 0 0 1
vn 0 0 1
vn 0 0 1
vn 0 0 1
vn 0 0 1
vn 0 0 1
vn 0 0 1
vn 0 0 1
vn 0 0 1
vn 0 0 1
vn 0 0 1
vn -0.258819 0.965925 0
vn -0.258819 0.965925 0
vn -0 1 0
vn -0 1 0
vn 0.258819 0.965925 0
vn 0.258819 0.965925 0
vn 0.5 0.866025 0
vn 0.5 0.866025 0
vn 0.707106 0.707106 0
vn 0.707106 0.707106 0
vn 0.866025 0.5 0
vn 0.866025 0.5 0
vn 0.965925 0.258819 0
vn 0.965925 0.258819 0
vn 1 0 0
vn 1 0 0
vn 0.965925 -0.258819 0
vn 0.866025 -0.5 0
vn 0.866025 -0.5 0
vn 0.707106 -0.707106 0
vn 0.707106 -0.707106 0
vn 0.5 -0.866025 0
vn 0.965925 -0.258819 0
vn -0.965925 0.258819 0
vn -0.965925 0.258819 0
vn -1 0 0
vn -0.866025 0.5 0
vn -0.866025 0.5 0
vn -0.707106 0.707106 0
vn -0.707106 0.707106 0
vn -0.5 0.866025 0
vn -0.5 0.866025 0
vn 0.258819 -0.965925 0
vn 0.258819 -0.965925 0
vn 0.5 -0.866025 0
vn 0 -1 0
vn 0 -1 0
vn -0.258819 -0.965925 0
vn -0.258819 -0.965925 0
vn -0.5 -0.866025 0
vn -0.5 -0.866025 0
vn -0.707106 -0.707106 0
vn -0.707106 -0.707106 0
vn -0.866025 -0.5 0
vn -0.866025 -0.5 0
vn -0.965925 -0.258819 0
vn -0.965925 -0.258819 0
vn -1 0 0
usemtl App5
f 3141//3141 3142//3142 3143//3143
f 3144//3144 3143//3143 3145//3145
f 3146//3146 3145//3145 3147//3147
f 3148//3148 3147//3147 3149//3149
f 3150//3150 3149//3149 3151//3151
f 3152//3152 3151//3151 3153//3153
f 3154//3154 3153//3153 3155//3155
f 3155//3155 3156//3156 3154//3154
f 3153//3153 3154//3154 3152//3152
f 3149//3149 3150//3150 3148//3148
f 3147//3147 3148//3148 3146//3146
f 3145//3145 3146//3146 3144//3144
f 3143//3143 3144//3144 3141//3141
f 3142//3142 3141//3141 3157//3157
f 3158//3158 3157//3157 3159//3159
f 3160//3160 3161//3161 3162//3162
f 3162//3162 3161//3161 3163//3163
f 3164//3164 3163//3163 3165//3165
f 3166//3166 3165//3165 3167//3167
f 3168//3168 3167//3167 3169//3169
f 3170//3170 3171//3171 3172//3172
f 3173//3173 3172//3172 3174//3174
f 3175//3175 3174//3174 3176//3176
f 3177//3177 3176//3176 3178//3178
f 3179//3179 3178//3178 3180//3180
f 3181//3181 3180//3180 3182//3182
f 3183//3183 3182//3182 3184//3184
f 3185//3185 3184//3184 3186//3186
f 3187//3187 3186//3186 3156//3156
f 3172//3172 3173//3173 3170//3170
f 3174//3174 3175//3175 3173//3173
f 3176//3176 3177//3177 3175//3175
f 3178//3178 3179//3179 3177//3177
f 3180//3180 3181//3181 3179//3179
f 3182//3182 3183//3183 3181//3181
f 3186//3186 3187//3187 3185//3185
f 3156//3156 3155//3155 3187//3187
f 3151//3151 3152//3152 3150//3150
f 3188//3188 3170//3170 3189//3189
f 3184//3184 3185//3185 3183//3183
f 3189//3189 3169//3169 3188//3188
f 3188//3188 3171//3171 3170//3170
f 3169//3169 3189//3189 3168//3168
f 3167//3167 3168//3168 3166//3166
f 3165//3165 3166//3166 3164//3164
f 3163//3163 3164//3164 3162//3162
f 3190//3190 3159//3159 3160//3160
f 3160//3160 3162//3162 3190//3190
f 3159//3159 3190//3190 3158//3158
f 3157//3157 3158//3158 3142//3142
f 3291//3291 3292//3292 3293//3293
f 3294//3294 3295//3295 3296//3296
f 3297//3297 3296//3296 3298//3298
f 3299//3299 3298//3298 3300//3300
f 3301//3301 3300//3300 3302//3302
f 3303//3303 3304//3304 3305//3305
f 3305//3305 3302//3302 3303//3303
f 3304//3304 3303//3303 3306//3306
f 3307//3307 3306//3306 3308//3308
f 3309//3309 3308//3308 3310//3310
f 3311//3311 3310//3310 3312//3312
f 3313//3313 3312//3312 3314//3314
f 3315//3315 3314//3314 3316//3316
f 3317//3317 3316//3316 3318//3318
f 3319//3319 3318//3318 3320//3320
f 3321//3321 3320//3320 3322//3322
f 3322//3322 3323//3323 3321//3321
f 3320//3320 3321//3321 3319//3319
f 3318//3318 3319//3319 3317//3317
f 3316//3316 3317//3317 3315//3315
f 3314//3314 3315//3315 3313//3313
f 3312//3312 3313//3313 3311//3311
f 3310//3310 3311//3311 3309//3309
f 3308//3308 3309//3309 3307//3307
f 3306//3306 3307//3307 3304//3304
f 3305//3305 3324//3324 3302//3302
f 3302//3302 3324//3324 3301//3301
f 3300//3300 3301//3301 3299//3299
f 3298//3298 3299//3299 3297//3297
f 3296//3296 3297//3297 3294//3294
f 3293//3293 3292//3292 3325//3325
f 3326//3326 3325//3325 3327//3327
f 3328//3328 3327//3327 3329//3329
f 3330//3330 3329//3329 3331//3331
f 3332//3332 3331//3331 3333//3333
f 3334//3334 3333//3333 3335//3335
f 3336//3336 3335//3335 3337//3337
f 3338//3338 3337//3337 3339//3339
f 3340//3340 3339//3339 3323//3323
f 3329//3329 3330//3330 3328//3328
f 3323//3323 3322//3322 3340//3340
f 3339//3339 3340//3340 3338//3338
f 3337//3337 3338//3338 3336//3336
f 3335//3335 3336//3336 3334//3334
f 3333//3333 3334//3334 3332//3332
f 3331//3331 3332//3332 3330//3330
f 3327//3327 3328//3328 3326//3326
f 3325//3325 3326//3326 3293//3293
f 3295//3295 3294//3294 3291//3291
f 3291//3291 3293//3293 3295//3295
f 4321//4321 4322//4322 4323//4323
f 4324//4324 4323//4323 4325//4325
f 4326//4326 4325//4325 4327//4327
f 4328//4328 4327//4327 4329//4329
f 4330//4330 4329//4329 4331//4331
f 4332//4332 4331//4331 4333//4333
f 4334//4334 4333//4333 4335//4335
f 4336//4336 4335//4335 4337//4337
f 4338//4338 4339//4339 4340//4340
f 4341//4341 4340//4340 4342//4342
f 4323//4323 4324//4324 4321//4321
f 4343//4343 4337//4337 4339//4339
f 4344//4344 4345//4345 4346//4346
f 4347//4347 4348//4348 4345//4345
f 4349//4349 4350//4350 4348//4348
f 4351//4351 4352//4352 4350//4350
f 4322//4322 4321//4321 4352//4352
f 4353//4353 4354//4354 4355//4355
f 4325//4325 4326//4326 4324//4324
f 4327//4327 4328//4328 4326//4326
f 4352//4352 4351//4351 4322//4322
f 4329//4329 4330//4330 4328//4328
f 4331//4331 4332//4332 4330//4330
f 4333//4333 4334//4334 4332//4332
f 4335//4335 4336//4336 4334//4334
f 4337//4337 4343//4343 4336//4336
f 4339//4339 4338//4338 4343//4343
f 4340//4340 4341//4341 4338//4338
f 4342//4342 4355//4355 4341//4341
f 4356//4356 4357//4357 4354//4354
f 4358//4358 4359//4359 4357//4357
f 4360//4360 4361//4361 4359//4359
f 4362//4362 4363//4363 4361//4361
f 4364//4364 4365//4365 4363//4363
f 4366//4366 4367//4367 4365//4365
f 4368//4368 4346//4346 4367//4367
f 4367//4367 4366//4366 4368//4368
f 4365//4365 4364//4364 4366//4366
f 4361//4361 4360//4360 4362//4362
f 4359//4359 4358//4358 4360//4360
f 4357//4357 4356//4356 4358//4358
f 4354//4354 4353//4353 4356//4356
f 4355//4355 4342//4342 4353//4353
f 4346//4346 4368//4368 4344//4344
f 4345//4345 4344//4344 4347//4347
f 4348//4348 4347//4347 4349//4349
f 4350//4350 4349//4349 4351//4351
f 4363//4363 4362//4362 4364//4364
f 4248//4248 4249//4249 4250//4250
f 4251//4251 4250//4250 4252//4252
f 4253//4253 4252//4252 4254//4254
f 4255//4255 4254//4254 4256//4256
f 4257//4257 4256//4256 4258//4258
f 4259//4259 4258//4258 4260//4260
f 4261//4261 4260//4260 4262//4262
f 4263//4263 4262//4262 4264//4264
f 4265//4265 4266//4266 4267//4267
f 4268//4268 4267//4267 4269//4269
f 4270//4270 4269//4269 4271//4271
f 4272//4272 4271//4271 4273//4273
f 4274//4274 4275//4275 4276//4276
f 4277//4277 4264//4264 4266//4266
f 4273//4273 4278//4278 4272//4272
f 4271//4271 4272//4272 4270//4270
f 4269//4269 4270//4270 4268//4268
f 4267//4267 4268//4268 4265//4265
f 4266//4266 4265//4265 4277//4277
f 4264//4264 4277//4277 4263//4263
f 4262//4262 4263//4263 4261//4261
f 4260//4260 4261//4261 4259//4259
f 4258//4258 4259//4259 4257//4257
f 4256//4256 4257//4257 4255//4255
f 4254//4254 4255//4255 4253//4253
f 4252//4252 4253//4253 4251//4251
f 4250//4250 4251//4251 4248//4248
f 4249//4249 4248//4248 4279//4279
f 4280//4280 4279//4279 4281//4281
f 4282//4282 4281//4281 4283//4283
f 4284//4284 4283//4283 4285//4285
f 4286//4286 4285//4285 4287//4287
f 4288//4288 4287//4287 4289//4289
f 4290//4290 4289//4289 4291//4291
f 4292//4292 4291//4291 4293//4293
f 4294//4294 4293//4293 4275//4275
f 4295//4295 4276//4276 4278//4278
f 4278//4278 4273//4273 4295//4295
f 4276//4276 4295//4295 4274//4274
f 4275//4275 4274//4274 4294//4294
f 4293//4293 4294//4294 4292//4292
f 4291//4291 4292//4292 4290//4290
f 4289//4289 4290//4290 4288//4288
f 4287//4287 4288//4288 4286//4286
f 4285//4285 4286//4286 4284//4284
f 4283//4283 4284//4284 4282//4282
f 4281//4281 4282//4282 4280//4280
f 4279//4279 4280//4280 4249//4249
f 4175//4175 4176//4176 4177//4177
f 4178//4178 4177//4177 4179//4179
f 4180//4180 4179//4179 4181//4181
f 4182//4182 4181//4181 4183//4183
f 4184//4184 4183//4183 4185//4185
f 4186//4186 4185//4185 4187//4187
f 4188//4188 4187//4187 4189//4189
f 4190//4190 4189//4189 4191//4191
f 4192//4192 4191//4191 4193//4193
f 4194//4194 4193//4193 4195//4195
f 4196//4196 4195//4195 4197//4197
f 4198//4198 4197//4197 4199//4199
f 4200//4200 4201//4201 4202//4202
f 4203//4203 4202//4202 4204//4204
f 4204//4204 4205//4205 4203//4203
f 4202//4202 4203//4203 4200//4200
f 4206//4206 4207//4207 4208//4208
f 4201//4201 4200//4200 4209//4209
f 4210//4210 4209//4209 4211//4211
f 4212//4212 4211//4211 4213//4213
f 4214//4214 4213//4213 4176//4176
f 4181//4181 4182//4182 4180//4180
f 4205//4205 4204//4204 4207//4207
f 4215//4215 4199//4199 4216//4216
f 4177//4177 4178//4178 4175//4175
f 4207//4207 4206//4206 4205//4205
f 4208//4208 4217//4217 4206//4206
f 4218//4218 4219//4219 4217//4217
f 4220//4220 4221//4221 4219//4219
f 4222//4222 4216//4216 4221//4221
f 4217//4217 4208//4208 4218//4218
f 4219//4219 4218//4218 4220//4220
f 4221//4221 4220//4220 4222//4222
f 4216//4216 4222//4222 4215//4215
f 4199//4199 4215//4215 4198//4198
f 4197//4197 4198//4198 4196//4196
f 4195//4195 4196//4196 4194//4194
f 4193//4193 4194//4194 4192//4192
f 4191//4191 4192//4192 4190//4190
f 4189//4189 4190//4190 4188//4188
f 4187//4187 4188//4188 4186//4186
f 4185//4185 4186//4186 4184//4184
f 4183//4183 4184//4184 4182//4182
f 4179//4179 4180//4180 4178//4178
f 4176//4176 4175//4175 4214//4214
f 4213//4213 4214//4214 4212//4212
f 4211//4211 4212//4212 4210//4210
f 4209//4209 4210//4210 4201//4201
f 4102//4102 4103//4103 4104//4104
f 4105//4105 4104//4104 4106//4106
f 4107//4107 4106//4106 4108//4108
f 4109//4109 4108//4108 4110//4110
f 4111//4111 4110//4110 4112//4112
f 4113//4113 4112//4112 4114//4114
f 4115//4115 4114//4114 4116//4116
f 4117//4117 4116//4116 4118//4118
f 4119//4119 4118//4118 4120//4120
f 4121//4121 4120//4120 4122//4122
f 4123//4123 4122//4122 4124//4124
f 4125//4125 4124//4124 4126//4126
f 4127//4127 4126//4126 4128//4128
f 4129//4129 4128//4128 4130//4130
f 4131//4131 4130//4130 4132//4132
f 4133//4133 4132//4132 4134//4134
f 4135//4135 4134//4134 4136//4136
f 4137//4137 4136//4136 4138//4138
f 4139//4139 4138//4138 4140//4140
f 4141//4141 4140//4140 4142//4142
f 4142//4142 4143//4143 4141//4141
f 4140//4140 4141//4141 4139//4139
f 4138//4138 4139//4139 4137//4137
f 4136//4136 4137//4137 4135//4135
f 4134//4134 4135//4135 4133//4133
f 4132//4132 4133//4133 4131//4131
f 4130//4130 4131//4131 4129//4129
f 4128//4128 4129//4129 4127//4127
f 4126//4126 4127//4127 4125//4125
f 4124//4124 4125//4125 4123//4123
f 4122//4122 4123//4123 4121//4121
f 4120//4120 4121//4121 4119//4119
f 4118//4118 4119//4119 4117//4117
f 4116//4116 4117//4117 4115//4115
f 4114//4114 4115//4115 4113//4113
f 4112//4112 4113//4113 4111//4111
f 4110//4110 4111//4111 4109//4109
f 4108//4108 4109//4109 4107//4107
f 4106//4106 4107//4107 4105//4105
f 4104//4104 4105//4105 4102//4102
f 4103//4103 4102//4102 4144//4144
f 4145//4145 4144//4144 4146//4146
f 4147//4147 4146//4146 4148//4148
f 4149//4149 4148//4148 4143//4143
f 4143//4143 4142//4142 4149//4149
f 4148//4148 4149//4149 4147//4147
f 4146//4146 4147//4147 4145//4145
f 4144//4144 4145//4145 4103//4103
f 4027//4027 4028//4028 4029//4029
f 4030//4030 4029//4029 4031//4031
f 4032//4032 4031//4031 4033//4033
f 4034//4034 4035//4035 4036//4036
f 4037//4037 4036//4036 4038//4038
f 4039//4039 4038//4038 4040//4040
f 4041//4041 4040//4040 4042//4042
f 4043//4043 4042//4042 4044//4044
f 4045//4045 4044//4044 4046//4046
f 4047//4047 4046//4046 4048//4048
f 4049//4049 4048//4048 4050//4050
f 4051//4051 4052//4052 4053//4053
f 4053//4053 4050//4050 4051//4051
f 4053//4053 4054//4054 4050//4050
f 4052//4052 4051//4051 4055//4055
f 4056//4056 4055//4055 4057//4057
f 4057//4057 4058//4058 4056//4056
f 4055//4055 4056//4056 4052//4052
f 4050//4050 4054//4054 4049//4049
f 4048//4048 4049//4049 4047//4047
f 4046//4046 4047//4047 4045//4045
f 4044//4044 4045//4045 4043//4043
f 4042//4042 4043//4043 4041//4041
f 4040//4040 4041//4041 4039//4039
f 4038//4038 4039//4039 4037//4037
f 4036//4036 4037//4037 4034//4034
f 4035//4035 4034//4034 4059//4059
f 4033//4033 4059//4059 4032//4032
f 4031//4031 4032//4032 4030//4030
f 4029//4029 4030//4030 4027//4027
f 4028//4028 4027//4027 4060//4060
f 4061//4061 4060//4060 4062//4062
f 4063//4063 4062//4062 4064//4064
f 4065//4065 4064//4064 4066//4066
f 4067//4067 4066//4066 4068//4068
f 4069//4069 4068//4068 4070//4070
f 4064//4064 4065//4065 4063//4063
f 4059//4059 4033//4033 4035//4035
f 4058//4058 4057//4057 4071//4071
f 4072//4072 4071//4071 4073//4073
f 4074//4074 4070//4070 4075//4075
f 4075//4075 4073//4073 4074//4074
f 4070//4070 4074//4074 4069//4069
f 4071//4071 4072//4072 4058//4058
f 4073//4073 4076//4076 4072//4072
f 4075//4075 4076//4076 4073//4073
f 4068//4068 4069//4069 4067//4067
f 4066//4066 4067//4067 4065//4065
f 4062//4062 4063//4063 4061//4061
f 4060//4060 4061//4061 4028//4028
f 3954//3954 3955//3955 3956//3956
f 3957//3957 3958//3958 3955//3955
f 3959//3959 3960//3960 3958//3958
f 3961//3961 3962//3962 3960//3960
f 3963//3963 3964//3964 3962//3962
f 3965//3965 3966//3966 3964//3964
f 3967//3967 3968//3968 3966//3966
f 3969//3969 3970//3970 3971//3971
f 3972//3972 3973//3973 3968//3968
f 3974//3974 3975//3975 3973//3973
f 3976//3976 3977//3977 3975//3975
f 3978//3978 3979//3979 3977//3977
f 3980//3980 3981//3981 3982//3982
f 3970//3970 3969//3969 3981//3981
f 3971//3971 3983//3983 3969//3969
f 3984//3984 3985//3985 3986//3986
f 3966//3966 3965//3965 3967//3967
f 3987//3987 3988//3988 3983//3983
f 3989//3989 3990//3990 3988//3988
f 3991//3991 3956//3956 3990//3990
f 3977//3977 3976//3976 3978//3978
f 3975//3975 3974//3974 3976//3976
f 3973//3973 3972//3972 3974//3974
f 3968//3968 3967//3967 3972//3972
f 3982//3982 3992//3992 3980//3980
f 3964//3964 3963//3963 3965//3965
f 3962//3962 3961//3961 3963//3963
f 3960//3960 3959//3959 3961//3961
f 3958//3958 3957//3957 3959//3959
f 3955//3955 3954//3954 3957//3957
f 3956//3956 3991//3991 3954//3954
f 3990//3990 3989//3989 3991//3991
f 3988//3988 3987//3987 3989//3989
f 3983//3983 3971//3971 3987//3987
f 3981//3981 3980//3980 3970//3970
f 3993//3993 3994//3994 3992//3992
f 3995//3995 3996//3996 3994//3994
f 3997//3997 3998//3998 3996//3996
f 3999//3999 4000//4000 3998//3998
f 3985//3985 3984//3984 4000//4000
f 3986//3986 4001//4001 3984//3984
f 3979//3979 3978//3978 4001//4001
f 4001//4001 3986//3986 3979//3979
f 4000//4000 3999//3999 3985//3985
f 3998//3998 3997//3997 3999//3999
f 3996//3996 3995//3995 3997//3997
f 3994//3994 3993//3993 3995//3995
f 3992//3992 3982//3982 3993//3993
f 3881//3881 3882//3882 3883//3883
f 3884//3884 3885//3885 3882//3882
f 3886//3886 3887//3887 3885//3885
f 3888//3888 3889//3889 3887//3887
f 3890//3890 3891//3891 3889//3889
f 3892//3892 3893//3893 3891//3891
f 3894//3894 3895//3895 3893//3893
f 3896//3896 3897//3897 3895//3895
f 3898//3898 3899//3899 3897//3897
f 3900//3900 3901//3901 3899//3899
f 3902//3902 3903//3903 3901//3901
f 3904//3904 3905//3905 3903//3903
f 3906//3906 3907//3907 3905//3905
f 3908//3908 3909//3909 3910//3910
f 3905//3905 3904//3904 3906//3906
f 3903//3903 3902//3902 3904//3904
f 3901//3901 3900//3900 3902//3902
f 3899//3899 3898//3898 3900//3900
f 3897//3897 3896//3896 3898//3898
f 3895//3895 3894//3894 3896//3896
f 3893//3893 3892//3892 3894//3894
f 3891//3891 3890//3890 3892//3892
f 3889//3889 3888//3888 3890//3890
f 3887//3887 3886//3886 3888//3888
f 3885//3885 3884//3884 3886//3886
f 3882//3882 3881//3881 3884//3884
f 3883//3883 3911//3911 3881//3881
f 3912//3912 3913//3913 3911//3911
f 3914//3914 3915//3915 3913//3913
f 3916//3916 3917//3917 3915//3915
f 3909//3909 3908//3908 3917//3917
f 3910//3910 3918//3918 3908//3908
f 3919//3919 3920//3920 3918//3918
f 3921//3921 3922//3922 3920//3920
f 3923//3923 3924//3924 3922//3922
f 3925//3925 3926//3926 3924//3924
f 3927//3927 3928//3928 3926//3926
f 3907//3907 3906//3906 3928//3928
f 3928//3928 3927//3927 3907//3907
f 3926//3926 3925//3925 3927//3927
f 3924//3924 3923//3923 3925//3925
f 3922//3922 3921//3921 3923//3923
f 3920//3920 3919//3919 3921//3921
f 3918//3918 3910//3910 3919//3919
f 3917//3917 3916//3916 3909//3909
f 3915//3915 3914//3914 3916//3916
f 3913//3913 3912//3912 3914//3914
f 3911//3911 3883//3883 3912//3912
f 3808//3808 3809//3809 3810//3810
f 3810//3810 3811//3811 3808//3808
f 3809//3809 3808//3808 3812//3812
f 3813//3813 3812//3812 3814//3814
f 3815//3815 3814//3814 3816//3816
f 3817//3817 3816//3816 3818//3818
f 3819//3819 3818//3818 3820//3820
f 3821//3821 3820//3820 3822//3822
f 3823//3823 3822//3822 3824//3824
f 3825//3825 3824//3824 3826//3826
f 3827//3827 3826//3826 3828//3828
f 3829//3829 3828//3828 3830//3830
f 3831//3831 3830//3830 3832//3832
f 3833//3833 3834//3834 3835//3835
f 3836//3836 3835//3835 3837//3837
f 3838//3838 3837//3837 3839//3839
f 3840//3840 3839//3839 3841//3841
f 3842//3842 3841//3841 3843//3843
f 3844//3844 3843//3843 3845//3845
f 3846//3846 3845//3845 3847//3847
f 3848//3848 3847//3847 3849//3849
f 3850//3850 3849//3849 3851//3851
f 3852//3852 3851//3851 3853//3853
f 3854//3854 3853//3853 3811//3811
f 3855//3855 3832//3832 3834//3834
f 3811//3811 3810//3810 3854//3854
f 3853//3853 3854//3854 3852//3852
f 3851//3851 3852//3852 3850//3850
f 3849//3849 3850//3850 3848//3848
f 3847//3847 3848//3848 3846//3846
f 3845//3845 3846//3846 3844//3844
f 3843//3843 3844//3844 3842//3842
f 3841//3841 3842//3842 3840//3840
f 3839//3839 3840//3840 3838//3838
f 3837//3837 3838//3838 3836//3836
f 3835//3835 3836//3836 3833//3833
f 3834//3834 3833//3833 3855//3855
f 3832//3832 3855//3855 3831//3831
f 3830//3830 3831//3831 3829//3829
f 3828//3828 3829//3829 3827//3827
f 3826//3826 3827//3827 3825//3825
f 3824//3824 3825//3825 3823//3823
f 3822//3822 3823//3823 3821//3821
f 3820//3820 3821//3821 3819//3819
f 3818//3818 3819//3819 3817//3817
f 3816//3816 3817//3817 3815//3815
f 3814//3814 3815//3815 3813//3813
f 3812//3812 3813//3813 3809//3809
f 3735//3735 3736//3736 3737//3737
f 3738//3738 3737//3737 3739//3739
f 3740//3740 3739//3739 3741//3741
f 3742//3742 3741//3741 3743//3743
f 3744//3744 3743//3743 3745//3745
f 3746//3746 3745//3745 3747//3747
f 3748//3748 3747//3747 3749//3749
f 3750//3750 3749//3749 3751//3751
f 3752//3752 3751//3751 3753//3753
f 3754//3754 3753//3753 3755//3755
f 3756//3756 3755//3755 3757//3757
f 3758//3758 3757//3757 3759//3759
f 3760//3760 3759//3759 3761//3761
f 3762//3762 3761//3761 3763//3763
f 3764//3764 3763//3763 3765//3765
f 3766//3766 3765//3765 3767//3767
f 3768//3768 3767//3767 3769//3769
f 3770//3770 3769//3769 3771//3771
f 3772//3772 3771//3771 3773//3773
f 3773//3773 3774//3774 3772//3772
f 3771//3771 3772//3772 3770//3770
f 3769//3769 3770//3770 3768//3768
f 3767//3767 3768//3768 3766//3766
f 3765//3765 3766//3766 3764//3764
f 3763//3763 3764//3764 3762//3762
f 3761//3761 3762//3762 3760//3760
f 3759//3759 3760//3760 3758//3758
f 3757//3757 3758//3758 3756//3756
f 3755//3755 3756//3756 3754//3754
f 3753//3753 3754//3754 3752//3752
f 3751//3751 3752//3752 3750//3750
f 3749//3749 3750//3750 3748//3748
f 3747//3747 3748//3748 3746//3746
f 3745//3745 3746//3746 3744//3744
f 3743//3743 3744//3744 3742//3742
f 3741//3741 3742//3742 3740//3740
f 3739//3739 3740//3740 3738//3738
f 3737//3737 3738//3738 3735//3735
f 3736//3736 3735//3735 3775//3775
f 3776//3776 3775//3775 3777//3777
f 3778//3778 3777//3777 3779//3779
f 3780//3780 3779//3779 3781//3781
f 3782//3782 3781//3781 3774//3774
f 3774//3774 3773//3773 3782//3782
f 3781//3781 3782//3782 3780//3780
f 3779//3779 3780//3780 3778//3778
f 3777//3777 3778//3778 3776//3776
f 3775//3775 3776//3776 3736//3736
f 3662//3662 3663//3663 3664//3664
f 3665//3665 3666//3666 3663//3663
f 3667//3667 3668//3668 3666//3666
f 3669//3669 3670//3670 3668//3668
f 3671//3671 3672//3672 3670//3670
f 3673//3673 3674//3674 3675//3675
f 3676//3676 3677//3677 3674//3674
f 3678//3678 3679//3679 3677//3677
f 3680//3680 3681//3681 3679//3679
f 3682//3682 3683//3683 3684//3684
f 3685//3685 3686//3686 3683//3683
f 3687//3687 3688//3688 3686//3686
f 3689//3689 3690//3690 3688//3688
f 3691//3691 3675//3675 3672//3672
f 3692//3692 3684//3684 3681//3681
f 3693//3693 3694//3694 3695//3695
f 3690//3690 3689//3689 3694//3694
f 3694//3694 3693//3693 3690//3690
f 3695//3695 3696//3696 3693//3693
f 3697//3697 3698//3698 3696//3696
f 3699//3699 3700//3700 3698//3698
f 3701//3701 3702//3702 3700//3700
f 3703//3703 3704//3704 3702//3702
f 3705//3705 3706//3706 3704//3704
f 3707//3707 3708//3708 3706//3706
f 3709//3709 3664//3664 3708//3708
f 3688//3688 3687//3687 3689//3689
f 3686//3686 3685//3685 3687//3687
f 3683//3683 3682//3682 3685//3685
f 3684//3684 3692//3692 3682//3682
f 3681//3681 3680//3680 3692//3692
f 3679//3679 3678//3678 3680//3680
f 3677//3677 3676//3676 3678//3678
f 3674//3674 3673//3673 3676//3676
f 3675//3675 3691//3691 3673//3673
f 3672//3672 3671//3671 3691//3691
f 3670//3670 3669//3669 3671//3671
f 3668//3668 3667//3667 3669//3669
f 3666//3666 3665//3665 3667//3667
f 3663//3663 3662//3662 3665//3665
f 3664//3664 3709//3709 3662//3662
f 3708//3708 3707//3707 3709//3709
f 3706//3706 3705//3705 3707//3707
f 3704//3704 3703//3703 3705//3705
f 3702//3702 3701//3701 3703//3703
f 3700//3700 3699//3699 3701//3701
f 3698//3698 3697//3697 3699//3699
f 3696//3696 3695//3695 3697//3697
f 3589//3589 3590//3590 3591//3591
f 3592//3592 3591//3591 3593//3593
f 3594//3594 3593//3593 3595//3595
f 3596//3596 3597//3597 3598//3598
f 3599//3599 3595//3595 3600//3600
f 3601//3601 3600//3600 3602//3602
f 3603//3603 3598//3598 3604//3604
f 3605//3605 3602//3602 3597//3597
f 3606//3606 3607//3607 3608//3608
f 3609//3609 3610//3610 3607//3607
f 3611//3611 3612//3612 3610//3610
f 3613//3613 3614//3614 3612//3612
f 3615//3615 3616//3616 3614//3614
f 3617//3617 3618//3618 3616//3616
f 3595//3595 3599//3599 3594//3594
f 3619//3619 3620//3620 3618//3618
f 3621//3621 3622//3622 3620//3620
f 3623//3623 3624//3624 3622//3622
f 3625//3625 3604//3604 3624//3624
f 3597//3597 3596//3596 3605//3605
f 3602//3602 3605//3605 3601//3601
f 3600//3600 3601//3601 3599//3599
f 3593//3593 3594//3594 3592//3592
f 3591//3591 3592//3592 3589//3589
f 3590//3590 3589//3589 3626//3626
f 3627//3627 3626//3626 3628//3628
f 3629//3629 3628//3628 3630//3630
f 3631//3631 3630//3630 3632//3632
f 3633//3633 3632//3632 3634//3634
f 3635//3635 3634//3634 3636//3636
f 3636//3636 3608//3608 3635//3635
f 3634//3634 3635//3635 3633//3633
f 3632//3632 3633//3633 3631//3631
f 3630//3630 3631//3631 3629//3629
f 3628//3628 3629//3629 3627//3627
f 3598//3598 3603//3603 3596//3596
f 3604//3604 3625//3625 3603//3603
f 3624//3624 3623//3623 3625//3625
f 3622//3622 3621//3621 3623//3623
f 3620//3620 3619//3619 3621//3621
f 3618//3618 3617//3617 3619//3619
f 3616//3616 3615//3615 3617//3617
f 3614//3614 3613//3613 3615//3615
f 3612//3612 3611//3611 3613//3613
f 3610//3610 3609//3609 3611//3611
f 3607//3607 3606//3606 3609//3609
f 3626//3626 3627//3627 3590//3590
f 3608//3608 3636//3636 3606//3606
f 3516//3516 3517//3517 3518//3518
f 3519//3519 3518//3518 3520//3520
f 3521//3521 3520//3520 3522//3522
f 3523//3523 3522//3522 3524//3524
f 3525//3525 3524//3524 3526//3526
f 3527//3527 3526//3526 3528//3528
f 3529//3529 3528//3528 3530//3530
f 3531//3531 3530//3530 3532//3532
f 3533//3533 3532//3532 3534//3534
f 3535//3535 3534//3534 3536//3536
f 3537//3537 3536//3536 3538//3538
f 3539//3539 3538//3538 3540//3540
f 3541//3541 3540//3540 3542//3542
f 3543//3543 3542//3542 3544//3544
f 3545//3545 3544//3544 3546//3546
f 3547//3547 3546//3546 3548//3548
f 3549//3549 3548//3548 3550//3550
f 3551//3551 3550//3550 3552//3552
f 3553//3553 3552//3552 3554//3554
f 3555//3555 3554//3554 3556//3556
f 3556//3556 3557//3557 3555//3555
f 3554//3554 3555//3555 3553//3553
f 3552//3552 3553//3553 3551//3551
f 3550//3550 3551//3551 3549//3549
f 3548//3548 3549//3549 3547//3547
f 3546//3546 3547//3547 3545//3545
f 3544//3544 3545//3545 3543//3543
f 3542//3542 3543//3543 3541//3541
f 3540//3540 3541//3541 3539//3539
f 3538//3538 3539//3539 3537//3537
f 3536//3536 3537//3537 3535//3535
f 3534//3534 3535//3535 3533//3533
f 3532//3532 3533//3533 3531//3531
f 3530//3530 3531//3531 3529//3529
f 3528//3528 3529//3529 3527//3527
f 3526//3526 3527//3527 3525//3525
f 3524//3524 3525//3525 3523//3523
f 3522//3522 3523//3523 3521//3521
f 3520//3520 3521//3521 3519//3519
f 3518//3518 3519//3519 3516//3516
f 3517//3517 3516//3516 3558//3558
f 3559//3559 3558//3558 3560//3560
f 3561//3561 3560//3560 3562//3562
f 3563//3563 3562//3562 3557//3557
f 3557//3557 3556//3556 3563//3563
f 3562//3562 3563//3563 3561//3561
f 3560//3560 3561//3561 3559//3559
f 3558//3558 3559//3559 3517//3517
f 3441//3441 3442//3442 3443//3443
f 3444//3444 3445//3445 3446//3446
f 3444//3444 3446//3446 3447//3447
f 3447//3447 3448//3448 3444//3444
f 3449//3449 3450//3450 3446//3446
f 3451//3451 3452//3452 3450//3450
f 3453//3453 3454//3454 3452//3452
f 3455//3455 3456//3456 3454//3454
f 3457//3457 3458//3458 3456//3456
f 3459//3459 3460//3460 3461//3461
f 3462//3462 3463//3463 3464//3464
f 3465//3465 3466//3466 3463//3463
f 3467//3467 3468//3468 3469//3469
f 3461//3461 3469//3469 3459//3459
f 3460//3460 3459//3459 3470//3470
f 3471//3471 3472//3472 3473//3473
f 3473//3473 3470//3470 3471//3471
f 3472//3472 3471//3471 3442//3442
f 3474//3474 3475//3475 3466//3466
f 3476//3476 3443//3443 3477//3477
f 3478//3478 3477//3477 3479//3479
f 3480//3480 3479//3479 3481//3481
f 3482//3482 3481//3481 3483//3483
f 3484//3484 3483//3483 3485//3485
f 3486//3486 3485//3485 3487//3487
f 3488//3488 3487//3487 3475//3475
f 3475//3475 3474//3474 3488//3488
f 3487//3487 3488//3488 3486//3486
f 3485//3485 3486//3486 3484//3484
f 3483//3483 3484//3484 3482//3482
f 3481//3481 3482//3482 3480//3480
f 3489//3489 3464//3464 3458//3458
f 3477//3477 3478//3478 3476//3476
f 3443//3443 3476//3476 3441//3441
f 3442//3442 3441//3441 3472//3472
f 3473//3473 3490//3490 3470//3470
f 3470//3470 3490//3490 3460//3460
f 3479//3479 3480//3480 3478//3478
f 3469//3469 3461//3461 3467//3467
f 3468//3468 3467//3467 3448//3448
f 3446//3446 3445//3445 3449//3449
f 3450//3450 3449//3449 3451//3451
f 3452//3452 3451//3451 3453//3453
f 3454//3454 3453//3453 3455//3455
f 3456//3456 3455//3455 3457//3457
f 3458//3458 3457//3457 3489//3489
f 3464//3464 3489//3489 3462//3462
f 3463//3463 3462//3462 3465//3465
f 3466//3466 3465//3465 3474//3474
f 3448//3448 3447//3447 3468//3468
f 3366//3366 3367//3367 3368//3368
f 3369//3369 3370//3370 3371//3371
f 3372//3372 3373//3373 3374//3374
f 3375//3375 3374//3374 3376//3376
f 3377//3377 3376//3376 3378//3378
f 3367//3367 3366//3366 3379//3379
f 3380//3380 3379//3379 3381//3381
f 3382//3382 3383//3383 3384//3384
f 3385//3385 3381//3381 3386//3386
f 3387//3387 3386//3386 3388//3388
f 3389//3389 3388//3388 3390//3390
f 3391//3391 3390//3390 3392//3392
f 3393//3393 3392//3392 3394//3394
f 3368//3368 3395//3395 3366//3366
f 3396//3396 3397//3397 3398//3398
f 3399//3399 3400//3400 3383//3383
f 3398//3398 3401//3401 3396//3396
f 3402//3402 3403//3403 3401//3401
f 3404//3404 3378//3378 3405//3405
f 3406//3406 3407//3407 3403//3403
f 3408//3408 3409//3409 3407//3407
f 3410//3410 3411//3411 3409//3409
f 3412//3412 3394//3394 3413//3413
f 3414//3414 3413//3413 3411//3411
f 3411//3411 3410//3410 3414//3414
f 3409//3409 3408//3408 3410//3410
f 3407//3407 3406//3406 3408//3408
f 3403//3403 3402//3402 3406//3406
f 3397//3397 3396//3396 3400//3400
f 3413//3413 3414//3414 3412//3412
f 3394//3394 3412//3412 3393//3393
f 3390//3390 3391//3391 3389//3389
f 3388//3388 3389//3389 3387//3387
f 3386//3386 3387//3387 3385//3385
f 3381//3381 3385//3385 3380//3380
f 3379//3379 3380//3380 3367//3367
f 3392//3392 3393//3393 3391//3391
f 3371//3371 3370//3370 3373//3373
f 3405//3405 3368//3368 3404//3404
f 3405//3405 3395//3395 3368//3368
f 3378//3378 3404//3404 3377//3377
f 3401//3401 3398//3398 3402//3402
f 3376//3376 3377//3377 3375//3375
f 3374//3374 3375//3375 3372//3372
f 3373//3373 3372//3372 3371//3371
f 3415//3415 3384//3384 3369//3369
f 3369//3369 3371//3371 3415//3415
f 3384//3384 3415//3415 3382//3382
f 3383//3383 3382//3382 3399//3399
f 3400//3400 3399//3399 3397//3397
f 3216//3216 3217//3217 3218//3218
f 3219//3219 3218//3218 3220//3220
f 3221//3221 3220//3220 3222//3222
f 3223//3223 3222//3222 3224//3224
f 3225//3225 3224//3224 3226//3226
f 3227//3227 3226//3226 3228//3228
f 3229//3229 3228//3228 3230//3230
f 3231//3231 3232//3232 3233//3233
f 3233//3233 3230//3230 3231//3231
f 3233//3233 3234//3234 3230//3230
f 3232//3232 3231//3231 3235//3235
f 3236//3236 3235//3235 3237//3237
f 3238//3238 3237//3237 3239//3239
f 3240//3240 3239//3239 3241//3241
f 3242//3242 3243//3243 3244//3244
f 3244//3244 3241//3241 3242//3242
f 3243//3243 3242//3242 3245//3245
f 3246//3246 3245//3245 3247//3247
f 3248//3248 3247//3247 3249//3249
f 3250//3250 3249//3249 3251//3251
f 3252//3252 3251//3251 3253//3253
f 3254//3254 3253//3253 3255//3255
f 3256//3256 3255//3255 3257//3257
f 3258//3258 3257//3257 3259//3259
f 3260//3260 3259//3259 3261//3261
f 3261//3261 3262//3262 3260//3260
f 3259//3259 3260//3260 3258//3258
f 3257//3257 3258//3258 3256//3256
f 3255//3255 3256//3256 3254//3254
f 3253//3253 3254//3254 3252//3252
f 3251//3251 3252//3252 3250//3250
f 3262//3262 3261//3261 3263//3263
f 3249//3249 3250//3250 3248//3248
f 3247//3247 3248//3248 3246//3246
f 3245//3245 3246//3246 3243//3243
f 3244//3244 3264//3264 3241//3241
f 3241//3241 3264//3264 3240//3240
f 3239//3239 3240//3240 3238//3238
f 3237//3237 3238//3238 3236//3236
f 3235//3235 3236//3236 3232//3232
f 3230//3230 3234//3234 3229//3229
f 3228//3228 3229//3229 3227//3227
f 3226//3226 3227//3227 3225//3225
f 3224//3224 3225//3225 3223//3223
f 3222//3222 3223//3223 3221//3221
f 3220//3220 3221//3221 3219//3219
f 3218//3218 3219//3219 3216//3216
f 3217//3217 3216//3216 3265//3265
f 3263//3263 3265//3265 3262//3262
f 3265//3265 3263//3263 3217//3217
f 3066//3066 3067//3067 3068//3068
f 3069//3069 3068//3068 3070//3070
f 3070//3070 3071//3071 3069//3069
f 3068//3068 3069//3069 3066//3066
f 3067//3067 3066//3066 3072//3072
f 3073//3073 3072//3072 3074//3074
f 3075//3075 3074//3074 3076//3076
f 3077//3077 3076//3076 3078//3078
f 3079//3079 3078//3078 3080//3080
f 3081//3081 3080//3080 3082//3082
f 3083//3083 3082//3082 3084//3084
f 3085//3085 3086//3086 3087//3087
f 3087//3087 3086//3086 3088//3088
f 3089//3089 3088//3088 3090//3090
f 3091//3091 3090//3090 3092//3092
f 3093//3093 3092//3092 3094//3094
f 3095//3095 3096//3096 3097//3097
f 3098//3098 3097//3097 3099//3099
f 3100//3100 3099//3099 3101//3101
f 3102//3102 3103//3103 3104//3104
f 3105//3105 3101//3101 3106//3106
f 3107//3107 3106//3106 3108//3108
f 3109//3109 3108//3108 3103//3103
f 3110//3110 3104//3104 3111//3111
f 3082//3082 3083//3083 3081//3081
f 3111//3111 3112//3112 3110//3110
f 3071//3071 3070//3070 3112//3112
f 3104//3104 3110//3110 3102//3102
f 3103//3103 3102//3102 3109//3109
f 3108//3108 3109//3109 3107//3107
f 3106//3106 3107//3107 3105//3105
f 3101//3101 3105//3105 3100//3100
f 3099//3099 3100//3100 3098//3098
f 3097//3097 3098//3098 3095//3095
f 3113//3113 3094//3094 3114//3114
f 3114//3114 3095//3095 3113//3113
f 3114//3114 3096//3096 3095//3095
f 3094//3094 3113//3113 3093//3093
f 3092//3092 3093//3093 3091//3091
f 3090//3090 3091//3091 3089//3089
f 3088//3088 3089//3089 3087//3087
f 3115//3115 3084//3084 3085//3085
f 3085//3085 3087//3087 3115//3115
f 3084//3084 3115//3115 3083//3083
f 3080//3080 3081//3081 3079//3079
f 3078//3078 3079//3079 3077//3077
f 3076//3076 3077//3077 3075//3075
f 3074//3074 3075//3075 3073//3073
f 3072//3072 3073//3073 3067//3067
f 3112//3112 3111//3111 3071//3071
v 0.079099 0 0.001
v 0.079099 0 0
v 0.079099 0.001 0
v 0.079099 0.001 0.001
v 0.037 -0.004 0.001
v 0.039599 -0.002366 0.001
v 0.039392 -0.002207 0.001
v 0.07175 0.046 0.001
v 0.0749 0.047633 0.001
v 0.074692 0.047792 0.001
v 0.07625 0.046 0.001
v 0.0754 0.047499 0.001
v 0.075141 0.047534 0.001
v 0.075141 0.049465 0.001
v 0.0754 0.049499 0.001
v 0.07625 0.05025 0.001
v 0.0744 0.0485 0.001
v 0.07175 0.05025 0.001
v 0.075658 0.047534 0.001
v 0.075658 0.049465 0.001
v 0.074434 0.048758 0.001
v 0.0759 0.049366 0.001
v 0.076107 0.049207 0.001
v 0.0749 0.049366 0.001
v 0.074533 0.048 0.001
v 0.074434 0.048241 0.001
v 0.0759 0.047633 0.001
v 0.074533 0.048999 0.001
v 0.074692 0.049207 0.001
v 0.07625 0.047979 0.001
v 0.076107 0.047792 0.001
v 0.079099 0.046 0.001
v 0.079099 0.05025 0.001
v 0.076399 0.0485 0.001
v 0.076365 0.048758 0.001
v 0.076365 0.048241 0.001
v 0.076266 0.048 0.001
v 0.076266 0.048999 0.001
v 0.07625 0.04902 0.001
v 0.06925 0.047979 0.001
v 0.06925 0.046 0.001
v 0.069107 0.049207 0.001
v 0.06925 0.04902 0.001
v 0.06925 0.05025 0.001
v 0.062249 0.047979 0.001
v 0.062249 0.046 0.001
v 0.06475 0.046 0.001
v 0.062107 0.049207 0.001
v 0.062249 0.04902 0.001
v 0.062249 0.05025 0.001
v 0.05525 0.047979 0.001
v 0.05525 0.046 0.001
v 0.05775 0.046 0.001
v 0.04825 0.047979 0.001
v 0.04825 0.046 0.001
v 0.048107 0.049207 0.001
v 0.04825 0.04902 0.001
v 0.04825 0.05025 0.001
v 0.043749 0.05025 0.001
v 0.043749 0.046 0.001
v 0.04625 0.046 0.001
v 0.04125 0.047979 0.001
v 0.04125 0.046 0.001
v 0.041107 0.049207 0.001
v 0.04125 0.04902 0.001
v 0.04125 0.05025 0.001
v 0.0364 0.046 0.001
v 0.037 0.046 0.001
v 0.037 0.05025 0.001
v 0.034899 0.039999 0.001
v 0.0364 0.036499 0.001
v 0.0364 0.04425 0.001
v 0.034865 0.033258 0.001
v 0.034899 0.032999 0.001
v 0.034899 0.018999 0.001
v 0.0364 0.015499 0.001
v 0.0364 0.0225 0.001
v 0.034899 0.012 0.001
v 0.0364 0.0085 0.001
v 0.034899 0.004999 0.001
v 0.0364 0.00175 0.001
v 0.031399 0.001 0.001
v 0.031399 -0.004 0.001
v 0.0364 0.001 0.001
v 0.041099 -0.0015 0.001
v 0.04125 -0.004 0.001
v 0.04125 0.001 0.001
v 0.043749 -0.004 0.001
v 0.04625 -0.000979 0.001
v 0.04625 0.001 0.001
v 0.043749 0.001 0.001
v 0.046392 -0.002207 0.001
v 0.04625 -0.00202 0.001
v 0.04625 -0.004 0.001
v 0.0551 -0.0015 0.001
v 0.05525 -0.004 0.001
v 0.05525 0.001 0.001
v 0.05775 -0.004 0.001
v 0.0621 -0.0015 0.001
v 0.062249 -0.004 0.001
v 0.062249 0.001 0.001
v 0.06475 -0.004 0.001
v 0.069099 -0.0015 0.001
v 0.06925 -0.004 0.001
v 0.06925 0.001 0.001
v 0.07175 -0.004 0.001
v 0.076099 -0.0015 0.001
v 0.07625 -0.004 0.001
v 0.07625 0.001 0.001
v 0.079099 0 0.001
v 0.079099 0.001 0.001
v 0.0364 0.050999 0.001
v 0.031399 0.050999 0.001
v 0.031399 0.05025 0.001
v 0.037 0.050999 0.001
v 0.04125 0.050999 0.001
v 0.043749 0.050999 0.001
v 0.04625 0.05025 0.001
v 0.04625 0.050999 0.001
v 0.04825 0.050999 0.001
v 0.05525 0.05025 0.001
v 0.05525 0.050999 0.001
v 0.05775 0.05025 0.001
v 0.05775 0.050999 0.001
v 0.062249 0.050999 0.001
v 0.06475 0.05025 0.001
v 0.06475 0.050999 0.001
v 0.06925 0.050999 0.001
v 0.07175 0.050999 0.001
v 0.07625 0.050999 0.001
v 0.079099 0.050999 0.001
v 0.079099 -0.003 0.001
v 0.079099 -0.004 0.001
v 0.075599 -0.000633 0.001
v 0.075807 -0.000792 0.001
v 0.07175 0.001 0.001
v 0.074233 -0.001 0.001
v 0.074392 -0.000792 0.001
v 0.0741 -0.0015 0.001
v 0.075358 -0.000534 0.001
v 0.074841 -0.000534 0.001
v 0.0746 -0.000633 0.001
v 0.074134 -0.001758 0.001
v 0.075099 -0.002499 0.001
v 0.074841 -0.002465 0.001
v 0.075966 -0.002 0.001
v 0.075807 -0.002207 0.001
v 0.075099 -0.0005 0.001
v 0.074134 -0.001241 0.001
v 0.0746 -0.002366 0.001
v 0.074392 -0.002207 0.001
v 0.075599 -0.002366 0.001
v 0.076065 -0.001241 0.001
v 0.074233 -0.002 0.001
v 0.075358 -0.002465 0.001
v 0.075966 -0.001 0.001
v 0.076065 -0.001758 0.001
v 0.068599 -0.000633 0.001
v 0.068807 -0.000792 0.001
v 0.06475 0.001 0.001
v 0.067233 -0.001 0.001
v 0.067392 -0.000792 0.001
v 0.0671 -0.0015 0.001
v 0.068358 -0.000534 0.001
v 0.067841 -0.000534 0.001
v 0.067599 -0.000633 0.001
v 0.067134 -0.001758 0.001
v 0.067599 -0.002366 0.001
v 0.067392 -0.002207 0.001
v 0.068966 -0.002 0.001
v 0.068807 -0.002207 0.001
v 0.068099 -0.0005 0.001
v 0.067233 -0.002 0.001
v 0.067841 -0.002465 0.001
v 0.068099 -0.002499 0.001
v 0.068599 -0.002366 0.001
v 0.069065 -0.001241 0.001
v 0.067134 -0.001241 0.001
v 0.068358 -0.002465 0.001
v 0.068966 -0.001 0.001
v 0.069065 -0.001758 0.001
v 0.05775 0.001 0.001
v 0.060841 -0.000534 0.001
v 0.061099 -0.0005 0.001
v 0.061358 -0.000534 0.001
v 0.060134 -0.001241 0.001
v 0.060233 -0.001 0.001
v 0.061099 -0.002499 0.001
v 0.060841 -0.002465 0.001
v 0.061807 -0.000792 0.001
v 0.061966 -0.001 0.001
v 0.0606 -0.000633 0.001
v 0.060392 -0.000792 0.001
v 0.060392 -0.002207 0.001
v 0.060233 -0.002 0.001
v 0.061358 -0.002465 0.001
v 0.062065 -0.001758 0.001
v 0.061966 -0.002 0.001
v 0.061599 -0.000633 0.001
v 0.0601 -0.0015 0.001
v 0.0606 -0.002366 0.001
v 0.061807 -0.002207 0.001
v 0.060134 -0.001758 0.001
v 0.061599 -0.002366 0.001
v 0.062065 -0.001241 0.001
v 0.04825 -0.004 0.001
v 0.053841 -0.002465 0.001
v 0.054358 -0.002465 0.001
v 0.054099 -0.002499 0.001
v 0.053841 -0.000534 0.001
v 0.054099 -0.0005 0.001
v 0.055065 -0.001758 0.001
v 0.054966 -0.002 0.001
v 0.054358 -0.000534 0.001
v 0.04825 0.001 0.001
v 0.053599 -0.000633 0.001
v 0.053134 -0.001241 0.001
v 0.053233 -0.001 0.001
v 0.053392 -0.002207 0.001
v 0.053233 -0.002 0.001
v 0.0546 -0.002366 0.001
v 0.054807 -0.002207 0.001
v 0.054807 -0.000792 0.001
v 0.054966 -0.001 0.001
v 0.053392 -0.000792 0.001
v 0.053599 -0.002366 0.001
v 0.0546 -0.000633 0.001
v 0.053134 -0.001758 0.001
v 0.0531 -0.0015 0.001
v 0.055065 -0.001241 0.001
v 0.0471 -0.0005 0.001
v 0.046841 -0.000534 0.001
v 0.046599 -0.000633 0.001
v 0.047358 -0.002465 0.001
v 0.0471 -0.002499 0.001
v 0.0476 -0.000633 0.001
v 0.047807 -0.000792 0.001
v 0.047358 -0.000534 0.001
v 0.048065 -0.001758 0.001
v 0.047966 -0.002 0.001
v 0.046392 -0.000792 0.001
v 0.046599 -0.002366 0.001
v 0.046841 -0.002465 0.001
v 0.047807 -0.002207 0.001
v 0.047966 -0.001 0.001
v 0.048065 -0.001241 0.001
v 0.0476 -0.002366 0.001
v 0.048099 -0.0015 0.001
v 0.0461 -0.0015 0.001
v 0.046233 -0.001 0.001
v 0.046134 -0.001241 0.001
v 0.046233 -0.002 0.001
v 0.046134 -0.001758 0.001
v 0.037 0.001 0.001
v 0.039841 -0.000534 0.001
v 0.0401 -0.0005 0.001
v 0.0401 -0.002499 0.001
v 0.039841 -0.002465 0.001
v 0.039599 -0.000633 0.001
v 0.039134 -0.001758 0.001
v 0.039099 -0.0015 0.001
v 0.040807 -0.000792 0.001
v 0.040966 -0.001 0.001
v 0.040358 -0.000534 0.001
v 0.039233 -0.001 0.001
v 0.039392 -0.000792 0.001
v 0.040358 -0.002465 0.001
v 0.040807 -0.002207 0.001
v 0.0406 -0.002366 0.001
v 0.0406 -0.000633 0.001
v 0.039134 -0.001241 0.001
v 0.053434 0.048758 0.001
v 0.048266 0.048999 0.001
v 0.048365 0.048758 0.001
v 0.041065 -0.001758 0.001
v 0.040966 -0.002 0.001
v 0.039233 -0.002 0.001
v 0.041065 -0.001241 0.001
v 0.031399 0.00175 0.001
v 0.0364 -0.004 0.001
v 0.031399 0.0085 0.001
v 0.0339 0.006 0.001
v 0.033641 0.005965 0.001
v 0.034158 0.004034 0.001
v 0.0339 0.004 0.001
v 0.034158 0.005965 0.001
v 0.0344 0.005866 0.001
v 0.034607 0.005707 0.001
v 0.033399 0.005866 0.001
v 0.0329 0.004999 0.001
v 0.033641 0.004034 0.001
v 0.034607 0.004292 0.001
v 0.0344 0.004133 0.001
v 0.034865 0.005258 0.001
v 0.033033 0.005499 0.001
v 0.033192 0.005707 0.001
v 0.032934 0.004741 0.001
v 0.033399 0.004133 0.001
v 0.033192 0.004292 0.001
v 0.034766 0.005499 0.001
v 0.032934 0.005258 0.001
v 0.033033 0.004499 0.001
v 0.034766 0.004499 0.001
v 0.034865 0.004741 0.001
v 0.031399 0.015499 0.001
v 0.0339 0.013 0.001
v 0.033641 0.012965 0.001
v 0.034158 0.012965 0.001
v 0.034158 0.011034 0.001
v 0.0339 0.010999 0.001
v 0.0344 0.012866 0.001
v 0.034607 0.012707 0.001
v 0.033399 0.012866 0.001
v 0.032934 0.011741 0.001
v 0.0329 0.012 0.001
v 0.034865 0.012258 0.001
v 0.033033 0.0125 0.001
v 0.033192 0.012707 0.001
v 0.033641 0.011034 0.001
v 0.034607 0.011292 0.001
v 0.0344 0.011133 0.001
v 0.034766 0.0125 0.001
v 0.032934 0.012258 0.001
v 0.033399 0.011133 0.001
v 0.033192 0.011292 0.001
v 0.034865 0.011741 0.001
v 0.034766 0.0115 0.001
v 0.033033 0.0115 0.001
v 0.034865 0.018741 0.001
v 0.034766 0.0185 0.001
v 0.031399 0.0225 0.001
v 0.0339 0.019999 0.001
v 0.032934 0.018741 0.001
v 0.0329 0.018999 0.001
v 0.0339 0.017999 0.001
v 0.0344 0.018133 0.001
v 0.034158 0.018034 0.001
v 0.034607 0.018292 0.001
v 0.034607 0.019707 0.001
v 0.034766 0.0195 0.001
v 0.034158 0.019965 0.001
v 0.033399 0.019866 0.001
v 0.033641 0.019965 0.001
v 0.033399 0.018133 0.001
v 0.033192 0.018292 0.001
v 0.0344 0.019866 0.001
v 0.032934 0.019258 0.001
v 0.033641 0.018034 0.001
v 0.033033 0.0195 0.001
v 0.033192 0.019707 0.001
v 0.033033 0.0185 0.001
v 0.034865 0.019258 0.001
v 0.034158 0.032034 0.001
v 0.0339 0.032 0.001
v 0.0339 0.027 0.001
v 0.033641 0.032034 0.001
v 0.033641 0.026965 0.001
v 0.034158 0.026965 0.001
v 0.033399 0.026866 0.001
v 0.0344 0.026866 0.001
v 0.0344 0.032133 0.001
v 0.031399 0.036499 0.001
v 0.033033 0.026499 0.001
v 0.032934 0.032741 0.001
v 0.033399 0.032133 0.001
v 0.033192 0.032292 0.001
v 0.0329 0.026 0.001
v 0.0329 0.032999 0.001
v 0.034607 0.026707 0.001
v 0.032934 0.025741 0.001
v 0.0339 0.034 0.001
v 0.032934 0.033258 0.001
v 0.033033 0.032499 0.001
v 0.033192 0.026707 0.001
v 0.034865 0.032741 0.001
v 0.032934 0.026258 0.001
v 0.033641 0.025034 0.001
v 0.033399 0.025133 0.001
v 0.0339 0.025 0.001
v 0.0344 0.025133 0.001
v 0.034158 0.025034 0.001
v 0.033641 0.033965 0.001
v 0.034766 0.026499 0.001
v 0.034766 0.032499 0.001
v 0.034607 0.032292 0.001
v 0.033033 0.025499 0.001
v 0.033192 0.025292 0.001
v 0.034766 0.025499 0.001
v 0.034607 0.025292 0.001
v 0.034766 0.0335 0.001
v 0.0344 0.033866 0.001
v 0.034607 0.033707 0.001
v 0.034158 0.033965 0.001
v 0.034865 0.026258 0.001
v 0.034899 0.026 0.001
v 0.033399 0.033866 0.001
v 0.034865 0.025741 0.001
v 0.033033 0.0335 0.001
v 0.033192 0.033707 0.001
v 0.034865 0.040258 0.001
v 0.034158 0.039034 0.001
v 0.0339 0.039 0.001
v 0.034766 0.0405 0.001
v 0.0344 0.040866 0.001
v 0.034607 0.040707 0.001
v 0.031399 0.04425 0.001
v 0.0339 0.041 0.001
v 0.033399 0.040866 0.001
v 0.033641 0.040965 0.001
v 0.033033 0.0405 0.001
v 0.033192 0.040707 0.001
v 0.0329 0.039999 0.001
v 0.033033 0.0395 0.001
v 0.032934 0.039741 0.001
v 0.033399 0.039133 0.001
v 0.033192 0.039292 0.001
v 0.0344 0.039133 0.001
v 0.034766 0.0395 0.001
v 0.034607 0.039292 0.001
v 0.034158 0.040965 0.001
v 0.032934 0.040258 0.001
v 0.033641 0.039034 0.001
v 0.034865 0.039741 0.001
v 0.040141 0.049465 0.001
v 0.0399 0.049366 0.001
v 0.039533 0.048999 0.001
v 0.039692 0.049207 0.001
v 0.039434 0.048241 0.001
v 0.0394 0.0485 0.001
v 0.0399 0.047633 0.001
v 0.039692 0.047792 0.001
v 0.040399 0.047499 0.001
v 0.040141 0.047534 0.001
v 0.040899 0.047633 0.001
v 0.040658 0.047534 0.001
v 0.040899 0.049366 0.001
v 0.040399 0.049499 0.001
v 0.040658 0.049465 0.001
v 0.039434 0.048758 0.001
v 0.039533 0.048 0.001
v 0.041107 0.047792 0.001
v 0.0414 0.0485 0.001
v 0.041266 0.048 0.001
v 0.041365 0.048241 0.001
v 0.041266 0.048999 0.001
v 0.041365 0.048758 0.001
v 0.0474 0.047499 0.001
v 0.047141 0.049465 0.001
v 0.0474 0.049499 0.001
v 0.046434 0.048241 0.001
v 0.046399 0.0485 0.001
v 0.047658 0.047534 0.001
v 0.047141 0.047534 0.001
v 0.047658 0.049465 0.001
v 0.046434 0.048758 0.001
v 0.0469 0.047633 0.001
v 0.046692 0.047792 0.001
v 0.047899 0.047633 0.001
v 0.047899 0.049366 0.001
v 0.0469 0.049366 0.001
v 0.046533 0.048 0.001
v 0.046533 0.048999 0.001
v 0.046692 0.049207 0.001
v 0.048107 0.047792 0.001
v 0.0549 0.049366 0.001
v 0.055107 0.049207 0.001
v 0.053899 0.049366 0.001
v 0.054141 0.049465 0.001
v 0.053533 0.048999 0.001
v 0.053692 0.049207 0.001
v 0.048399 0.0485 0.001
v 0.053399 0.0485 0.001
v 0.053434 0.048241 0.001
v 0.054658 0.049465 0.001
v 0.0544 0.049499 0.001
v 0.048365 0.048241 0.001
v 0.048266 0.048 0.001
v 0.053899 0.047633 0.001
v 0.053692 0.047792 0.001
v 0.053533 0.048 0.001
v 0.054141 0.047534 0.001
v 0.054658 0.047534 0.001
v 0.0544 0.047499 0.001
v 0.055107 0.047792 0.001
v 0.0549 0.047633 0.001
v 0.05525 0.04902 0.001
v 0.055266 0.048 0.001
v 0.055399 0.0485 0.001
v 0.055365 0.048241 0.001
v 0.055365 0.048758 0.001
v 0.055266 0.048999 0.001
v 0.0619 0.049366 0.001
v 0.061141 0.049465 0.001
v 0.060533 0.048999 0.001
v 0.060692 0.049207 0.001
v 0.061658 0.049465 0.001
v 0.0614 0.049499 0.001
v 0.060899 0.049366 0.001
v 0.060434 0.048758 0.001
v 0.060434 0.048241 0.001
v 0.0604 0.0485 0.001
v 0.0614 0.047499 0.001
v 0.061141 0.047534 0.001
v 0.060899 0.047633 0.001
v 0.060692 0.047792 0.001
v 0.061658 0.047534 0.001
v 0.062107 0.047792 0.001
v 0.060533 0.048 0.001
v 0.0619 0.047633 0.001
v 0.062266 0.048 0.001
v 0.062399 0.0485 0.001
v 0.062365 0.048241 0.001
v 0.062365 0.048758 0.001
v 0.062266 0.048999 0.001
v 0.068141 0.049465 0.001
v 0.067434 0.048241 0.001
v 0.0674 0.0485 0.001
v 0.068899 0.049366 0.001
v 0.0684 0.049499 0.001
v 0.068658 0.049465 0.001
v 0.0679 0.049366 0.001
v 0.067533 0.048999 0.001
v 0.067692 0.049207 0.001
v 0.0684 0.047499 0.001
v 0.068141 0.047534 0.001
v 0.067434 0.048758 0.001
v 0.0679 0.047633 0.001
v 0.067692 0.047792 0.001
v 0.068899 0.047633 0.001
v 0.068658 0.047534 0.001
v 0.069107 0.047792 0.001
v 0.067533 0.048 0.001
v 0.069399 0.0485 0.001
v 0.069365 0.048758 0.001
v 0.069365 0.048241 0.001
v 0.069266 0.048 0.001
v 0.069266 0.048999 0.001
v 0.0364 0.001 0
v 0.037 0.001 0.001
v 0.04125 0.001 0.001
v 0.043749 0.001 0.001
v 0.04625 0.001 0.001
v 0.04825 0.001 0.001
v 0.05525 0.001 0.001
v 0.05775 0.001 0.001
v 0.062249 0.001 0.001
v 0.079099 0.001 0
v 0.06475 0.001 0.001
v 0.07625 0.001 0.001
v 0.079099 0.001 0.001
v 0.06925 0.001 0.001
v 0.07175 0.001 0.001
v 0.0364 0.001 0.001
v 0.079099 0 0
v 0.079099 0 0.001
v 0.079099 -0.003 0.001
v 0.079099 -0.003 0
v 0.079099 -0.004 0.001
v 0.079099 -0.004 0
v 0.079099 -0.003 0
v 0.079099 -0.003 0.001
v 0.079099 -0.004 0
v 0.079099 -0.004 0.001
v 0.07625 -0.004 0.001
v 0.037 -0.004 0.001
v 0.0364 -0.004 0.001
v 0.0364 -0.004 0
v 0.07175 -0.004 0.001
v 0.06925 -0.004 0.001
v 0.06475 -0.004 0.001
v 0.04125 -0.004 0.001
v 0.043749 -0.004 0.001
v 0.04625 -0.004 0.001
v 0.04825 -0.004 0.001
v 0.05525 -0.004 0.001
v 0.05775 -0.004 0.001
v 0.062249 -0.004 0.001
v 0.0364 -0.004 0
v 0.0364 -0.004 0.001
v 0.031399 -0.004 0.001
v 0.031399 -0.004 0
v 0.031399 0.001 0.001
v 0.031399 0.001 0
v 0.031399 -0.004 0
v 0.031399 -0.004 0.001
v 0.031399 0.05025 0.001
v 0.031399 0.050999 0.001
v 0.031399 0.050999 0
v 0.031399 0.001 0
v 0.031399 0.015499 0.001
v 0.031399 0.0225 0.001
v 0.031399 0.036499 0.001
v 0.031399 0.001 0.001
v 0.031399 0.00175 0.001
v 0.031399 0.04425 0.001
v 0.031399 0.0085 0.001
v 0.031399 0.050999 0
v 0.031399 0.050999 0.001
v 0.0364 0.050999 0.001
v 0.0364 0.050999 0
v 0.0364 0.050999 0
v 0.043749 0.050999 0.001
v 0.04625 0.050999 0.001
v 0.04825 0.050999 0.001
v 0.04125 0.050999 0.001
v 0.05775 0.050999 0.001
v 0.062249 0.050999 0.001
v 0.079099 0.050999 0
v 0.07625 0.050999 0.001
v 0.079099 0.050999 0.001
v 0.0364 0.050999 0.001
v 0.037 0.050999 0.001
v 0.05525 0.050999 0.001
v 0.06925 0.050999 0.001
v 0.07175 0.050999 0.001
v 0.06475 0.050999 0.001
v 0.079099 0.046 0
v 0.079099 0.050999 0
v 0.079099 0.05025 0.001
v 0.079099 0.046 0.001
v 0.079099 0.050999 0.001
v 0.079099 0.046 0
v 0.06925 0.046 0.001
v 0.06475 0.046 0.001
v 0.062249 0.046 0.001
v 0.05775 0.046 0.001
v 0.05525 0.046 0.001
v 0.0364 0.046 0
v 0.04625 0.046 0.001
v 0.043749 0.046 0.001
v 0.04825 0.046 0.001
v 0.04125 0.046 0.001
v 0.07175 0.046 0.001
v 0.07625 0.046 0.001
v 0.037 0.046 0.001
v 0.079099 0.046 0.001
v 0.0364 0.046 0.001
v 0.0364 0.046 0
v 0.0364 0.04425 0.001
v 0.0364 0.036499 0.001
v 0.0364 0.046 0.001
v 0.0364 0.00175 0.001
v 0.0364 0.001 0.001
v 0.0364 0.001 0
v 0.0364 0.0085 0.001
v 0.0364 0.015499 0.001
v 0.0364 0.0225 0.001
v 0.0364 0.001 0
v 0.079099 0 0
v 0.079099 -0.003 0
v 0.0364 -0.004 0
v 0.031399 -0.004 0
v 0.0364 0.046 0
v 0.0364 0.050999 0
v 0.079099 0.050999 0
v 0.031399 0.050999 0
v 0.031399 0.001 0
v 0.079099 0.046 0
v 0.079099 0.001 0
v 0.079099 -0.004 0
v 0.061658 0.047534 0.016
v 0.0619 0.047633 0.016
v 0.0614 0.0485 0.016
v 0.0614 0.047499 0.016
v 0.061141 0.047534 0.016
v 0.060899 0.047633 0.016
v 0.060692 0.047792 0.016
v 0.061658 0.049465 0.016
v 0.0614 0.049499 0.016
v 0.062266 0.048 0.016
v 0.062365 0.048241 0.016
v 0.062107 0.047792 0.016
v 0.0604 0.0485 0.016
v 0.060434 0.048241 0.016
v 0.060434 0.048758 0.016
v 0.060533 0.048999 0.016
v 0.060533 0.048 0.016
v 0.060692 0.049207 0.016
v 0.060899 0.049366 0.016
v 0.061141 0.049465 0.016
v 0.0619 0.049366 0.016
v 0.062107 0.049207 0.016
v 0.062266 0.048999 0.016
v 0.062365 0.048758 0.016
v 0.062399 0.0485 0.016
v 0.060533 0.048 0.001
v 0.060533 0.048 0.016
v 0.060434 0.048241 0.016
v 0.060434 0.048241 0.001
v 0.0604 0.0485 0.016
v 0.0604 0.0485 0.001
v 0.060692 0.047792 0.001
v 0.060692 0.047792 0.016
v 0.060899 0.047633 0.001
v 0.060899 0.047633 0.016
v 0.061141 0.047534 0.001
v 0.061141 0.047534 0.016
v 0.0614 0.047499 0.001
v 0.0614 0.047499 0.016
v 0.061658 0.047534 0.001
v 0.061658 0.047534 0.016
v 0.0619 0.047633 0.001
v 0.0619 0.047633 0.016
v 0.062107 0.047792 0.001
v 0.062249 0.047979 0.001
v 0.062266 0.048 0.001
v 0.062266 0.048 0.016
v 0.062365 0.048241 0.001
v 0.062365 0.048241 0.016
v 0.062399 0.0485 0.001
v 0.062399 0.0485 0.016
v 0.062365 0.048758 0.001
v 0.062365 0.048758 0.016
v 0.062266 0.048999 0.001
v 0.062107 0.049207 0.016
v 0.062107 0.049207 0.001
v 0.0619 0.049366 0.001
v 0.0619 0.049366 0.016
v 0.061658 0.049465 0.001
v 0.061658 0.049465 0.016
v 0.0614 0.049499 0.001
v 0.060692 0.049207 0.016
v 0.060692 0.049207 0.001
v 0.060533 0.048999 0.001
v 0.0614 0.049499 0.016
v 0.061141 0.049465 0.001
v 0.061141 0.049465 0.016
v 0.060899 0.049366 0.001
v 0.060899 0.049366 0.016
v 0.060533 0.048999 0.016
v 0.060434 0.048758 0.001
v 0.060434 0.048758 0.016
v 0.062266 0.048999 0.016
v 0.062249 0.04902 0.001
v 0.062107 0.047792 0.016
v 0.067533 0.048999 0.016
v 0.067434 0.048758 0.016
v 0.0684 0.0485 0.016
v 0.0674 0.0485 0.016
v 0.067434 0.048241 0.016
v 0.067533 0.048 0.016
v 0.067692 0.047792 0.016
v 0.0679 0.047633 0.016
v 0.068141 0.047534 0.016
v 0.0684 0.047499 0.016
v 0.068658 0.047534 0.016
v 0.068899 0.047633 0.016
v 0.069107 0.047792 0.016
v 0.069266 0.048 0.016
v 0.069365 0.048241 0.016
v 0.069399 0.0485 0.016
v 0.069365 0.048758 0.016
v 0.069266 0.048999 0.016
v 0.069107 0.049207 0.016
v 0.068899 0.049366 0.016
v 0.068658 0.049465 0.016
v 0.0684 0.049499 0.016
v 0.068141 0.049465 0.016
v 0.0679 0.049366 0.016
v 0.067692 0.049207 0.016
v 0.068658 0.047534 0.001
v 0.068658 0.047534 0.016
v 0.0684 0.047499 0.016
v 0.0684 0.047499 0.001
v 0.068141 0.047534 0.016
v 0.068141 0.047534 0.001
v 0.0679 0.047633 0.016
v 0.0679 0.047633 0.001
v 0.067692 0.047792 0.016
v 0.067692 0.047792 0.001
v 0.067533 0.048 0.016
v 0.067533 0.048 0.001
v 0.067434 0.048241 0.016
v 0.067434 0.048241 0.001
v 0.0674 0.0485 0.016
v 0.0674 0.0485 0.001
v 0.068899 0.047633 0.001
v 0.068899 0.047633 0.016
v 0.069107 0.047792 0.001
v 0.06925 0.047979 0.001
v 0.069266 0.048 0.001
v 0.069266 0.048 0.016
v 0.069365 0.048241 0.001
v 0.069365 0.048241 0.016
v 0.069399 0.0485 0.001
v 0.069399 0.0485 0.016
v 0.069365 0.048758 0.001
v 0.069365 0.048758 0.016
v 0.069266 0.048999 0.001
v 0.069107 0.049207 0.016
v 0.069107 0.049207 0.001
v 0.068899 0.049366 0.001
v 0.068899 0.049366 0.016
v 0.068658 0.049465 0.001
v 0.068658 0.049465 0.016
v 0.0684 0.049499 0.001
v 0.0684 0.049499 0.016
v 0.068141 0.049465 0.001
v 0.068141 0.049465 0.016
v 0.0679 0.049366 0.001
v 0.0679 0.049366 0.016
v 0.067692 0.049207 0.001
v 0.067692 0.049207 0.016
v 0.067533 0.048999 0.001
v 0.067533 0.048999 0.016
v 0.067434 0.048758 0.001
v 0.067434 0.048758 0.016
v 0.06925 0.04902 0.001
v 0.069266 0.048999 0.016
v 0.069107 0.047792 0.016
v 0.076365 0.048241 0.016
v 0.076399 0.0485 0.016
v 0.0754 0.0485 0.016
v 0.076266 0.048 0.016
v 0.076107 0.047792 0.016
v 0.0759 0.047633 0.016
v 0.075658 0.047534 0.016
v 0.0754 0.047499 0.016
v 0.075141 0.047534 0.016
v 0.0749 0.047633 0.016
v 0.074692 0.047792 0.016
v 0.074533 0.048 0.016
v 0.074434 0.048758 0.016
v 0.0744 0.0485 0.016
v 0.074533 0.048999 0.016
v 0.076365 0.048758 0.016
v 0.076266 0.048999 0.016
v 0.074434 0.048241 0.016
v 0.074692 0.049207 0.016
v 0.0749 0.049366 0.016
v 0.075141 0.049465 0.016
v 0.0754 0.049499 0.016
v 0.075658 0.049465 0.016
v 0.0759 0.049366 0.016
v 0.076107 0.049207 0.016
v 0.074533 0.048999 0.001
v 0.074533 0.048999 0.016
v 0.074692 0.049207 0.016
v 0.074692 0.049207 0.001
v 0.0749 0.049366 0.016
v 0.0749 0.049366 0.001
v 0.075141 0.049465 0.016
v 0.075141 0.049465 0.001
v 0.0754 0.049499 0.016
v 0.0754 0.049499 0.001
v 0.075658 0.049465 0.016
v 0.075658 0.049465 0.001
v 0.0759 0.049366 0.016
v 0.0759 0.049366 0.001
v 0.076107 0.049207 0.016
v 0.076266 0.048999 0.016
v 0.076266 0.048999 0.001
v 0.07625 0.04902 0.001
v 0.076107 0.049207 0.001
v 0.076365 0.048758 0.016
v 0.076365 0.048758 0.001
v 0.076399 0.0485 0.016
v 0.076399 0.0485 0.001
v 0.076365 0.048241 0.016
v 0.076365 0.048241 0.001
v 0.076266 0.048 0.016
v 0.076107 0.047792 0.016
v 0.076107 0.047792 0.001
v 0.07625 0.047979 0.001
v 0.0759 0.047633 0.016
v 0.0759 0.047633 0.001
v 0.075658 0.047534 0.016
v 0.075658 0.047534 0.001
v 0.0754 0.047499 0.016
v 0.0754 0.047499 0.001
v 0.075141 0.047534 0.016
v 0.075141 0.047534 0.001
v 0.0749 0.047633 0.016
v 0.0749 0.047633 0.001
v 0.074692 0.047792 0.016
v 0.074692 0.047792 0.001
v 0.074533 0.048 0.016
v 0.074533 0.048 0.001
v 0.074434 0.048241 0.016
v 0.074434 0.048241 0.001
v 0.0744 0.0485 0.016
v 0.0744 0.0485 0.001
v 0.074434 0.048758 0.016
v 0.076266 0.048 0.001
v 0.074434 0.048758 0.001
v 0.053533 0.048 0.016
v 0.053692 0.047792 0.016
v 0.0544 0.0485 0.016
v 0.053899 0.047633 0.016
v 0.054141 0.047534 0.016
v 0.0544 0.047499 0.016
v 0.054658 0.047534 0.016
v 0.0549 0.047633 0.016
v 0.055107 0.047792 0.016
v 0.055266 0.048 0.016
v 0.055365 0.048241 0.016
v 0.055399 0.0485 0.016
v 0.055365 0.048758 0.016
v 0.053533 0.048999 0.016
v 0.053434 0.048758 0.016
v 0.055266 0.048999 0.016
v 0.055107 0.049207 0.016
v 0.0549 0.049366 0.016
v 0.054658 0.049465 0.016
v 0.0544 0.049499 0.016
v 0.054141 0.049465 0.016
v 0.053899 0.049366 0.016
v 0.053692 0.049207 0.016
v 0.053399 0.0485 0.016
v 0.053434 0.048241 0.016
v 0.05525 0.04902 0.001
v 0.055107 0.049207 0.001
v 0.055107 0.049207 0.016
v 0.055266 0.048999 0.001
v 0.055266 0.048999 0.016
v 0.055365 0.048758 0.016
v 0.055365 0.048758 0.001
v 0.055399 0.0485 0.016
v 0.055399 0.0485 0.001
v 0.055365 0.048241 0.016
v 0.055365 0.048241 0.001
v 0.055266 0.048 0.016
v 0.055107 0.047792 0.016
v 0.055107 0.047792 0.001
v 0.05525 0.047979 0.001
v 0.0549 0.047633 0.016
v 0.0549 0.047633 0.001
v 0.054658 0.047534 0.016
v 0.054658 0.047534 0.001
v 0.0544 0.047499 0.016
v 0.0544 0.047499 0.001
v 0.054141 0.047534 0.016
v 0.054141 0.047534 0.001
v 0.053899 0.047633 0.016
v 0.053899 0.047633 0.001
v 0.053692 0.047792 0.016
v 0.053692 0.047792 0.001
v 0.053533 0.048 0.016
v 0.053533 0.048 0.001
v 0.053434 0.048241 0.016
v 0.053434 0.048241 0.001
v 0.053399 0.0485 0.016
v 0.053399 0.0485 0.001
v 0.055266 0.048 0.001
v 0.0549 0.049366 0.001
v 0.0549 0.049366 0.016
v 0.054658 0.049465 0.001
v 0.054658 0.049465 0.016
v 0.0544 0.049499 0.001
v 0.0544 0.049499 0.016
v 0.054141 0.049465 0.001
v 0.054141 0.049465 0.016
v 0.053899 0.049366 0.001
v 0.053899 0.049366 0.016
v 0.053692 0.049207 0.001
v 0.053692 0.049207 0.016
v 0.053533 0.048999 0.001
v 0.053533 0.048999 0.016
v 0.053434 0.048758 0.001
v 0.053434 0.048758 0.016
v 0.047141 0.047534 0.016
v 0.0474 0.047499 0.016
v 0.0474 0.0485 0.016
v 0.048107 0.047792 0.016
v 0.048266 0.048 0.016
v 0.046434 0.048241 0.016
v 0.046533 0.048 0.016
v 0.046692 0.047792 0.016
v 0.0469 0.047633 0.016
v 0.047658 0.047534 0.016
v 0.047899 0.047633 0.016
v 0.048365 0.048241 0.016
v 0.048399 0.0485 0.016
v 0.048365 0.048758 0.016
v 0.048266 0.048999 0.016
v 0.048107 0.049207 0.016
v 0.047899 0.049366 0.016
v 0.047658 0.049465 0.016
v 0.0474 0.049499 0.016
v 0.047141 0.049465 0.016
v 0.0469 0.049366 0.016
v 0.046692 0.049207 0.016
v 0.046533 0.048999 0.016
v 0.046434 0.048758 0.016
v 0.046399 0.0485 0.016
v 0.047899 0.049366 0.001
v 0.047899 0.049366 0.016
v 0.048107 0.049207 0.016
v 0.04825 0.047979 0.001
v 0.048266 0.048 0.001
v 0.048266 0.048 0.016
v 0.048365 0.048241 0.016
v 0.048365 0.048241 0.001
v 0.048399 0.0485 0.001
v 0.048399 0.0485 0.016
v 0.048365 0.048758 0.001
v 0.048365 0.048758 0.016
v 0.048266 0.048999 0.001
v 0.047658 0.049465 0.001
v 0.047658 0.049465 0.016
v 0.0474 0.049499 0.001
v 0.047899 0.047633 0.016
v 0.047899 0.047633 0.001
v 0.048107 0.047792 0.001
v 0.0474 0.049499 0.016
v 0.047141 0.049465 0.001
v 0.047141 0.049465 0.016
v 0.0469 0.049366 0.001
v 0.0469 0.049366 0.016
v 0.046692 0.049207 0.001
v 0.046692 0.049207 0.016
v 0.046533 0.048999 0.001
v 0.046533 0.048999 0.016
v 0.046434 0.048758 0.001
v 0.048107 0.049207 0.001
v 0.0474 0.047499 0.001
v 0.0474 0.047499 0.016
v 0.047141 0.047534 0.016
v 0.047658 0.047534 0.016
v 0.047658 0.047534 0.001
v 0.047141 0.047534 0.001
v 0.0469 0.047633 0.016
v 0.0469 0.047633 0.001
v 0.048266 0.048999 0.016
v 0.04825 0.04902 0.001
v 0.046692 0.047792 0.016
v 0.046692 0.047792 0.001
v 0.046533 0.048 0.016
v 0.046533 0.048 0.001
v 0.046434 0.048241 0.016
v 0.046434 0.048241 0.001
v 0.046434 0.048758 0.016
v 0.046399 0.0485 0.001
v 0.046399 0.0485 0.016
v 0.048107 0.047792 0.016
v 0.041365 0.048758 0.016
v 0.041266 0.048999 0.016
v 0.040399 0.0485 0.016
v 0.041107 0.049207 0.016
v 0.040899 0.049366 0.016
v 0.040658 0.049465 0.016
v 0.040399 0.049499 0.016
v 0.040141 0.049465 0.016
v 0.0399 0.049366 0.016
v 0.039692 0.049207 0.016
v 0.039533 0.048999 0.016
v 0.039434 0.048758 0.016
v 0.0394 0.0485 0.016
v 0.039434 0.048241 0.016
v 0.0399 0.047633 0.016
v 0.040141 0.047534 0.016
v 0.039533 0.048 0.016
v 0.039692 0.047792 0.016
v 0.040399 0.047499 0.016
v 0.040658 0.047534 0.016
v 0.040899 0.047633 0.016
v 0.041107 0.047792 0.016
v 0.041266 0.048 0.016
v 0.041365 0.048241 0.016
v 0.0414 0.0485 0.016
v 0.040899 0.047633 0.001
v 0.040899 0.047633 0.016
v 0.040658 0.047534 0.016
v 0.04125 0.04902 0.001
v 0.041107 0.049207 0.001
v 0.041107 0.049207 0.016
v 0.041266 0.048999 0.016
v 0.041266 0.048999 0.001
v 0.040899 0.049366 0.001
v 0.040899 0.049366 0.016
v 0.040658 0.049465 0.001
v 0.040658 0.049465 0.016
v 0.040399 0.049499 0.001
v 0.040399 0.049499 0.016
v 0.040141 0.049465 0.001
v 0.040141 0.049465 0.016
v 0.0399 0.049366 0.001
v 0.0399 0.049366 0.016
v 0.041365 0.048241 0.016
v 0.041365 0.048241 0.001
v 0.0414 0.0485 0.001
v 0.039533 0.048999 0.001
v 0.039533 0.048999 0.016
v 0.039692 0.049207 0.016
v 0.039434 0.048758 0.001
v 0.039434 0.048758 0.016
v 0.041365 0.048758 0.001
v 0.041365 0.048758 0.016
v 0.0414 0.0485 0.016
v 0.041266 0.048 0.016
v 0.041107 0.047792 0.016
v 0.041107 0.047792 0.001
v 0.04125 0.047979 0.001
v 0.0394 0.0485 0.001
v 0.0394 0.0485 0.016
v 0.040658 0.047534 0.001
v 0.040399 0.047499 0.016
v 0.040399 0.047499 0.001
v 0.040141 0.047534 0.016
v 0.040141 0.047534 0.001
v 0.0399 0.047633 0.016
v 0.0399 0.047633 0.001
v 0.039692 0.047792 0.016
v 0.039692 0.047792 0.001
v 0.039533 0.048 0.016
v 0.039533 0.048 0.001
v 0.039434 0.048241 0.016
v 0.039434 0.048241 0.001
v 0.039692 0.049207 0.001
v 0.041266 0.048 0.001
v 0.033192 0.039292 0.016
v 0.033399 0.039133 0.016
v 0.0339 0.039999 0.016
v 0.033641 0.039034 0.016
v 0.0339 0.039 0.016
v 0.034158 0.039034 0.016
v 0.0344 0.039133 0.016
v 0.034607 0.039292 0.016
v 0.034766 0.0395 0.016
v 0.034865 0.039741 0.016
v 0.034899 0.039999 0.016
v 0.034865 0.040258 0.016
v 0.034766 0.0405 0.016
v 0.034607 0.040707 0.016
v 0.033033 0.0405 0.016
v 0.032934 0.040258 0.016
v 0.0329 0.039999 0.016
v 0.032934 0.039741 0.016
v 0.033033 0.0395 0.016
v 0.033192 0.040707 0.016
v 0.033399 0.040866 0.016
v 0.033641 0.040965 0.016
v 0.0339 0.041 0.016
v 0.034158 0.040965 0.016
v 0.0344 0.040866 0.016
v 0.033399 0.039133 0.016
v 0.033399 0.039133 0.001
v 0.033641 0.039034 0.001
v 0.033641 0.039034 0.016
v 0.0339 0.039 0.001
v 0.0339 0.039 0.016
v 0.034158 0.039034 0.001
v 0.034158 0.039034 0.016
v 0.0344 0.039133 0.001
v 0.0344 0.039133 0.016
v 0.034607 0.039292 0.001
v 0.034607 0.039292 0.016
v 0.034766 0.0395 0.001
v 0.034766 0.0395 0.016
v 0.034865 0.039741 0.001
v 0.034865 0.039741 0.016
v 0.034899 0.039999 0.001
v 0.034899 0.039999 0.016
v 0.034865 0.040258 0.001
v 0.034865 0.040258 0.016
v 0.034766 0.0405 0.001
v 0.034766 0.0405 0.016
v 0.034607 0.040707 0.001
v 0.034607 0.040707 0.016
v 0.0344 0.040866 0.001
v 0.0344 0.040866 0.016
v 0.034158 0.040965 0.001
v 0.034158 0.040965 0.016
v 0.0339 0.041 0.001
v 0.0339 0.041 0.016
v 0.033641 0.040965 0.001
v 0.033641 0.040965 0.016
v 0.033399 0.040866 0.001
v 0.033399 0.040866 0.016
v 0.033192 0.040707 0.001
v 0.033192 0.040707 0.016
v 0.033033 0.0405 0.001
v 0.033033 0.0405 0.016
v 0.032934 0.040258 0.001
v 0.032934 0.040258 0.016
v 0.0329 0.039999 0.001
v 0.0329 0.039999 0.016
v 0.033192 0.039292 0.016
v 0.033192 0.039292 0.001
v 0.033033 0.0395 0.016
v 0.033033 0.0395 0.001
v 0.032934 0.039741 0.016
v 0.032934 0.039741 0.001
v 0.0344 0.032133 0.016
v 0.034607 0.032292 0.016
v 0.0339 0.032999 0.016
v 0.034766 0.032499 0.016
v 0.034865 0.032741 0.016
v 0.034158 0.032034 0.016
v 0.0329 0.032999 0.016
v 0.032934 0.032741 0.016
v 0.032934 0.033258 0.016
v 0.033033 0.0335 0.016
v 0.033192 0.033707 0.016
v 0.033399 0.033866 0.016
v 0.033641 0.033965 0.016
v 0.0339 0.032 0.016
v 0.033641 0.032034 0.016
v 0.033399 0.032133 0.016
v 0.033192 0.032292 0.016
v 0.033033 0.032499 0.016
v 0.0339 0.034 0.016
v 0.034158 0.033965 0.016
v 0.0344 0.033866 0.016
v 0.034607 0.033707 0.016
v 0.034766 0.0335 0.016
v 0.034865 0.033258 0.016
v 0.034899 0.032999 0.016
v 0.0339 0.032 0.016
v 0.0339 0.032 0.001
v 0.034158 0.032034 0.001
v 0.034158 0.032034 0.016
v 0.0344 0.032133 0.001
v 0.0344 0.032133 0.016
v 0.034607 0.032292 0.001
v 0.034899 0.032999 0.016
v 0.034899 0.032999 0.001
v 0.034865 0.033258 0.001
v 0.034607 0.032292 0.016
v 0.034766 0.032499 0.001
v 0.034766 0.032499 0.016
v 0.034865 0.032741 0.001
v 0.034865 0.033258 0.016
v 0.034766 0.0335 0.001
v 0.034865 0.032741 0.016
v 0.032934 0.033258 0.016
v 0.032934 0.033258 0.001
v 0.0329 0.032999 0.001
v 0.033033 0.0335 0.016
v 0.033033 0.0335 0.001
v 0.033192 0.033707 0.016
v 0.033192 0.033707 0.001
v 0.033399 0.033866 0.016
v 0.033399 0.033866 0.001
v 0.033641 0.033965 0.016
v 0.033641 0.033965 0.001
v 0.0339 0.034 0.016
v 0.0339 0.034 0.001
v 0.034158 0.033965 0.016
v 0.034158 0.033965 0.001
v 0.0344 0.033866 0.016
v 0.0344 0.033866 0.001
v 0.034607 0.033707 0.016
v 0.034607 0.033707 0.001
v 0.034766 0.0335 0.016
v 0.033641 0.032034 0.016
v 0.033641 0.032034 0.001
v 0.033399 0.032133 0.016
v 0.033399 0.032133 0.001
v 0.033192 0.032292 0.016
v 0.033192 0.032292 0.001
v 0.033033 0.032499 0.016
v 0.033033 0.032499 0.001
v 0.032934 0.032741 0.016
v 0.032934 0.032741 0.001
v 0.0329 0.032999 0.016
v 0.0329 0.026 0.016
v 0.032934 0.025741 0.016
v 0.0339 0.026 0.016
v 0.032934 0.026258 0.016
v 0.033033 0.026499 0.016
v 0.033192 0.026707 0.016
v 0.033399 0.026866 0.016
v 0.033641 0.026965 0.016
v 0.0339 0.027 0.016
v 0.034158 0.026965 0.016
v 0.0344 0.026866 0.016
v 0.034607 0.026707 0.016
v 0.034766 0.026499 0.016
v 0.034865 0.026258 0.016
v 0.034899 0.026 0.016
v 0.034865 0.025741 0.016
v 0.034766 0.025499 0.016
v 0.034607 0.025292 0.016
v 0.0344 0.025133 0.016
v 0.034158 0.025034 0.016
v 0.0339 0.025 0.016
v 0.033641 0.025034 0.016
v 0.033399 0.025133 0.016
v 0.033192 0.025292 0.016
v 0.033033 0.025499 0.016
v 0.034766 0.025499 0.001
v 0.034766 0.025499 0.016
v 0.034607 0.025292 0.016
v 0.034865 0.025741 0.001
v 0.034865 0.025741 0.016
v 0.034899 0.026 0.001
v 0.034899 0.026 0.016
v 0.034865 0.026258 0.001
v 0.034865 0.026258 0.016
v 0.034766 0.026499 0.001
v 0.034766 0.026499 0.016
v 0.0344 0.026866 0.001
v 0.0344 0.026866 0.016
v 0.034607 0.026707 0.016
v 0.034158 0.026965 0.001
v 0.034158 0.026965 0.016
v 0.0339 0.027 0.001
v 0.0339 0.027 0.016
v 0.033641 0.026965 0.001
v 0.033641 0.026965 0.016
v 0.033192 0.026707 0.001
v 0.033192 0.026707 0.016
v 0.033399 0.026866 0.016
v 0.033033 0.026499 0.001
v 0.033033 0.026499 0.016
v 0.032934 0.026258 0.001
v 0.032934 0.026258 0.016
v 0.0329 0.026 0.001
v 0.0329 0.026 0.016
v 0.034607 0.026707 0.001
v 0.033399 0.026866 0.001
v 0.032934 0.025741 0.016
v 0.032934 0.025741 0.001
v 0.033033 0.025499 0.001
v 0.033033 0.025499 0.016
v 0.033192 0.025292 0.001
v 0.033192 0.025292 0.016
v 0.033399 0.025133 0.001
v 0.033399 0.025133 0.016
v 0.033641 0.025034 0.001
v 0.033641 0.025034 0.016
v 0.0339 0.025 0.001
v 0.0339 0.025 0.016
v 0.034158 0.025034 0.001
v 0.034158 0.025034 0.016
v 0.0344 0.025133 0.001
v 0.0344 0.025133 0.016
v 0.034607 0.025292 0.001
v 0.034865 0.018741 0.016
v 0.034899 0.018999 0.016
v 0.0339 0.018999 0.016
v 0.034766 0.0185 0.016
v 0.034607 0.018292 0.016
v 0.0344 0.018133 0.016
v 0.034158 0.018034 0.016
v 0.0339 0.017999 0.016
v 0.033641 0.018034 0.016
v 0.033399 0.018133 0.016
v 0.033192 0.018292 0.016
v 0.033399 0.019866 0.016
v 0.033192 0.019707 0.016
v 0.033033 0.0185 0.016
v 0.032934 0.018741 0.016
v 0.032934 0.019258 0.016
v 0.0329 0.018999 0.016
v 0.033033 0.0195 0.016
v 0.033641 0.019965 0.016
v 0.0339 0.019999 0.016
v 0.034158 0.019965 0.016
v 0.0344 0.019866 0.016
v 0.034607 0.019707 0.016
v 0.034766 0.0195 0.016
v 0.034865 0.019258 0.016
v 0.033641 0.019965 0.001
v 0.033641 0.019965 0.016
v 0.0339 0.019999 0.016
v 0.0339 0.019999 0.001
v 0.034158 0.019965 0.016
v 0.034158 0.019965 0.001
v 0.0344 0.019866 0.016
v 0.0344 0.019866 0.001
v 0.034607 0.019707 0.016
v 0.034607 0.019707 0.001
v 0.034766 0.0195 0.016
v 0.034766 0.0195 0.001
v 0.034865 0.019258 0.016
v 0.034865 0.019258 0.001
v 0.034899 0.018999 0.016
v 0.034899 0.018999 0.001
v 0.034865 0.018741 0.016
v 0.034865 0.018741 0.001
v 0.034766 0.0185 0.016
v 0.034766 0.0185 0.001
v 0.034607 0.018292 0.016
v 0.034607 0.018292 0.001
v 0.0344 0.018133 0.016
v 0.0344 0.018133 0.001
v 0.034158 0.018034 0.016
v 0.034158 0.018034 0.001
v 0.0339 0.017999 0.016
v 0.0339 0.017999 0.001
v 0.033641 0.018034 0.016
v 0.033641 0.018034 0.001
v 0.033399 0.018133 0.016
v 0.033399 0.018133 0.001
v 0.033192 0.018292 0.016
v 0.033192 0.018292 0.001
v 0.033033 0.0185 0.016
v 0.033033 0.0185 0.001
v 0.032934 0.018741 0.016
v 0.032934 0.018741 0.001
v 0.0329 0.018999 0.016
v 0.0329 0.018999 0.001
v 0.033399 0.019866 0.001
v 0.033399 0.019866 0.016
v 0.033192 0.019707 0.001
v 0.033192 0.019707 0.016
v 0.033033 0.0195 0.001
v 0.033033 0.0195 0.016
v 0.032934 0.019258 0.001
v 0.032934 0.019258 0.016
v 0.0339 0.012 0.016
v 0.032934 0.011741 0.016
v 0.033033 0.0115 0.016
v 0.033192 0.011292 0.016
v 0.033399 0.011133 0.016
v 0.033641 0.011034 0.016
v 0.0339 0.010999 0.016
v 0.034158 0.011034 0.016
v 0.034158 0.012965 0.016
v 0.0339 0.013 0.016
v 0.0344 0.011133 0.016
v 0.034607 0.011292 0.016
v 0.034766 0.0115 0.016
v 0.034865 0.011741 0.016
v 0.034899 0.012 0.016
v 0.034865 0.012258 0.016
v 0.034766 0.0125 0.016
v 0.034607 0.012707 0.016
v 0.0344 0.012866 0.016
v 0.033641 0.012965 0.016
v 0.033399 0.012866 0.016
v 0.033192 0.012707 0.016
v 0.033033 0.0125 0.016
v 0.032934 0.012258 0.016
v 0.0329 0.012 0.016
v 0.032934 0.011741 0.001
v 0.032934 0.011741 0.016
v 0.0329 0.012 0.016
v 0.0329 0.012 0.001
v 0.033033 0.0115 0.001
v 0.033033 0.0115 0.016
v 0.033192 0.011292 0.001
v 0.033192 0.011292 0.016
v 0.033399 0.011133 0.001
v 0.033399 0.011133 0.016
v 0.033641 0.011034 0.001
v 0.033641 0.011034 0.016
v 0.0339 0.010999 0.001
v 0.0339 0.010999 0.016
v 0.034158 0.011034 0.001
v 0.034158 0.011034 0.016
v 0.0344 0.011133 0.001
v 0.0344 0.011133 0.016
v 0.034607 0.011292 0.001
v 0.034607 0.011292 0.016
v 0.034766 0.0115 0.001
v 0.034766 0.0115 0.016
v 0.034865 0.011741 0.001
v 0.034865 0.011741 0.016
v 0.034899 0.012 0.001
v 0.034865 0.012258 0.016
v 0.034865 0.012258 0.001
v 0.034766 0.0125 0.001
v 0.034766 0.0125 0.016
v 0.034607 0.012707 0.001
v 0.034607 0.012707 0.016
v 0.0344 0.012866 0.001
v 0.0344 0.012866 0.016
v 0.034158 0.012965 0.001
v 0.034158 0.012965 0.016
v 0.0339 0.013 0.001
v 0.0339 0.013 0.016
v 0.033641 0.012965 0.001
v 0.033641 0.012965 0.016
v 0.033399 0.012866 0.001
v 0.033399 0.012866 0.016
v 0.033192 0.012707 0.001
v 0.033192 0.012707 0.016
v 0.033033 0.0125 0.001
v 0.033033 0.0125 0.016
v 0.032934 0.012258 0.001
v 0.032934 0.012258 0.016
v 0.034899 0.012 0.016
v 0.0329 0.004999 0.016
v 0.032934 0.004741 0.016
v 0.0339 0.004999 0.016
v 0.034158 0.004034 0.016
v 0.0344 0.004133 0.016
v 0.034607 0.004292 0.016
v 0.034766 0.004499 0.016
v 0.034865 0.004741 0.016
v 0.034899 0.004999 0.016
v 0.034865 0.005258 0.016
v 0.034766 0.005499 0.016
v 0.034607 0.005707 0.016
v 0.0344 0.005866 0.016
v 0.034158 0.005965 0.016
v 0.032934 0.005258 0.016
v 0.0339 0.006 0.016
v 0.033641 0.005965 0.016
v 0.033399 0.005866 0.016
v 0.033192 0.005707 0.016
v 0.033033 0.005499 0.016
v 0.0339 0.004 0.016
v 0.033033 0.004499 0.016
v 0.033192 0.004292 0.016
v 0.033399 0.004133 0.016
v 0.033641 0.004034 0.016
v 0.034899 0.004999 0.001
v 0.034899 0.004999 0.016
v 0.034865 0.004741 0.016
v 0.034865 0.005258 0.001
v 0.034865 0.005258 0.016
v 0.034766 0.005499 0.001
v 0.034766 0.005499 0.016
v 0.034607 0.005707 0.001
v 0.034607 0.005707 0.016
v 0.0344 0.005866 0.001
v 0.0344 0.005866 0.016
v 0.034158 0.005965 0.001
v 0.034158 0.005965 0.016
v 0.0339 0.006 0.001
v 0.0339 0.006 0.016
v 0.033641 0.005965 0.001
v 0.033641 0.005965 0.016
v 0.033399 0.005866 0.001
v 0.033399 0.005866 0.016
v 0.033192 0.005707 0.001
v 0.033192 0.005707 0.016
v 0.033033 0.005499 0.001
v 0.033033 0.005499 0.016
v 0.032934 0.005258 0.001
v 0.032934 0.005258 0.016
v 0.0329 0.004999 0.001
v 0.0329 0.004999 0.016
v 0.034158 0.004034 0.001
v 0.034158 0.004034 0.016
v 0.0339 0.004 0.016
v 0.034865 0.004741 0.001
v 0.034766 0.004499 0.016
v 0.034766 0.004499 0.001
v 0.034607 0.004292 0.016
v 0.034607 0.004292 0.001
v 0.0344 0.004133 0.016
v 0.0344 0.004133 0.001
v 0.0339 0.004 0.001
v 0.033641 0.004034 0.016
v 0.033641 0.004034 0.001
v 0.033399 0.004133 0.016
v 0.033399 0.004133 0.001
v 0.033192 0.004292 0.016
v 0.033192 0.004292 0.001
v 0.033033 0.004499 0.016
v 0.033033 0.004499 0.001
v 0.032934 0.004741 0.016
v 0.032934 0.004741 0.001
v 0.041065 -0.001758 0.016
v 0.041099 -0.0015 0.016
v 0.0401 -0.0015 0.016
v 0.041065 -0.001241 0.016
v 0.040966 -0.001 0.016
v 0.040807 -0.000792 0.016
v 0.0406 -0.000633 0.016
v 0.040358 -0.000534 0.016
v 0.0401 -0.0005 0.016
v 0.039841 -0.000534 0.016
v 0.039599 -0.000633 0.016
v 0.039392 -0.000792 0.016
v 0.039233 -0.001 0.016
v 0.039134 -0.001241 0.016
v 0.039099 -0.0015 0.016
v 0.039134 -0.001758 0.016
v 0.040358 -0.002465 0.016
v 0.0406 -0.002366 0.016
v 0.040966 -0.002 0.016
v 0.0401 -0.002499 0.016
v 0.039841 -0.002465 0.016
v 0.039599 -0.002366 0.016
v 0.039392 -0.002207 0.016
v 0.039233 -0.002 0.016
v 0.040807 -0.002207 0.016
v 0.040966 -0.001 0.001
v 0.040966 -0.001 0.016
v 0.041065 -0.001241 0.016
v 0.040807 -0.000792 0.001
v 0.040807 -0.000792 0.016
v 0.0406 -0.000633 0.001
v 0.0406 -0.000633 0.016
v 0.040358 -0.000534 0.001
v 0.040358 -0.000534 0.016
v 0.0401 -0.0005 0.001
v 0.0401 -0.0005 0.016
v 0.039841 -0.000534 0.001
v 0.039841 -0.000534 0.016
v 0.039599 -0.000633 0.001
v 0.039599 -0.000633 0.016
v 0.040807 -0.002207 0.016
v 0.040807 -0.002207 0.001
v 0.040966 -0.002 0.001
v 0.039392 -0.000792 0.001
v 0.039392 -0.000792 0.016
v 0.039233 -0.001 0.001
v 0.039233 -0.001 0.016
v 0.039134 -0.001241 0.001
v 0.039134 -0.001241 0.016
v 0.039099 -0.0015 0.001
v 0.039099 -0.0015 0.016
v 0.0406 -0.002366 0.001
v 0.0406 -0.002366 0.016
v 0.040358 -0.002465 0.016
v 0.040966 -0.002 0.016
v 0.039233 -0.002 0.001
v 0.039233 -0.002 0.016
v 0.039134 -0.001758 0.016
v 0.041065 -0.001758 0.001
v 0.041065 -0.001758 0.016
v 0.041099 -0.0015 0.001
v 0.041099 -0.0015 0.016
v 0.041065 -0.001241 0.001
v 0.040358 -0.002465 0.001
v 0.0401 -0.002499 0.016
v 0.0401 -0.002499 0.001
v 0.039841 -0.002465 0.016
v 0.039841 -0.002465 0.001
v 0.039599 -0.002366 0.016
v 0.039599 -0.002366 0.001
v 0.039392 -0.002207 0.016
v 0.039392 -0.002207 0.001
v 0.039134 -0.001758 0.001
v 0.0476 -0.000633 0.016
v 0.047358 -0.000534 0.016
v 0.0471 -0.0015 0.016
v 0.0471 -0.0005 0.016
v 0.046841 -0.000534 0.016
v 0.046599 -0.000633 0.016
v 0.046134 -0.001758 0.016
v 0.046233 -0.002 0.016
v 0.046134 -0.001241 0.016
v 0.0461 -0.0015 0.016
v 0.047966 -0.001 0.016
v 0.047807 -0.000792 0.016
v 0.048065 -0.001241 0.016
v 0.048099 -0.0015 0.016
v 0.048065 -0.001758 0.016
v 0.047966 -0.002 0.016
v 0.047807 -0.002207 0.016
v 0.0476 -0.002366 0.016
v 0.047358 -0.002465 0.016
v 0.0471 -0.002499 0.016
v 0.046841 -0.002465 0.016
v 0.046599 -0.002366 0.016
v 0.046392 -0.002207 0.016
v 0.046233 -0.001 0.016
v 0.046392 -0.000792 0.016
v 0.047807 -0.000792 0.001
v 0.047807 -0.000792 0.016
v 0.047966 -0.001 0.016
v 0.047966 -0.001 0.001
v 0.048065 -0.001241 0.016
v 0.048065 -0.001241 0.001
v 0.048099 -0.0015 0.016
v 0.048065 -0.001758 0.001
v 0.048065 -0.001758 0.016
v 0.047966 -0.002 0.016
v 0.047966 -0.002 0.001
v 0.047807 -0.002207 0.016
v 0.047807 -0.002207 0.001
v 0.0476 -0.002366 0.016
v 0.0476 -0.002366 0.001
v 0.047358 -0.002465 0.016
v 0.047358 -0.002465 0.001
v 0.0471 -0.002499 0.016
v 0.0471 -0.002499 0.001
v 0.046841 -0.002465 0.016
v 0.046841 -0.002465 0.001
v 0.046599 -0.002366 0.016
v 0.046599 -0.002366 0.001
v 0.046392 -0.002207 0.016
v 0.046233 -0.002 0.016
v 0.046233 -0.002 0.001
v 0.04625 -0.00202 0.001
v 0.046392 -0.002207 0.001
v 0.046134 -0.001758 0.016
v 0.046134 -0.001758 0.001
v 0.0461 -0.0015 0.016
v 0.0461 -0.0015 0.001
v 0.048099 -0.0015 0.001
v 0.0476 -0.000633 0.001
v 0.0476 -0.000633 0.016
v 0.047358 -0.000534 0.001
v 0.047358 -0.000534 0.016
v 0.0471 -0.0005 0.001
v 0.0471 -0.0005 0.016
v 0.046841 -0.000534 0.001
v 0.046841 -0.000534 0.016
v 0.046599 -0.000633 0.001
v 0.046599 -0.000633 0.016
v 0.046392 -0.000792 0.001
v 0.046134 -0.001241 0.016
v 0.046134 -0.001241 0.001
v 0.046233 -0.001 0.016
v 0.046392 -0.000792 0.016
v 0.04625 -0.000979 0.001
v 0.046233 -0.001 0.001
v 0.053841 -0.000534 0.016
v 0.053599 -0.000633 0.016
v 0.054099 -0.0015 0.016
v 0.053392 -0.000792 0.016
v 0.053841 -0.002465 0.016
v 0.054099 -0.002499 0.016
v 0.054807 -0.000792 0.016
v 0.0546 -0.000633 0.016
v 0.053233 -0.001 0.016
v 0.053134 -0.001241 0.016
v 0.0531 -0.0015 0.016
v 0.053134 -0.001758 0.016
v 0.053599 -0.002366 0.016
v 0.053392 -0.002207 0.016
v 0.053233 -0.002 0.016
v 0.054358 -0.002465 0.016
v 0.0546 -0.002366 0.016
v 0.054807 -0.002207 0.016
v 0.054966 -0.002 0.016
v 0.055065 -0.001758 0.016
v 0.054358 -0.000534 0.016
v 0.0551 -0.0015 0.016
v 0.055065 -0.001241 0.016
v 0.054966 -0.001 0.016
v 0.054099 -0.0005 0.016
v 0.053599 -0.002366 0.016
v 0.053599 -0.002366 0.001
v 0.053841 -0.002465 0.001
v 0.053841 -0.002465 0.016
v 0.054099 -0.002499 0.001
v 0.054099 -0.002499 0.016
v 0.054358 -0.002465 0.001
v 0.054358 -0.002465 0.016
v 0.0546 -0.002366 0.001
v 0.0546 -0.002366 0.016
v 0.054807 -0.002207 0.001
v 0.054807 -0.002207 0.016
v 0.054966 -0.002 0.001
v 0.054966 -0.002 0.016
v 0.055065 -0.001758 0.001
v 0.055065 -0.001758 0.016
v 0.0551 -0.0015 0.001
v 0.0551 -0.0015 0.016
v 0.055065 -0.001241 0.001
v 0.055065 -0.001241 0.016
v 0.054966 -0.001 0.001
v 0.054966 -0.001 0.016
v 0.054807 -0.000792 0.001
v 0.054807 -0.000792 0.016
v 0.0546 -0.000633 0.001
v 0.0546 -0.000633 0.016
v 0.054358 -0.000534 0.001
v 0.054358 -0.000534 0.016
v 0.054099 -0.0005 0.001
v 0.054099 -0.0005 0.016
v 0.053841 -0.000534 0.001
v 0.053841 -0.000534 0.016
v 0.053599 -0.000633 0.001
v 0.053599 -0.000633 0.016
v 0.053392 -0.000792 0.001
v 0.053392 -0.000792 0.016
v 0.053233 -0.001 0.001
v 0.053233 -0.001 0.016
v 0.053134 -0.001241 0.001
v 0.053134 -0.001241 0.016
v 0.0531 -0.0015 0.001
v 0.0531 -0.0015 0.016
v 0.053392 -0.002207 0.016
v 0.053392 -0.002207 0.001
v 0.053233 -0.002 0.016
v 0.053233 -0.002 0.001
v 0.053134 -0.001758 0.016
v 0.053134 -0.001758 0.001
v 0.060233 -0.002 0.016
v 0.060392 -0.002207 0.016
v 0.061099 -0.0015 0.016
v 0.0606 -0.002366 0.016
v 0.060841 -0.002465 0.016
v 0.061099 -0.002499 0.016
v 0.061099 -0.0005 0.016
v 0.060841 -0.000534 0.016
v 0.061358 -0.002465 0.016
v 0.061599 -0.002366 0.016
v 0.061807 -0.002207 0.016
v 0.061966 -0.002 0.016
v 0.062065 -0.001758 0.016
v 0.0621 -0.0015 0.016
v 0.062065 -0.001241 0.016
v 0.061966 -0.001 0.016
v 0.061807 -0.000792 0.016
v 0.061599 -0.000633 0.016
v 0.061358 -0.000534 0.016
v 0.0601 -0.0015 0.016
v 0.060134 -0.001758 0.016
v 0.060134 -0.001241 0.016
v 0.060233 -0.001 0.016
v 0.0606 -0.000633 0.016
v 0.060392 -0.000792 0.016
v 0.061099 -0.002499 0.016
v 0.061099 -0.002499 0.001
v 0.061358 -0.002465 0.001
v 0.061358 -0.002465 0.016
v 0.061599 -0.002366 0.001
v 0.061599 -0.002366 0.016
v 0.061807 -0.002207 0.001
v 0.061807 -0.002207 0.016
v 0.061966 -0.002 0.001
v 0.061966 -0.002 0.016
v 0.062065 -0.001758 0.001
v 0.062065 -0.001758 0.016
v 0.0621 -0.0015 0.001
v 0.0621 -0.0015 0.016
v 0.062065 -0.001241 0.001
v 0.062065 -0.001241 0.016
v 0.061966 -0.001 0.001
v 0.061966 -0.001 0.016
v 0.061807 -0.000792 0.001
v 0.061807 -0.000792 0.016
v 0.061599 -0.000633 0.001
v 0.061599 -0.000633 0.016
v 0.061358 -0.000534 0.001
v 0.061358 -0.000534 0.016
v 0.061099 -0.0005 0.001
v 0.060233 -0.002 0.001
v 0.060233 -0.002 0.016
v 0.060134 -0.001758 0.016
v 0.060134 -0.001758 0.001
v 0.0601 -0.0015 0.016
v 0.0601 -0.0015 0.001
v 0.060134 -0.001241 0.001
v 0.060134 -0.001241 0.016
v 0.060233 -0.001 0.016
v 0.060392 -0.002207 0.001
v 0.060392 -0.002207 0.016
v 0.0606 -0.002366 0.001
v 0.0606 -0.002366 0.016
v 0.060841 -0.002465 0.001
v 0.060841 -0.002465 0.016
v 0.061099 -0.0005 0.016
v 0.060841 -0.000534 0.001
v 0.060233 -0.001 0.001
v 0.060392 -0.000792 0.016
v 0.060392 -0.000792 0.001
v 0.0606 -0.000633 0.016
v 0.0606 -0.000633 0.001
v 0.060841 -0.000534 0.016
v 0.067134 -0.001241 0.016
v 0.0671 -0.0015 0.016
v 0.068099 -0.0015 0.016
v 0.067233 -0.001 0.016
v 0.067392 -0.000792 0.016
v 0.067599 -0.000633 0.016
v 0.067841 -0.000534 0.016
v 0.068099 -0.0005 0.016
v 0.068358 -0.000534 0.016
v 0.068599 -0.000633 0.016
v 0.067841 -0.002465 0.016
v 0.068099 -0.002499 0.016
v 0.068807 -0.000792 0.016
v 0.068358 -0.002465 0.016
v 0.067134 -0.001758 0.016
v 0.068599 -0.002366 0.016
v 0.068807 -0.002207 0.016
v 0.068966 -0.002 0.016
v 0.069065 -0.001758 0.016
v 0.069099 -0.0015 0.016
v 0.069065 -0.001241 0.016
v 0.067233 -0.002 0.016
v 0.068966 -0.001 0.016
v 0.067392 -0.002207 0.016
v 0.067599 -0.002366 0.016
v 0.069065 -0.001758 0.016
v 0.069065 -0.001758 0.001
v 0.069099 -0.0015 0.001
v 0.069099 -0.0015 0.016
v 0.069065 -0.001241 0.001
v 0.069065 -0.001241 0.016
v 0.068966 -0.001 0.001
v 0.068966 -0.001 0.016
v 0.068807 -0.000792 0.001
v 0.068807 -0.000792 0.016
v 0.068599 -0.000633 0.001
v 0.068599 -0.000633 0.016
v 0.068358 -0.000534 0.001
v 0.068358 -0.000534 0.016
v 0.068099 -0.0005 0.001
v 0.068099 -0.0005 0.016
v 0.067841 -0.000534 0.001
v 0.067599 -0.000633 0.016
v 0.067599 -0.000633 0.001
v 0.067392 -0.000792 0.001
v 0.067392 -0.000792 0.016
v 0.067233 -0.001 0.001
v 0.067233 -0.001 0.016
v 0.067134 -0.001241 0.001
v 0.067134 -0.001241 0.016
v 0.0671 -0.0015 0.001
v 0.067233 -0.002 0.001
v 0.067233 -0.002 0.016
v 0.067134 -0.001758 0.016
v 0.067841 -0.000534 0.016
v 0.0671 -0.0015 0.016
v 0.068966 -0.002 0.016
v 0.068966 -0.002 0.001
v 0.068807 -0.002207 0.016
v 0.068807 -0.002207 0.001
v 0.068599 -0.002366 0.016
v 0.068599 -0.002366 0.001
v 0.068358 -0.002465 0.016
v 0.068358 -0.002465 0.001
v 0.068099 -0.002499 0.016
v 0.068099 -0.002499 0.001
v 0.067841 -0.002465 0.016
v 0.067841 -0.002465 0.001
v 0.067599 -0.002366 0.016
v 0.067599 -0.002366 0.001
v 0.067392 -0.002207 0.016
v 0.067392 -0.002207 0.001
v 0.067134 -0.001758 0.001
v 0.076065 -0.001758 0.016
v 0.076099 -0.0015 0.016
v 0.075099 -0.0015 0.016
v 0.075599 -0.002366 0.016
v 0.075807 -0.002207 0.016
v 0.074134 -0.001241 0.016
v 0.0741 -0.0015 0.016
v 0.074233 -0.001 0.016
v 0.074392 -0.000792 0.016
v 0.0746 -0.000633 0.016
v 0.074841 -0.000534 0.016
v 0.075099 -0.0005 0.016
v 0.074134 -0.001758 0.016
v 0.074233 -0.002 0.016
v 0.074392 -0.002207 0.016
v 0.075358 -0.000534 0.016
v 0.075599 -0.000633 0.016
v 0.075358 -0.002465 0.016
v 0.075099 -0.002499 0.016
v 0.074841 -0.002465 0.016
v 0.0746 -0.002366 0.016
v 0.075807 -0.000792 0.016
v 0.075966 -0.001 0.016
v 0.076065 -0.001241 0.016
v 0.075966 -0.002 0.016
v 0.074841 -0.000534 0.001
v 0.074841 -0.000534 0.016
v 0.075099 -0.0005 0.016
v 0.075099 -0.0005 0.001
v 0.075358 -0.000534 0.016
v 0.075358 -0.000534 0.001
v 0.075599 -0.000633 0.016
v 0.075599 -0.000633 0.001
v 0.075807 -0.000792 0.016
v 0.075807 -0.000792 0.001
v 0.075966 -0.001 0.016
v 0.075966 -0.001 0.001
v 0.076065 -0.001241 0.016
v 0.076065 -0.001241 0.001
v 0.076099 -0.0015 0.016
v 0.076099 -0.0015 0.001
v 0.076065 -0.001758 0.016
v 0.075966 -0.002 0.001
v 0.075966 -0.002 0.016
v 0.075807 -0.002207 0.016
v 0.075807 -0.002207 0.001
v 0.075599 -0.002366 0.016
v 0.076065 -0.001758 0.001
v 0.074134 -0.001241 0.016
v 0.074134 -0.001241 0.001
v 0.0741 -0.0015 0.001
v 0.074233 -0.001 0.016
v 0.074233 -0.001 0.001
v 0.074392 -0.000792 0.016
v 0.074392 -0.000792 0.001
v 0.0746 -0.000633 0.016
v 0.0746 -0.000633 0.001
v 0.075358 -0.002465 0.016
v 0.075358 -0.002465 0.001
v 0.075599 -0.002366 0.001
v 0.075099 -0.002499 0.016
v 0.075099 -0.002499 0.001
v 0.074841 -0.002465 0.016
v 0.074841 -0.002465 0.001
v 0.0746 -0.002366 0.016
v 0.0746 -0.002366 0.001
v 0.074392 -0.002207 0.016
v 0.074392 -0.002207 0.001
v 0.074233 -0.002 0.016
v 0.074233 -0.002 0.001
v 0.074134 -0.001758 0.016
v 0.074134 -0.001758 0.001
v 0.0741 -0.0015 0.016
vn 1 0 0
vn 1 0 0
vn 1 0 0
vn 1 0 0
vn 0 0 1
vn 0 0 1
vn 0 0 1
vn 0 0 1
vn 0 0 1
vn 0 0 1
vn 0 0 1
vn 0 0 1
vn 0 0 1
vn 0 0 1
vn 0 0 1
vn 0 0 1
vn 0 0 1
vn 0 0 1
vn 0 0 1
vn 0 0 1
vn 0 0 1
vn 0 0 1
vn 0 0 1
vn 0 0 1
vn 0 0 1
vn 0 0 1
vn 0 0 1
vn 0 0 1
vn 0 0 1
vn 0 0 1
vn 0 0 1
vn 0 0 1
vn 0 0 1
vn 0 0 1
vn 0 0 1
vn 0 0 1
vn 0 0 1
vn 0 0 1
vn 0 0 1
vn 0 0 1
vn 0 0 1
vn 0 0 1
vn 0 0 1
vn 0 0 1
vn 0 0 1
vn 0 0 1
vn 0 0 1
vn 0 0 1
vn 0 0 1
vn 0 0 1
vn 0 0 1
vn 0 0 1
vn 0 0 1
vn 0 0 1
vn 0 0 1
vn 0 0 1
vn 0 0 1
vn 0 0 1
vn 0 0 1
vn 0 0 1
vn 0 0 1
vn 0 0 1
vn 0 0 1
vn 0 0 1
vn 0 0 1
vn 0 0 1
vn 0 0 1
vn 0 0 1
vn 0 0 1
vn 0 0 1
vn 0 0 1
vn 0 0 1
vn 0 0 1
vn 0 0 1
vn 0 0 1
vn 0 0 1
vn 0 0 1
vn 0 0 1
vn 0 0 1
vn 0 0 1
vn 0 0 1
vn 0 0 1
vn 0 0 1
vn 0 0 1
vn 0 0 1
vn 0 0 1
vn 0 0 1
vn 0 0 1
vn 0 0 1
vn 0 0 1
vn 0 0 1
vn 0 0 1
vn 0 0 1
vn 0 0 1
vn 0 0 1
vn 0 0 1
vn 0 0 1
vn 0 0 1
vn 0 0 1
vn 0 0 1
vn 0 0 1
vn 0 0 1
vn 0 0 1
vn 0 0 1
vn 0 0 1
vn 0 0 1
vn 0 0 1
vn 0 0 1
vn 0 0 1
vn 0 0 1
vn 0 0 1
vn 0 0 1
vn 0 0 1
vn 0 0 1
vn 0 0 1
vn 0 0 1
vn 0 0 1
vn 0 0 1
vn 0 0 1
vn 0 0 1
vn 0 0 1
vn 0 0 1
vn 0 0 1
vn 0 0 1
vn 0 0 1
vn 0 0 1
vn 0 0 1
vn 0 0 1
vn 0 0 1
vn 0 0 1
vn 0 0 1
vn 0 0 1
vn 0 0 1
vn 0 0 1
vn 0 0 1
vn 0 0 1
vn 0 0 1
vn 0 0 1
vn 0 0 1
vn 0 0 1
vn 0 0 1
vn 0 0 1
vn 0 0 1
vn 0 0 1
vn 0 0 1
vn 0 0 1
vn 0 0 1
vn 0 0 1
vn 0 0 1
vn 0 0 1
vn 0 0 1
vn 0 0 1
vn 0 0 1
vn 0 0 1
vn 0 0 1
vn 0 0 1
vn 0 0 1
vn 0 0 1
vn 0 0 1
vn 0 0 1
vn 0 0 1
vn 0 0 1
vn 0 0 1
vn 0 0 1
vn 0 0 1
vn 0 0 1
vn 0 0 1
vn 0 0 1
vn 0 0 1
vn 0 0 1
vn 0 0 1
vn 0 0 1
vn 0 0 1
vn 0 0 1
vn 0 0 1
vn 0 0 1
vn 0 0 1
vn 0 0 1
vn 0 0 1
vn 0 0 1
vn 0 0 1
vn 0 0 1
vn 0 0 1
vn 0 0 1
vn 0 0 1
vn 0 0 1
vn 0 0 1
vn 0 0 1
vn 0 0 1
vn 0 0 1
vn 0 0 1
vn 0 0 1
vn 0 0 1
vn 0 0 1
vn 0 0 1
vn 0 0 1
vn 0 0 1
vn 0 0 1
vn 0 0 1
vn 0 0 1
vn 0 0 1
vn 0 0 1
vn 0 0 1
vn 0 0 1
vn 0 0 1
vn 0 0 1
vn 0 0 1
vn 0 0 1
vn 0 0 1
vn 0 0 1
vn 0 0 1
vn 0 0 1
vn 0 0 1
vn 0 0 1
vn 0 0 1
vn 0 0 1
vn 0 0 1
vn 0 0 1
vn 0 0 1
vn 0 0 1
vn 0 0 1
vn 0 0 1
vn 0 0 1
vn 0 0 1
vn 0 0 1
vn 0 0 1
vn 0 0 1
vn 0 0 1
vn 0 0 1
vn 0 0 1
vn 0 0 1
vn 0 0 1
vn 0 0 1
vn 0 0 1
vn 0 0 1
vn 0 0 1
vn 0 0 1
vn 0 0 1
vn 0 0 1
vn 0 0 1
vn 0 0 1
vn 0 0 1
vn 0 0 1
vn 0 0 1
vn 0 0 1
vn 0 0 1
vn 0 0 1
vn 0 0 1
vn 0 0 1
vn 0 0 1
vn 0 0 1
vn 0 0 1
vn 0 0 1
vn 0 0 1
vn 0 0 1
vn 0 0 1
vn 0 0 1
vn 0 0 1
vn 0 0 1
vn 0 0 1
vn 0 0 1
vn 0 0 1
vn 0 0 1
vn 0 0 1
vn 0 0 1
vn 0 0 1
vn 0 0 1
vn 0 0 1
vn 0 0 1
vn 0 0 1
vn 0 0 1
vn 0 0 1
vn 0 0 1
vn 0 0 1
vn 0 0 1
vn 0 0 1
vn 0 0 1
vn 0 0 1
vn 0 0 1
vn 0 0 1
vn 0 0 1
vn 0 0 1
vn 0 0 1
vn 0 0 1
vn 0 0 1
vn 0 0 1
vn 0 0 1
vn 0 0 1
vn 0 0 1
vn 0 0 1
vn 0 0 1
vn 0 0 1
vn 0 0 1
vn 0 0 1
vn 0 0 1
vn 0 0 1
vn 0 0 1
vn 0 0 1
vn 0 0 1
vn 0 0 1
vn 0 0 1
vn 0 0 1
vn 0 0 1
vn 0 0 1
vn 0 0 1
vn 0 0 1
vn 0 0 1
vn 0 0 1
vn 0 0 1
vn 0 0 1
vn 0 0 1
vn 0 0 1
vn 0 0 1
vn 0 0 1
vn 0 0 1
vn 0 0 1
vn 0 0 1
vn 0 0 1
vn 0 0 1
vn 0 0 1
vn 0 0 1
vn 0 0 1
vn 0 0 1
vn 0 0 1
vn 0 0 1
vn 0 0 1
vn 0 0 1
vn 0 0 1
vn 0 0 1
vn 0 0 1
vn 0 0 1
vn 0 0 1
vn 0 0 1
vn 0 0 1
vn 0 0 1
vn 0 0 1
vn 0 0 1
vn 0 0 1
vn 0 0 1
vn 0 0 1
vn 0 0 1
vn 0 0 1
vn 0 0 1
vn 0 0 1
vn 0 0 1
vn 0 0 1
vn 0 0 1
vn 0 0 1
vn 0 0 1
vn 0 0 1
vn 0 0 1
vn 0 0 1
vn 0 0 1
vn 0 0 1
vn 0 0 1
vn 0 0 1
vn 0 0 1
vn 0 0 1
vn 0 0 1
vn 0 0 1
vn 0 0 1
vn 0 0 1
vn 0 0 1
vn 0 0 1
vn 0 0 1
vn 0 0 1
vn 0 0 1
vn 0 0 1
vn 0 0 1
vn 0 0 1
vn 0 0 1
vn 0 0 1
vn 0 0 1
vn 0 0 1
vn 0 0 1
vn 0 0 1
vn 0 0 1
vn 0 0 1
vn 0 0 1
vn 0 0 1
vn 0 0 1
vn 0 0 1
vn 0 0 1
vn 0 0 1
vn 0 0 1
vn 0 0 1
vn 0 0 1
vn 0 0 1
vn 0 0 1
vn 0 0 1
vn 0 0 1
vn 0 0 1
vn 0 0 1
vn 0 0 1
vn 0 0 1
vn 0 0 1
vn 0 0 1
vn 0 0 1
vn 0 0 1
vn 0 0 1
vn 0 0 1
vn 0 0 1
vn 0 0 1
vn 0 0 1
vn 0 0 1
vn 0 0 1
vn 0 0 1
vn 0 0 1
vn 0 0 1
vn 0 0 1
vn 0 0 1
vn 0 0 1
vn 0 0 1
vn 0 0 1
vn 0 0 1
vn 0 0 1
vn 0 0 1
vn 0 0 1
vn 0 0 1
vn 0 0 1
vn 0 0 1
vn 0 0 1
vn 0 0 1
vn 0 0 1
vn 0 0 1
vn 0 0 1
vn 0 0 1
vn 0 0 1
vn 0 0 1
vn 0 0 1
vn 0 0 1
vn 0 0 1
vn 0 0 1
vn 0 0 1
vn 0 0 1
vn 0 0 1
vn 0 0 1
vn 0 0 1
vn 0 0 1
vn 0 0 1
vn 0 0 1
vn 0 0 1
vn 0 0 1
vn 0 0 1
vn 0 0 1
vn 0 0 1
vn 0 0 1
vn 0 0 1
vn 0 0 1
vn 0 0 1
vn 0 0 1
vn 0 0 1
vn 0 0 1
vn 0 0 1
vn 0 0 1
vn 0 0 1
vn 0 0 1
vn 0 0 1
vn 0 0 1
vn 0 0 1
vn 0 0 1
vn 0 0 1
vn 0 0 1
vn 0 0 1
vn 0 0 1
vn 0 0 1
vn 0 0 1
vn 0 0 1
vn 0 0 1
vn 0 0 1
vn 0 0 1
vn 0 0 1
vn 0 0 1
vn 0 0 1
vn 0 0 1
vn 0 0 1
vn 0 0 1
vn 0 0 1
vn 0 0 1
vn 0 0 1
vn 0 0 1
vn 0 0 1
vn 0 0 1
vn 0 0 1
vn 0 0 1
vn 0 0 1
vn 0 0 1
vn 0 0 1
vn 0 0 1
vn 0 0 1
vn 0 0 1
vn 0 0 1
vn 0 0 1
vn 0 0 1
vn 0 0 1
vn 0 0 1
vn 0 0 1
vn 0 0 1
vn 0 0 1
vn 0 0 1
vn 0 0 1
vn 0 0 1
vn 0 0 1
vn 0 0 1
vn 0 0 1
vn 0 0 1
vn 0 0 1
vn 0 0 1
vn 0 0 1
vn 0 0 1
vn 0 0 1
vn 0 0 1
vn 0 0 1
vn 0 0 1
vn 0 0 1
vn 0 0 1
vn 0 0 1
vn 0 0 1
vn 0 0 1
vn 0 0 1
vn 0 0 1
vn 0 0 1
vn 0 0 1
vn 0 0 1
vn 0 0 1
vn 0 0 1
vn 0 0 1
vn 0 0 1
vn 0 0 1
vn 0 0 1
vn 0 0 1
vn 0 0 1
vn 0 0 1
vn 0 0 1
vn 0 0 1
vn 0 0 1
vn 0 0 1
vn 0 1 0
vn 0 1 0
vn 0 1 0
vn 0 1 0
vn 0 1 0
vn 0 1 0
vn 0 1 0
vn 0 1 0
vn 0 1 0
vn 0 1 0
vn 0 1 0
vn 0 1 0
vn 0 1 0
vn 0 1 0
vn 0 1 0
vn 0 1 0
vn 1 0 0
vn 1 0 0
vn 1 0 0
vn 1 0 0
vn 1 0 0
vn 1 0 0
vn 1 0 0
vn 1 0 0
vn 0 -1 0
vn 0 -1 0
vn 0 -1 0
vn 0 -1 0
vn 0 -1 0
vn 0 -1 0
vn 0 -1 0
vn 0 -1 0
vn 0 -1 0
vn 0 -1 0
vn 0 -1 0
vn 0 -1 0
vn 0 -1 0
vn 0 -1 0
vn 0 -1 0
vn 0 -1 0
vn 0 -1 0
vn 0 -1 0
vn 0 -1 0
vn 0 -1 0
vn -1 0 0
vn -1 0 0
vn -1 0 0
vn -1 0 0
vn -1 0 0
vn -1 0 0
vn -1 0 0
vn -1 0 0
vn -1 0 0
vn -1 0 0
vn -1 0 0
vn -1 0 0
vn -1 0 0
vn -1 0 0
vn -1 0 0
vn 0 1 0
vn 0 1 0
vn 0 1 0
vn 0 1 0
vn 0 1 0
vn 0 1 0
vn 0 1 0
vn 0 1 0
vn 0 1 0
vn 0 1 0
vn 0 1 0
vn 0 1 0
vn 0 1 0
vn 0 1 0
vn 0 1 0
vn 0 1 0
vn 0 1 0
vn 0 1 0
vn 0 1 0
vn 0 1 0
vn 1 0 0
vn 1 0 0
vn 1 0 0
vn 1 0 0
vn 1 0 0
vn -0 -1 0
vn -0 -1 0
vn -0 -1 0
vn -0 -1 0
vn -0 -1 0
vn -0 -1 0
vn -0 -1 0
vn -0 -1 0
vn -0 -1 0
vn -0 -1 0
vn -0 -1 0
vn -0 -1 0
vn -0 -1 0
vn -0 -1 0
vn -0 -1 0
vn -0 -1 0
vn 1 0 0
vn 1 0 0
vn 1 0 0
vn 1 0 0
vn 1 0 0
vn 1 0 0
vn 1 0 0
vn 1 0 0
vn 1 0 0
vn 1 0 0
vn 0 0 -1
vn 0 0 -1
vn 0 0 -1
vn 0 0 -1
vn 0 0 -1
vn 0 0 -1
vn 0 0 -1
vn 0 0 -1
vn 0 0 -1
vn 0 0 -1
vn 0 0 -1
vn 0 0 -1
vn 0 0 -1
vn 0 0 1
vn 0 0 1
vn 0 0 1
vn 0 0 1
vn 0 0 1
vn 0 0 1
vn 0 0 1
vn 0 0 1
vn 0 0 1
vn 0 0 1
vn 0 0 1
vn 0 0 1
vn 0 0 1
vn 0 0 1
vn 0 0 1
vn 0 0 1
vn 0 0 1
vn 0 0 1
vn 0 0 1
vn 0 0 1
vn 0 0 1
vn 0 0 1
vn 0 0 1
vn 0 0 1
vn 0 0 1
vn -0.866025 -0.5 0
vn -0.866025 -0.5 0
vn -0.965925 -0.258819 0
vn -0.965925 -0.258819 0
vn -1 0 0
vn -1 0 0
vn -0.707106 -0.707106 0
vn -0.707106 -0.707106 0
vn -0.5 -0.866025 0
vn -0.5 -0.866025 0
vn -0.258819 -0.965925 0
vn -0.258819 -0.965925 0
vn 0 -1 0
vn 0 -1 0
vn 0.258819 -0.965925 0
vn 0.258819 -0.965925 0
vn 0.5 -0.866025 0
vn 0.5 -0.866025 0
vn 0.707106 -0.707106 0
vn 0.852638 -0.522501 0
vn 0.866025 -0.5 0
vn 0.866025 -0.5 0
vn 0.965925 -0.258819 0
vn 0.965925 -0.258819 0
vn 1 0 0
vn 1 0 0
vn 0.965925 0.258819 0
vn 0.965925 0.258819 0
vn 0.866025 0.5 0
vn 0.707106 0.707106 0
vn 0.707106 0.707106 0
vn 0.5 0.866025 0
vn 0.5 0.866025 0
vn 0.258819 0.965925 0
vn 0.258819 0.965925 0
vn -0 1 0
vn -0.707106 0.707106 0
vn -0.707106 0.707106 0
vn -0.866025 0.5 0
vn -0 1 0
vn -0.258819 0.965925 0
vn -0.258819 0.965925 0
vn -0.5 0.866025 0
vn -0.5 0.866025 0
vn -0.866025 0.5 0
vn -0.965925 0.258819 0
vn -0.965925 0.258819 0
vn 0.866025 0.5 0
vn 0.852638 0.522501 0
vn 0.707106 -0.707106 0
vn 0 0 1
vn 0 0 1
vn 0 0 1
vn 0 0 1
vn 0 0 1
vn 0 0 1
vn 0 0 1
vn 0 0 1
vn 0 0 1
vn 0 0 1
vn 0 0 1
vn 0 0 1
vn 0 0 1
vn 0 0 1
vn 0 0 1
vn 0 0 1
vn 0 0 1
vn 0 0 1
vn 0 0 1
vn 0 0 1
vn 0 0 1
vn 0 0 1
vn 0 0 1
vn 0 0 1
vn 0 0 1
vn 0.258819 -0.965925 0
vn 0.258819 -0.965925 0
vn 0 -1 0
vn 0 -1 0
vn -0.258819 -0.965925 0
vn -0.258819 -0.965925 0
vn -0.5 -0.866025 0
vn -0.5 -0.866025 0
vn -0.707106 -0.707106 0
vn -0.707106 -0.707106 0
vn -0.866025 -0.5 0
vn -0.866025 -0.5 0
vn -0.965925 -0.258819 0
vn -0.965925 -0.258819 0
vn -1 0 0
vn -1 0 0
vn 0.5 -0.866025 0
vn 0.5 -0.866025 0
vn 0.707106 -0.707106 0
vn 0.852638 -0.522501 0
vn 0.866025 -0.5 0
vn 0.866025 -0.5 0
vn 0.965925 -0.258819 0
vn 0.965925 -0.258819 0
vn 1 0 0
vn 1 0 0
vn 0.965925 0.258819 0
vn 0.965925 0.258819 0
vn 0.866025 0.5 0
vn 0.707106 0.707106 0
vn 0.707106 0.707106 0
vn 0.5 0.866025 0
vn 0.5 0.866025 0
vn 0.258819 0.965925 0
vn 0.258819 0.965925 0
vn -0 1 0
vn -0 1 0
vn -0.258819 0.965925 0
vn -0.258819 0.965925 0
vn -0.5 0.866025 0
vn -0.5 0.866025 0
vn -0.707106 0.707106 0
vn -0.707106 0.707106 0
vn -0.866025 0.5 0
vn -0.866025 0.5 0
vn -0.965925 0.258819 0
vn -0.965925 0.258819 0
vn 0.852638 0.522501 0
vn 0.866025 0.5 0
vn 0.707106 -0.707106 0
vn 0 0 1
vn 0 0 1
vn 0 0 1
vn 0 0 1
vn 0 0 1
vn 0 0 1
vn 0 0 1
vn 0 0 1
vn 0 0 1
vn 0 0 1
vn 0 0 1
vn 0 0 1
vn 0 0 1
vn 0 0 1
vn 0 0 1
vn 0 0 1
vn 0 0 1
vn 0 0 1
vn 0 0 1
vn 0 0 1
vn 0 0 1
vn 0 0 1
vn 0 0 1
vn 0 0 1
vn 0 0 1
vn -0.866025 0.5 0
vn -0.866025 0.5 0
vn -0.707106 0.707106 0
vn -0.707106 0.707106 0
vn -0.5 0.866025 0
vn -0.5 0.866025 0
vn -0.258819 0.965925 0
vn -0.258819 0.965925 0
vn -0 1 0
vn -0 1 0
vn 0.258819 0.965925 0
vn 0.258819 0.965925 0
vn 0.5 0.866025 0
vn 0.5 0.866025 0
vn 0.707106 0.707106 0
vn 0.866025 0.5 0
vn 0.866025 0.5 0
vn 0.852638 0.522501 0
vn 0.707106 0.707106 0
vn 0.965925 0.258819 0
vn 0.965925 0.258819 0
vn 1 0 0
vn 1 0 0
vn 0.965925 -0.258819 0
vn 0.965925 -0.258819 0
vn 0.866025 -0.5 0
vn 0.707106 -0.707106 0
vn 0.707106 -0.707106 0
vn 0.852638 -0.522501 0
vn 0.5 -0.866025 0
vn 0.5 -0.866025 0
vn 0.258819 -0.965925 0
vn 0.258819 -0.965925 0
vn 0 -1 0
vn 0 -1 0
vn -0.258819 -0.965925 0
vn -0.258819 -0.965925 0
vn -0.5 -0.866025 0
vn -0.5 -0.866025 0
vn -0.707106 -0.707106 0
vn -0.707106 -0.707106 0
vn -0.866025 -0.5 0
vn -0.866025 -0.5 0
vn -0.965925 -0.258819 0
vn -0.965925 -0.258819 0
vn -1 0 0
vn -1 0 0
vn -0.965925 0.258819 0
vn 0.866025 -0.5 0
vn -0.965925 0.258819 0
vn 0 0 1
vn 0 0 1
vn 0 0 1
vn 0 0 1
vn 0 0 1
vn 0 0 1
vn 0 0 1
vn 0 0 1
vn 0 0 1
vn 0 0 1
vn 0 0 1
vn 0 0 1
vn 0 0 1
vn 0 0 1
vn 0 0 1
vn 0 0 1
vn 0 0 1
vn 0 0 1
vn 0 0 1
vn 0 0 1
vn 0 0 1
vn 0 0 1
vn 0 0 1
vn 0 0 1
vn 0 0 1
vn 0.852638 0.522501 0
vn 0.707106 0.707106 0
vn 0.707106 0.707106 0
vn 0.866025 0.5 0
vn 0.866025 0.5 0
vn 0.965925 0.258819 0
vn 0.965925 0.258819 0
vn 1 0 0
vn 1 0 0
vn 0.965925 -0.258819 0
vn 0.965925 -0.258819 0
vn 0.866025 -0.5 0
vn 0.707106 -0.707106 0
vn 0.707106 -0.707106 0
vn 0.852638 -0.522501 0
vn 0.5 -0.866025 0
vn 0.5 -0.866025 0
vn 0.258819 -0.965925 0
vn 0.258819 -0.965925 0
vn 0 -1 0
vn 0 -1 0
vn -0.258819 -0.965925 0
vn -0.258819 -0.965925 0
vn -0.5 -0.866025 0
vn -0.5 -0.866025 0
vn -0.707106 -0.707106 0
vn -0.707106 -0.707106 0
vn -0.866025 -0.5 0
vn -0.866025 -0.5 0
vn -0.965925 -0.258819 0
vn -0.965925 -0.258819 0
vn -1 0 0
vn -1 0 0
vn 0.866025 -0.5 0
vn 0.5 0.866025 0
vn 0.5 0.866025 0
vn 0.258819 0.965925 0
vn 0.258819 0.965925 0
vn -0 1 0
vn -0 1 0
vn -0.258819 0.965925 0
vn -0.258819 0.965925 0
vn -0.5 0.866025 0
vn -0.5 0.866025 0
vn -0.707106 0.707106 0
vn -0.707106 0.707106 0
vn -0.866025 0.5 0
vn -0.866025 0.5 0
vn -0.965925 0.258819 0
vn -0.965925 0.258819 0
vn 0 0 1
vn 0 0 1
vn 0 0 1
vn 0 0 1
vn 0 0 1
vn 0 0 1
vn 0 0 1
vn 0 0 1
vn 0 0 1
vn 0 0 1
vn 0 0 1
vn 0 0 1
vn 0 0 1
vn 0 0 1
vn 0 0 1
vn 0 0 1
vn 0 0 1
vn 0 0 1
vn 0 0 1
vn 0 0 1
vn 0 0 1
vn 0 0 1
vn 0 0 1
vn 0 0 1
vn 0 0 1
vn 0.5 0.866025 0
vn 0.5 0.866025 0
vn 0.707106 0.707106 0
vn 0.852638 -0.522501 0
vn 0.866025 -0.5 0
vn 0.866025 -0.5 0
vn 0.965925 -0.258819 0
vn 0.965925 -0.258819 0
vn 1 0 0
vn 1 0 0
vn 0.965925 0.258819 0
vn 0.965925 0.258819 0
vn 0.866025 0.5 0
vn 0.258819 0.965925 0
vn 0.258819 0.965925 0
vn -0 1 0
vn 0.5 -0.866025 0
vn 0.5 -0.866025 0
vn 0.707106 -0.707106 0
vn -0 1 0
vn -0.258819 0.965925 0
vn -0.258819 0.965925 0
vn -0.5 0.866025 0
vn -0.5 0.866025 0
vn -0.707106 0.707106 0
vn -0.707106 0.707106 0
vn -0.866025 0.5 0
vn -0.866025 0.5 0
vn -0.965925 0.258819 0
vn 0.707106 0.707106 0
vn 0 -1 0
vn 0 -1 0
vn -0.258819 -0.965925 0
vn 0.258819 -0.965925 0
vn 0.258819 -0.965925 0
vn -0.258819 -0.965925 0
vn -0.5 -0.866025 0
vn -0.5 -0.866025 0
vn 0.866025 0.5 0
vn 0.852638 0.522501 0
vn -0.707106 -0.707106 0
vn -0.707106 -0.707106 0
vn -0.866025 -0.5 0
vn -0.866025 -0.5 0
vn -0.965925 -0.258819 0
vn -0.965925 -0.258819 0
vn -0.965925 0.258819 0
vn -1 0 0
vn -1 0 0
vn 0.707106 -0.707106 0
vn 0 0 1
vn 0 0 1
vn 0 0 1
vn 0 0 1
vn 0 0 1
vn 0 0 1
vn 0 0 1
vn 0 0 1
vn 0 0 1
vn 0 0 1
vn 0 0 1
vn 0 0 1
vn 0 0 1
vn 0 0 1
vn 0 0 1
vn 0 0 1
vn 0 0 1
vn 0 0 1
vn 0 0 1
vn 0 0 1
vn 0 0 1
vn 0 0 1
vn 0 0 1
vn 0 0 1
vn 0 0 1
vn 0.5 -0.866025 0
vn 0.5 -0.866025 0
vn 0.258819 -0.965925 0
vn 0.852638 0.522501 0
vn 0.707106 0.707106 0
vn 0.707106 0.707106 0
vn 0.866025 0.5 0
vn 0.866025 0.5 0
vn 0.5 0.866025 0
vn 0.5 0.866025 0
vn 0.258819 0.965925 0
vn 0.258819 0.965925 0
vn -0 1 0
vn -0 1 0
vn -0.258819 0.965925 0
vn -0.258819 0.965925 0
vn -0.5 0.866025 0
vn -0.5 0.866025 0
vn 0.965925 -0.258819 0
vn 0.965925 -0.258819 0
vn 1 0 0
vn -0.866025 0.5 0
vn -0.866025 0.5 0
vn -0.707106 0.707106 0
vn -0.965925 0.258819 0
vn -0.965925 0.258819 0
vn 0.965925 0.258819 0
vn 0.965925 0.258819 0
vn 1 0 0
vn 0.866025 -0.5 0
vn 0.707106 -0.707106 0
vn 0.707106 -0.707106 0
vn 0.852638 -0.522501 0
vn -1 0 0
vn -1 0 0
vn 0.258819 -0.965925 0
vn 0 -1 0
vn 0 -1 0
vn -0.258819 -0.965925 0
vn -0.258819 -0.965925 0
vn -0.5 -0.866025 0
vn -0.5 -0.866025 0
vn -0.707106 -0.707106 0
vn -0.707106 -0.707106 0
vn -0.866025 -0.5 0
vn -0.866025 -0.5 0
vn -0.965925 -0.258819 0
vn -0.965925 -0.258819 0
vn -0.707106 0.707106 0
vn 0.866025 -0.5 0
vn 0 0 1
vn 0 0 1
vn 0 0 1
vn 0 0 1
vn 0 0 1
vn 0 0 1
vn 0 0 1
vn 0 0 1
vn 0 0 1
vn 0 0 1
vn 0 0 1
vn 0 0 1
vn 0 0 1
vn 0 0 1
vn 0 0 1
vn 0 0 1
vn 0 0 1
vn 0 0 1
vn 0 0 1
vn 0 0 1
vn 0 0 1
vn 0 0 1
vn 0 0 1
vn 0 0 1
vn 0 0 1
vn -0.5 -0.866025 0
vn -0.5 -0.866025 0
vn -0.258819 -0.965925 0
vn -0.258819 -0.965925 0
vn 0 -1 0
vn 0 -1 0
vn 0.258819 -0.965925 0
vn 0.258819 -0.965925 0
vn 0.5 -0.866025 0
vn 0.5 -0.866025 0
vn 0.707106 -0.707106 0
vn 0.707106 -0.707106 0
vn 0.866025 -0.5 0
vn 0.866025 -0.5 0
vn 0.965925 -0.258819 0
vn 0.965925 -0.258819 0
vn 1 0 0
vn 1 0 0
vn 0.965925 0.258819 0
vn 0.965925 0.258819 0
vn 0.866025 0.5 0
vn 0.866025 0.5 0
vn 0.707106 0.707106 0
vn 0.707106 0.707106 0
vn 0.5 0.866025 0
vn 0.5 0.866025 0
vn 0.258819 0.965925 0
vn 0.258819 0.965925 0
vn -0 1 0
vn -0 1 0
vn -0.258819 0.965925 0
vn -0.258819 0.965925 0
vn -0.5 0.866025 0
vn -0.5 0.866025 0
vn -0.707106 0.707106 0
vn -0.707106 0.707106 0
vn -0.866025 0.5 0
vn -0.866025 0.5 0
vn -0.965925 0.258819 0
vn -0.965925 0.258819 0
vn -1 0 0
vn -1 0 0
vn -0.707106 -0.707106 0
vn -0.707106 -0.707106 0
vn -0.866025 -0.5 0
vn -0.866025 -0.5 0
vn -0.965925 -0.258819 0
vn -0.965925 -0.258819 0
vn 0 0 1
vn 0 0 1
vn 0 0 1
vn 0 0 1
vn 0 0 1
vn 0 0 1
vn 0 0 1
vn 0 0 1
vn 0 0 1
vn 0 0 1
vn 0 0 1
vn 0 0 1
vn 0 0 1
vn 0 0 1
vn 0 0 1
vn 0 0 1
vn 0 0 1
vn 0 0 1
vn 0 0 1
vn 0 0 1
vn 0 0 1
vn 0 0 1
vn 0 0 1
vn 0 0 1
vn 0 0 1
vn 0 -1 0
vn 0 -1 0
vn 0.258819 -0.965925 0
vn 0.258819 -0.965925 0
vn 0.5 -0.866025 0
vn 0.5 -0.866025 0
vn 0.707106 -0.707106 0
vn 1 0 0
vn 1 0 0
vn 0.965925 0.258819 0
vn 0.707106 -0.707106 0
vn 0.866025 -0.5 0
vn 0.866025 -0.5 0
vn 0.965925 -0.258819 0
vn 0.965925 0.258819 0
vn 0.866025 0.5 0
vn 0.965925 -0.258819 0
vn -0.965925 0.258819 0
vn -0.965925 0.258819 0
vn -1 0 0
vn -0.866025 0.5 0
vn -0.866025 0.5 0
vn -0.707106 0.707106 0
vn -0.707106 0.707106 0
vn -0.5 0.866025 0
vn -0.5 0.866025 0
vn -0.258819 0.965925 0
vn -0.258819 0.965925 0
vn -0 1 0
vn -0 1 0
vn 0.258819 0.965925 0
vn 0.258819 0.965925 0
vn 0.5 0.866025 0
vn 0.5 0.866025 0
vn 0.707106 0.707106 0
vn 0.707106 0.707106 0
vn 0.866025 0.5 0
vn -0.258819 -0.965925 0
vn -0.258819 -0.965925 0
vn -0.5 -0.866025 0
vn -0.5 -0.866025 0
vn -0.707106 -0.707106 0
vn -0.707106 -0.707106 0
vn -0.866025 -0.5 0
vn -0.866025 -0.5 0
vn -0.965925 -0.258819 0
vn -0.965925 -0.258819 0
vn -1 0 0
vn 0 0 1
vn 0 0 1
vn 0 0 1
vn 0 0 1
vn 0 0 1
vn 0 0 1
vn 0 0 1
vn 0 0 1
vn 0 0 1
vn 0 0 1
vn 0 0 1
vn 0 0 1
vn 0 0 1
vn 0 0 1
vn 0 0 1
vn 0 0 1
vn 0 0 1
vn 0 0 1
vn 0 0 1
vn 0 0 1
vn 0 0 1
vn 0 0 1
vn 0 0 1
vn 0 0 1
vn 0 0 1
vn 0.866025 -0.5 0
vn 0.866025 -0.5 0
vn 0.707106 -0.707106 0
vn 0.965925 -0.258819 0
vn 0.965925 -0.258819 0
vn 1 0 0
vn 1 0 0
vn 0.965925 0.258819 0
vn 0.965925 0.258819 0
vn 0.866025 0.5 0
vn 0.866025 0.5 0
vn 0.5 0.866025 0
vn 0.5 0.866025 0
vn 0.707106 0.707106 0
vn 0.258819 0.965925 0
vn 0.258819 0.965925 0
vn -0 1 0
vn -0 1 0
vn -0.258819 0.965925 0
vn -0.258819 0.965925 0
vn -0.707106 0.707106 0
vn -0.707106 0.707106 0
vn -0.5 0.866025 0
vn -0.866025 0.5 0
vn -0.866025 0.5 0
vn -0.965925 0.258819 0
vn -0.965925 0.258819 0
vn -1 0 0
vn -1 0 0
vn 0.707106 0.707106 0
vn -0.5 0.866025 0
vn -0.965925 -0.258819 0
vn -0.965925 -0.258819 0
vn -0.866025 -0.5 0
vn -0.866025 -0.5 0
vn -0.707106 -0.707106 0
vn -0.707106 -0.707106 0
vn -0.5 -0.866025 0
vn -0.5 -0.866025 0
vn -0.258819 -0.965925 0
vn -0.258819 -0.965925 0
vn 0 -1 0
vn 0 -1 0
vn 0.258819 -0.965925 0
vn 0.258819 -0.965925 0
vn 0.5 -0.866025 0
vn 0.5 -0.866025 0
vn 0.707106 -0.707106 0
vn 0 0 1
vn 0 0 1
vn 0 0 1
vn 0 0 1
vn 0 0 1
vn 0 0 1
vn 0 0 1
vn 0 0 1
vn 0 0 1
vn 0 0 1
vn 0 0 1
vn 0 0 1
vn 0 0 1
vn 0 0 1
vn 0 0 1
vn 0 0 1
vn 0 0 1
vn 0 0 1
vn 0 0 1
vn 0 0 1
vn 0 0 1
vn 0 0 1
vn 0 0 1
vn 0 0 1
vn 0 0 1
vn -0.258819 0.965925 0
vn -0.258819 0.965925 0
vn -0 1 0
vn -0 1 0
vn 0.258819 0.965925 0
vn 0.258819 0.965925 0
vn 0.5 0.866025 0
vn 0.5 0.866025 0
vn 0.707106 0.707106 0
vn 0.707106 0.707106 0
vn 0.866025 0.5 0
vn 0.866025 0.5 0
vn 0.965925 0.258819 0
vn 0.965925 0.258819 0
vn 1 0 0
vn 1 0 0
vn 0.965925 -0.258819 0
vn 0.965925 -0.258819 0
vn 0.866025 -0.5 0
vn 0.866025 -0.5 0
vn 0.707106 -0.707106 0
vn 0.707106 -0.707106 0
vn 0.5 -0.866025 0
vn 0.5 -0.866025 0
vn 0.258819 -0.965925 0
vn 0.258819 -0.965925 0
vn 0 -1 0
vn 0 -1 0
vn -0.258819 -0.965925 0
vn -0.258819 -0.965925 0
vn -0.5 -0.866025 0
vn -0.5 -0.866025 0
vn -0.707106 -0.707106 0
vn -0.707106 -0.707106 0
vn -0.866025 -0.5 0
vn -0.866025 -0.5 0
vn -0.965925 -0.258819 0
vn -0.965925 -0.258819 0
vn -1 0 0
vn -1 0 0
vn -0.5 0.866025 0
vn -0.5 0.866025 0
vn -0.707106 0.707106 0
vn -0.707106 0.707106 0
vn -0.866025 0.5 0
vn -0.866025 0.5 0
vn -0.965925 0.258819 0
vn -0.965925 0.258819 0
vn 0 0 1
vn 0 0 1
vn 0 0 1
vn 0 0 1
vn 0 0 1
vn 0 0 1
vn 0 0 1
vn 0 0 1
vn 0 0 1
vn 0 0 1
vn 0 0 1
vn 0 0 1
vn 0 0 1
vn 0 0 1
vn 0 0 1
vn 0 0 1
vn 0 0 1
vn 0 0 1
vn 0 0 1
vn 0 0 1
vn 0 0 1
vn 0 0 1
vn 0 0 1
vn 0 0 1
vn 0 0 1
vn -0.965925 -0.258819 0
vn -0.965925 -0.258819 0
vn -1 0 0
vn -1 0 0
vn -0.866025 -0.5 0
vn -0.866025 -0.5 0
vn -0.707106 -0.707106 0
vn -0.707106 -0.707106 0
vn -0.5 -0.866025 0
vn -0.5 -0.866025 0
vn -0.258819 -0.965925 0
vn -0.258819 -0.965925 0
vn 0 -1 0
vn 0 -1 0
vn 0.258819 -0.965925 0
vn 0.258819 -0.965925 0
vn 0.5 -0.866025 0
vn 0.5 -0.866025 0
vn 0.707106 -0.707106 0
vn 0.707106 -0.707106 0
vn 0.866025 -0.5 0
vn 0.866025 -0.5 0
vn 0.965925 -0.258819 0
vn 0.965925 -0.258819 0
vn 1 0 0
vn 0.965925 0.258819 0
vn 0.965925 0.258819 0
vn 0.866025 0.5 0
vn 0.866025 0.5 0
vn 0.707106 0.707106 0
vn 0.707106 0.707106 0
vn 0.5 0.866025 0
vn 0.5 0.866025 0
vn 0.258819 0.965925 0
vn 0.258819 0.965925 0
vn -0 1 0
vn -0 1 0
vn -0.258819 0.965925 0
vn -0.258819 0.965925 0
vn -0.5 0.866025 0
vn -0.5 0.866025 0
vn -0.707106 0.707106 0
vn -0.707106 0.707106 0
vn -0.866025 0.5 0
vn -0.866025 0.5 0
vn -0.965925 0.258819 0
vn -0.965925 0.258819 0
vn 1 0 0
vn 0 0 1
vn 0 0 1
vn 0 0 1
vn 0 0 1
vn 0 0 1
vn 0 0 1
vn 0 0 1
vn 0 0 1
vn 0 0 1
vn 0 0 1
vn 0 0 1
vn 0 0 1
vn 0 0 1
vn 0 0 1
vn 0 0 1
vn 0 0 1
vn 0 0 1
vn 0 0 1
vn 0 0 1
vn 0 0 1
vn 0 0 1
vn 0 0 1
vn 0 0 1
vn 0 0 1
vn 0 0 1
vn 1 0 0
vn 1 0 0
vn 0.965925 -0.258819 0
vn 0.965925 0.258819 0
vn 0.965925 0.258819 0
vn 0.866025 0.5 0
vn 0.866025 0.5 0
vn 0.707106 0.707106 0
vn 0.707106 0.707106 0
vn 0.5 0.866025 0
vn 0.5 0.866025 0
vn 0.258819 0.965925 0
vn 0.258819 0.965925 0
vn -0 1 0
vn -0 1 0
vn -0.258819 0.965925 0
vn -0.258819 0.965925 0
vn -0.5 0.866025 0
vn -0.5 0.866025 0
vn -0.707106 0.707106 0
vn -0.707106 0.707106 0
vn -0.866025 0.5 0
vn -0.866025 0.5 0
vn -0.965925 0.258819 0
vn -0.965925 0.258819 0
vn -1 0 0
vn -1 0 0
vn 0.258819 -0.965925 0
vn 0.258819 -0.965925 0
vn 0 -1 0
vn 0.965925 -0.258819 0
vn 0.866025 -0.5 0
vn 0.866025 -0.5 0
vn 0.707106 -0.707106 0
vn 0.707106 -0.707106 0
vn 0.5 -0.866025 0
vn 0.5 -0.866025 0
vn 0 -1 0
vn -0.258819 -0.965925 0
vn -0.258819 -0.965925 0
vn -0.5 -0.866025 0
vn -0.5 -0.866025 0
vn -0.707106 -0.707106 0
vn -0.707106 -0.707106 0
vn -0.866025 -0.5 0
vn -0.866025 -0.5 0
vn -0.965925 -0.258819 0
vn -0.965925 -0.258819 0
vn 0 0 1
vn 0 0 1
vn 0 0 1
vn 0 0 1
vn 0 0 1
vn 0 0 1
vn 0 0 1
vn 0 0 1
vn 0 0 1
vn 0 0 1
vn 0 0 1
vn 0 0 1
vn 0 0 1
vn 0 0 1
vn 0 0 1
vn 0 0 1
vn 0 0 1
vn 0 0 1
vn 0 0 1
vn 0 0 1
vn 0 0 1
vn 0 0 1
vn 0 0 1
vn 0 0 1
vn 0 0 1
vn 0.866025 0.5 0
vn 0.866025 0.5 0
vn 0.965925 0.258819 0
vn 0.707106 0.707106 0
vn 0.707106 0.707106 0
vn 0.5 0.866025 0
vn 0.5 0.866025 0
vn 0.258819 0.965925 0
vn 0.258819 0.965925 0
vn -0 1 0
vn -0 1 0
vn -0.258819 0.965925 0
vn -0.258819 0.965925 0
vn -0.5 0.866025 0
vn -0.5 0.866025 0
vn 0.707106 -0.707106 0
vn 0.707106 -0.707106 0
vn 0.866025 -0.5 0
vn -0.707106 0.707106 0
vn -0.707106 0.707106 0
vn -0.866025 0.5 0
vn -0.866025 0.5 0
vn -0.965925 0.258819 0
vn -0.965925 0.258819 0
vn -1 0 0
vn -1 0 0
vn 0.5 -0.866025 0
vn 0.5 -0.866025 0
vn 0.258819 -0.965925 0
vn 0.866025 -0.5 0
vn -0.866025 -0.5 0
vn -0.866025 -0.5 0
vn -0.965925 -0.258819 0
vn 0.965925 -0.258819 0
vn 0.965925 -0.258819 0
vn 1 0 0
vn 1 0 0
vn 0.965925 0.258819 0
vn 0.258819 -0.965925 0
vn 0 -1 0
vn 0 -1 0
vn -0.258819 -0.965925 0
vn -0.258819 -0.965925 0
vn -0.5 -0.866025 0
vn -0.5 -0.866025 0
vn -0.707106 -0.707106 0
vn -0.707106 -0.707106 0
vn -0.965925 -0.258819 0
vn 0 0 1
vn 0 0 1
vn 0 0 1
vn 0 0 1
vn 0 0 1
vn 0 0 1
vn 0 0 1
vn 0 0 1
vn 0 0 1
vn 0 0 1
vn 0 0 1
vn 0 0 1
vn 0 0 1
vn 0 0 1
vn 0 0 1
vn 0 0 1
vn 0 0 1
vn 0 0 1
vn 0 0 1
vn 0 0 1
vn 0 0 1
vn 0 0 1
vn 0 0 1
vn 0 0 1
vn 0 0 1
vn 0.707106 0.707106 0
vn 0.707106 0.707106 0
vn 0.866025 0.5 0
vn 0.866025 0.5 0
vn 0.965925 0.258819 0
vn 0.965925 0.258819 0
vn 1 0 0
vn 0.965925 -0.258819 0
vn 0.965925 -0.258819 0
vn 0.866025 -0.5 0
vn 0.866025 -0.5 0
vn 0.707106 -0.707106 0
vn 0.707106 -0.707106 0
vn 0.5 -0.866025 0
vn 0.5 -0.866025 0
vn 0.258819 -0.965925 0
vn 0.258819 -0.965925 0
vn 0 -1 0
vn 0 -1 0
vn -0.258819 -0.965925 0
vn -0.258819 -0.965925 0
vn -0.5 -0.866025 0
vn -0.5 -0.866025 0
vn -0.707106 -0.707106 0
vn -0.866025 -0.5 0
vn -0.866025 -0.5 0
vn -0.852638 -0.522501 0
vn -0.707106 -0.707106 0
vn -0.965925 -0.258819 0
vn -0.965925 -0.258819 0
vn -1 0 0
vn -1 0 0
vn 1 0 0
vn 0.5 0.866025 0
vn 0.5 0.866025 0
vn 0.258819 0.965925 0
vn 0.258819 0.965925 0
vn -0 1 0
vn -0 1 0
vn -0.258819 0.965925 0
vn -0.258819 0.965925 0
vn -0.5 0.866025 0
vn -0.5 0.866025 0
vn -0.707106 0.707106 0
vn -0.965925 0.258819 0
vn -0.965925 0.258819 0
vn -0.866025 0.5 0
vn -0.707106 0.707106 0
vn -0.852638 0.522501 0
vn -0.866025 0.5 0
vn 0 0 1
vn 0 0 1
vn 0 0 1
vn 0 0 1
vn 0 0 1
vn 0 0 1
vn 0 0 1
vn 0 0 1
vn 0 0 1
vn 0 0 1
vn 0 0 1
vn 0 0 1
vn 0 0 1
vn 0 0 1
vn 0 0 1
vn 0 0 1
vn 0 0 1
vn 0 0 1
vn 0 0 1
vn 0 0 1
vn 0 0 1
vn 0 0 1
vn 0 0 1
vn 0 0 1
vn 0 0 1
vn -0.5 -0.866025 0
vn -0.5 -0.866025 0
vn -0.258819 -0.965925 0
vn -0.258819 -0.965925 0
vn 0 -1 0
vn 0 -1 0
vn 0.258819 -0.965925 0
vn 0.258819 -0.965925 0
vn 0.5 -0.866025 0
vn 0.5 -0.866025 0
vn 0.707106 -0.707106 0
vn 0.707106 -0.707106 0
vn 0.866025 -0.5 0
vn 0.866025 -0.5 0
vn 0.965925 -0.258819 0
vn 0.965925 -0.258819 0
vn 1 0 0
vn 1 0 0
vn 0.965925 0.258819 0
vn 0.965925 0.258819 0
vn 0.866025 0.5 0
vn 0.866025 0.5 0
vn 0.707106 0.707106 0
vn 0.707106 0.707106 0
vn 0.5 0.866025 0
vn 0.5 0.866025 0
vn 0.258819 0.965925 0
vn 0.258819 0.965925 0
vn -0 1 0
vn -0 1 0
vn -0.258819 0.965925 0
vn -0.258819 0.965925 0
vn -0.5 0.866025 0
vn -0.5 0.866025 0
vn -0.707106 0.707106 0
vn -0.707106 0.707106 0
vn -0.866025 0.5 0
vn -0.866025 0.5 0
vn -0.965925 0.258819 0
vn -0.965925 0.258819 0
vn -1 0 0
vn -1 0 0
vn -0.707106 -0.707106 0
vn -0.707106 -0.707106 0
vn -0.866025 -0.5 0
vn -0.866025 -0.5 0
vn -0.965925 -0.258819 0
vn -0.965925 -0.258819 0
vn 0 0 1
vn 0 0 1
vn 0 0 1
vn 0 0 1
vn 0 0 1
vn 0 0 1
vn 0 0 1
vn 0 0 1
vn 0 0 1
vn 0 0 1
vn 0 0 1
vn 0 0 1
vn 0 0 1
vn 0 0 1
vn 0 0 1
vn 0 0 1
vn 0 0 1
vn 0 0 1
vn 0 0 1
vn 0 0 1
vn 0 0 1
vn 0 0 1
vn 0 0 1
vn 0 0 1
vn 0 0 1
vn 0 -1 0
vn 0 -1 0
vn 0.258819 -0.965925 0
vn 0.258819 -0.965925 0
vn 0.5 -0.866025 0
vn 0.5 -0.866025 0
vn 0.707106 -0.707106 0
vn 0.707106 -0.707106 0
vn 0.866025 -0.5 0
vn 0.866025 -0.5 0
vn 0.965925 -0.258819 0
vn 0.965925 -0.258819 0
vn 1 0 0
vn 1 0 0
vn 0.965925 0.258819 0
vn 0.965925 0.258819 0
vn 0.866025 0.5 0
vn 0.866025 0.5 0
vn 0.707106 0.707106 0
vn 0.707106 0.707106 0
vn 0.5 0.866025 0
vn 0.5 0.866025 0
vn 0.258819 0.965925 0
vn 0.258819 0.965925 0
vn -0 1 0
vn -0.866025 -0.5 0
vn -0.866025 -0.5 0
vn -0.965925 -0.258819 0
vn -0.965925 -0.258819 0
vn -1 0 0
vn -1 0 0
vn -0.965925 0.258819 0
vn -0.965925 0.258819 0
vn -0.866025 0.5 0
vn -0.707106 -0.707106 0
vn -0.707106 -0.707106 0
vn -0.5 -0.866025 0
vn -0.5 -0.866025 0
vn -0.258819 -0.965925 0
vn -0.258819 -0.965925 0
vn -0 1 0
vn -0.258819 0.965925 0
vn -0.866025 0.5 0
vn -0.707106 0.707106 0
vn -0.707106 0.707106 0
vn -0.5 0.866025 0
vn -0.5 0.866025 0
vn -0.258819 0.965925 0
vn 0 0 1
vn 0 0 1
vn 0 0 1
vn 0 0 1
vn 0 0 1
vn 0 0 1
vn 0 0 1
vn 0 0 1
vn 0 0 1
vn 0 0 1
vn 0 0 1
vn 0 0 1
vn 0 0 1
vn 0 0 1
vn 0 0 1
vn 0 0 1
vn 0 0 1
vn 0 0 1
vn 0 0 1
vn 0 0 1
vn 0 0 1
vn 0 0 1
vn 0 0 1
vn 0 0 1
vn 0 0 1
vn 0.965925 -0.258819 0
vn 0.965925 -0.258819 0
vn 1 0 0
vn 1 0 0
vn 0.965925 0.258819 0
vn 0.965925 0.258819 0
vn 0.866025 0.5 0
vn 0.866025 0.5 0
vn 0.707106 0.707106 0
vn 0.707106 0.707106 0
vn 0.5 0.866025 0
vn 0.5 0.866025 0
vn 0.258819 0.965925 0
vn 0.258819 0.965925 0
vn -0 1 0
vn -0 1 0
vn -0.258819 0.965925 0
vn -0.5 0.866025 0
vn -0.5 0.866025 0
vn -0.707106 0.707106 0
vn -0.707106 0.707106 0
vn -0.866025 0.5 0
vn -0.866025 0.5 0
vn -0.965925 0.258819 0
vn -0.965925 0.258819 0
vn -1 0 0
vn -0.866025 -0.5 0
vn -0.866025 -0.5 0
vn -0.965925 -0.258819 0
vn -0.258819 0.965925 0
vn -1 0 0
vn 0.866025 -0.5 0
vn 0.866025 -0.5 0
vn 0.707106 -0.707106 0
vn 0.707106 -0.707106 0
vn 0.5 -0.866025 0
vn 0.5 -0.866025 0
vn 0.258819 -0.965925 0
vn 0.258819 -0.965925 0
vn 0 -1 0
vn 0 -1 0
vn -0.258819 -0.965925 0
vn -0.258819 -0.965925 0
vn -0.5 -0.866025 0
vn -0.5 -0.866025 0
vn -0.707106 -0.707106 0
vn -0.707106 -0.707106 0
vn -0.965925 -0.258819 0
vn 0 0 1
vn 0 0 1
vn 0 0 1
vn 0 0 1
vn 0 0 1
vn 0 0 1
vn 0 0 1
vn 0 0 1
vn 0 0 1
vn 0 0 1
vn 0 0 1
vn 0 0 1
vn 0 0 1
vn 0 0 1
vn 0 0 1
vn 0 0 1
vn 0 0 1
vn 0 0 1
vn 0 0 1
vn 0 0 1
vn 0 0 1
vn 0 0 1
vn 0 0 1
vn 0 0 1
vn 0 0 1
vn -0.258819 0.965925 0
vn -0.258819 0.965925 0
vn -0 1 0
vn -0 1 0
vn 0.258819 0.965925 0
vn 0.258819 0.965925 0
vn 0.5 0.866025 0
vn 0.5 0.866025 0
vn 0.707106 0.707106 0
vn 0.707106 0.707106 0
vn 0.866025 0.5 0
vn 0.866025 0.5 0
vn 0.965925 0.258819 0
vn 0.965925 0.258819 0
vn 1 0 0
vn 1 0 0
vn 0.965925 -0.258819 0
vn 0.866025 -0.5 0
vn 0.866025 -0.5 0
vn 0.707106 -0.707106 0
vn 0.707106 -0.707106 0
vn 0.5 -0.866025 0
vn 0.965925 -0.258819 0
vn -0.965925 0.258819 0
vn -0.965925 0.258819 0
vn -1 0 0
vn -0.866025 0.5 0
vn -0.866025 0.5 0
vn -0.707106 0.707106 0
vn -0.707106 0.707106 0
vn -0.5 0.866025 0
vn -0.5 0.866025 0
vn 0.258819 -0.965925 0
vn 0.258819 -0.965925 0
vn 0.5 -0.866025 0
vn 0 -1 0
vn 0 -1 0
vn -0.258819 -0.965925 0
vn -0.258819 -0.965925 0
vn -0.5 -0.866025 0
vn -0.5 -0.866025 0
vn -0.707106 -0.707106 0
vn -0.707106 -0.707106 0
vn -0.866025 -0.5 0
vn -0.866025 -0.5 0
vn -0.965925 -0.258819 0
vn -0.965925 -0.258819 0
vn -1 0 0
usemtl App6
f 4373//4373 4374//4374 4375//4375
f 4376//4376 4377//4377 4378//4378
f 4379//4379 4380//4380 4381//4381
f 4382//4382 4383//4383 4384//4384
f 4385//4385 4386//4386 4376//4376
f 4376//4376 4381//4381 4377//4377
f 4379//4379 4387//4387 4380//4380
f 4383//4383 4388//4388 4384//4384
f 4385//4385 4389//4389 4386//4386
f 4381//4381 4376//4376 4379//4379
f 4384//4384 4390//4390 4391//4391
f 4386//4386 4392//4392 4382//4382
f 4376//4376 4393//4393 4394//4394
f 4379//4379 4395//4395 4387//4387
f 4388//4388 4390//4390 4384//4384
f 4386//4386 4396//4396 4397//4397
f 4378//4378 4393//4393 4376//4376
f 4379//4379 4398//4398 4399//4399
f 4397//4397 4392//4392 4386//4386
f 4399//4399 4395//4395 4379//4379
f 4389//4389 4396//4396 4386//4386
f 4400//4400 4401//4401 4402//4402
f 4401//4401 4403//4403 4402//4402
f 4402//4402 4404//4404 4400//4400
f 4400//4400 4405//4405 4398//4398
f 4401//4401 4406//4406 4403//4403
f 4404//4404 4405//4405 4400//4400
f 4401//4401 4384//4384 4407//4407
f 4407//4407 4406//4406 4401//4401
f 4398//4398 4379//4379 4400//4400
f 4391//4391 4407//4407 4384//4384
f 4408//4408 4409//4409 4376//4376
f 4410//4410 4411//4411 4412//4412
f 4413//4413 4414//4414 4415//4415
f 4416//4416 4417//4417 4418//4418
f 4419//4419 4420//4420 4421//4421
f 4422//4422 4423//4423 4420//4420
f 4424//4424 4425//4425 4426//4426
f 4427//4427 4428//4428 4429//4429
f 4430//4430 4431//4431 4428//4428
f 4432//4432 4433//4433 4434//4434
f 4435//4435 4436//4436 4437//4437
f 4438//4438 4439//4439 4440//4440
f 4441//4441 4442//4442 4439//4439
f 4443//4443 4444//4444 4445//4445
f 4446//4446 4447//4447 4444//4444
f 4448//4448 4449//4449 4447//4447
f 4450//4450 4451//4451 4452//4452
f 4453//4453 4454//4454 4455//4455
f 4455//4455 4454//4454 4456//4456
f 4457//4457 4458//4458 4459//4459
f 4460//4460 4461//4461 4462//4462
f 4463//4463 4464//4464 4465//4465
f 4465//4465 4464//4464 4466//4466
f 4467//4467 4468//4468 4469//4469
f 4469//4469 4468//4468 4470//4470
f 4471//4471 4472//4472 4473//4473
f 4473//4473 4472//4472 4474//4474
f 4475//4475 4476//4476 4477//4477
f 4478//4478 4479//4479 4477//4477
f 4480//4480 4481//4481 4482//4482
f 4483//4483 4437//4437 4434//4434
f 4484//4484 4434//4434 4427//4427
f 4485//4485 4427//4427 4486//4486
f 4487//4487 4486//4486 4426//4426
f 4488//4488 4426//4426 4489//4489
f 4490//4490 4489//4489 4491//4491
f 4492//4492 4491//4491 4418//4418
f 4493//4493 4418//4418 4494//4494
f 4495//4495 4494//4494 4412//4412
f 4496//4496 4412//4412 4386//4386
f 4497//4497 4386//4386 4384//4384
f 4498//4498 4384//4384 4401//4401
f 4401//4401 4499//4499 4498//4498
f 4384//4384 4498//4498 4497//4497
f 4386//4386 4497//4497 4496//4496
f 4412//4412 4496//4496 4495//4495
f 4494//4494 4495//4495 4493//4493
f 4418//4418 4493//4493 4492//4492
f 4491//4491 4492//4492 4490//4490
f 4489//4489 4490//4490 4488//4488
f 4426//4426 4488//4488 4487//4487
f 4486//4486 4487//4487 4485//4485
f 4427//4427 4485//4485 4484//4484
f 4434//4434 4484//4484 4483//4483
f 4482//4482 4437//4437 4480//4480
f 4437//4437 4483//4483 4480//4480
f 4477//4477 4476//4476 4500//4500
f 4500//4500 4478//4478 4477//4477
f 4476//4476 4501//4501 4500//4500
f 4477//4477 4502//4502 4503//4503
f 4504//4504 4505//4505 4506//4506
f 4504//4504 4474//4474 4507//4507
f 4477//4477 4508//4508 4502//4502
f 4477//4477 4504//4504 4509//4509
f 4506//4506 4510//4510 4504//4504
f 4474//4474 4511//4511 4507//4507
f 4476//4476 4512//4512 4513//4513
f 4476//4476 4514//4514 4515//4515
f 4477//4477 4516//4516 4508//4508
f 4510//4510 4509//4509 4504//4504
f 4507//4507 4517//4517 4504//4504
f 4474//4474 4518//4518 4519//4519
f 4513//4513 4474//4474 4476//4476
f 4515//4515 4520//4520 4476//4476
f 4477//4477 4521//4521 4475//4475
f 4509//4509 4516//4516 4477//4477
f 4474//4474 4522//4522 4511//4511
f 4513//4513 4518//4518 4474//4474
f 4520//4520 4523//4523 4476//4476
f 4477//4477 4524//4524 4521//4521
f 4517//4517 4505//4505 4504//4504
f 4523//4523 4512//4512 4476//4476
f 4476//4476 4475//4475 4525//4525
f 4503//4503 4524//4524 4477//4477
f 4525//4525 4514//4514 4476//4476
f 4519//4519 4522//4522 4474//4474
f 4474//4474 4504//4504 4473//4473
f 4473//4473 4526//4526 4527//4527
f 4528//4528 4529//4529 4530//4530
f 4528//4528 4470//4470 4531//4531
f 4473//4473 4532//4532 4526//4526
f 4473//4473 4528//4528 4533//4533
f 4530//4530 4534//4534 4528//4528
f 4470//4470 4535//4535 4531//4531
f 4470//4470 4536//4536 4537//4537
f 4472//4472 4538//4538 4539//4539
f 4473//4473 4540//4540 4532//4532
f 4534//4534 4533//4533 4528//4528
f 4470//4470 4541//4541 4535//4535
f 4470//4470 4542//4542 4536//4536
f 4472//4472 4543//4543 4542//4542
f 4539//4539 4544//4544 4472//4472
f 4473//4473 4545//4545 4471//4471
f 4533//4533 4540//4540 4473//4473
f 4531//4531 4546//4546 4528//4528
f 4542//4542 4470//4470 4472//4472
f 4544//4544 4547//4547 4472//4472
f 4473//4473 4548//4548 4545//4545
f 4546//4546 4529//4529 4528//4528
f 4547//4547 4543//4543 4472//4472
f 4472//4472 4471//4471 4549//4549
f 4527//4527 4548//4548 4473//4473
f 4549//4549 4538//4538 4472//4472
f 4537//4537 4541//4541 4470//4470
f 4470//4470 4528//4528 4469//4469
f 4469//4469 4550//4550 4551//4551
f 4551//4551 4552//4552 4469//4469
f 4552//4552 4553//4553 4469//4469
f 4550//4550 4554//4554 4555//4555
f 4468//4468 4556//4556 4557//4557
f 4469//4469 4558//4558 4559//4559
f 4550//4550 4560//4560 4551//4551
f 4555//4555 4561//4561 4550//4550
f 4466//4466 4562//4562 4563//4563
f 4468//4468 4564//4564 4556//4556
f 4468//4468 4565//4565 4566//4566
f 4469//4469 4567//4567 4558//4558
f 4561//4561 4560//4560 4550//4550
f 4550//4550 4466//4466 4568//4568
f 4466//4466 4569//4569 4562//4562
f 4557//4557 4466//4466 4468//4468
f 4566//4566 4570//4570 4468//4468
f 4553//4553 4567//4567 4469//4469
f 4466//4466 4571//4571 4568//4568
f 4557//4557 4569//4569 4466//4466
f 4570//4570 4572//4572 4468//4468
f 4568//4568 4554//4554 4550//4550
f 4572//4572 4564//4564 4468//4468
f 4563//4563 4571//4571 4466//4466
f 4469//4469 4573//4573 4467//4467
f 4468//4468 4467//4467 4565//4565
f 4559//4559 4573//4573 4469//4469
f 4466//4466 4550//4550 4465//4465
f 4574//4574 4464//4464 4575//4575
f 4464//4464 4576//4576 4577//4577
f 4465//4465 4578//4578 4579//4579
f 4577//4577 4575//4575 4464//4464
f 4464//4464 4580//4580 4581//4581
f 4579//4579 4582//4582 4465//4465
f 4583//4583 4584//4584 4578//4578
f 4583//4583 4585//4585 4586//4586
f 4574//4574 4587//4587 4588//4588
f 4464//4464 4589//4589 4576//4576
f 4581//4581 4590//4590 4464//4464
f 4465//4465 4591//4591 4592//4592
f 4578//4578 4465//4465 4583//4583
f 4586//4586 4593//4593 4583//4583
f 4574//4574 4594//4594 4587//4587
f 4590//4590 4589//4589 4464//4464
f 4465//4465 4595//4595 4591//4591
f 4593//4593 4584//4584 4583//4583
f 4574//4574 4596//4596 4597//4597
f 4575//4575 4594//4594 4574//4574
f 4465//4465 4598//4598 4463//4463
f 4582//4582 4595//4595 4465//4465
f 4597//4597 4583//4583 4574//4574
f 4464//4464 4463//4463 4580//4580
f 4592//4592 4598//4598 4465//4465
f 4588//4588 4596//4596 4574//4574
f 4597//4597 4585//4585 4583//4583
f 4583//4583 4458//4458 4599//4599
f 4458//4458 4600//4600 4599//4599
f 4458//4458 4601//4601 4600//4600
f 4574//4574 4602//4602 4603//4603
f 4583//4583 4604//4604 4605//4605
f 4599//4599 4606//4606 4583//4583
f 4603//4603 4462//4462 4574//4574
f 4574//4574 4607//4607 4608//4608
f 4606//4606 4604//4604 4583//4583
f 4458//4458 4457//4457 4609//4609
f 4462//4462 4610//4610 4460//4460
f 4603//4603 4611//4611 4462//4462
f 4608//4608 4612//4612 4574//4574
f 4583//4583 4613//4613 4614//4614
f 4609//4609 4601//4601 4458//4458
f 4611//4611 4610//4610 4462//4462
f 4612//4612 4615//4615 4574//4574
f 4574//4574 4583//4583 4616//4616
f 4605//4605 4613//4613 4583//4583
f 4615//4615 4602//4602 4574//4574
f 4614//4614 4616//4616 4583//4583
f 4616//4616 4607//4607 4574//4574
f 4459//4459 4456//4456 4617//4617
f 4459//4459 4618//4618 4457//4457
f 4617//4617 4619//4619 4459//4459
f 4456//4456 4620//4620 4621//4621
f 4456//4456 4462//4462 4461//4461
f 4619//4619 4618//4618 4459//4459
f 4461//4461 4620//4620 4456//4456
f 4621//4621 4617//4617 4456//4456
f 4456//4456 4459//4459 4455//4455
f 4455//4455 4622//4622 4623//4623
f 4623//4623 4624//4624 4455//4455
f 4454//4454 4625//4625 4626//4626
f 4622//4622 4627//4627 4623//4623
f 4373//4373 4628//4628 4629//4629
f 4626//4626 4373//4373 4454//4454
f 4455//4455 4630//4630 4631//4631
f 4624//4624 4632//4632 4455//4455
f 4622//4622 4633//4633 4634//4634
f 4629//4629 4622//4622 4373//4373
f 4454//4454 4635//4635 4625//4625
f 4454//4454 4636//4636 4637//4637
f 4455//4455 4638//4638 4630//4630
f 4634//4634 4627//4627 4622//4622
f 4629//4629 4639//4639 4622//4622
f 4640//4640 4641//4641 4642//4642
f 4637//4637 4635//4635 4454//4454
f 4454//4454 4643//4643 4644//4644
f 4632//4632 4638//4638 4455//4455
f 4373//4373 4645//4645 4628//4628
f 4626//4626 4374//4374 4373//4373
f 4454//4454 4453//4453 4643//4643
f 4639//4639 4633//4633 4622//4622
f 4644//4644 4636//4636 4454//4454
f 4455//4455 4646//4646 4453//4453
f 4375//4375 4645//4645 4373//4373
f 4631//4631 4646//4646 4455//4455
f 4647//4647 4450//4450 4452//4452
f 4622//4622 4452//4452 4648//4648
f 4452//4452 4449//4449 4647//4647
f 4452//4452 4451//4451 4648//4648
f 4648//4648 4373//4373 4622//4622
f 4447//4447 4649//4649 4650//4650
f 4649//4649 4651//4651 4650//4650
f 4449//4449 4652//4652 4653//4653
f 4650//4650 4654//4654 4447//4447
f 4653//4653 4647//4647 4449//4449
f 4447//4447 4655//4655 4656//4656
f 4649//4649 4657//4657 4651//4651
f 4649//4649 4647//4647 4658//4658
f 4653//4653 4659//4659 4647//4647
f 4449//4449 4660//4660 4661//4661
f 4447//4447 4662//4662 4448//4448
f 4654//4654 4655//4655 4447//4447
f 4649//4649 4663//4663 4664//4664
f 4647//4647 4665//4665 4658//4658
f 4647//4647 4666//4666 4667//4667
f 4661//4661 4652//4652 4449//4449
f 4447//4447 4668//4668 4662//4662
f 4664//4664 4657//4657 4649//4649
f 4658//4658 4669//4669 4649//4649
f 4659//4659 4666//4666 4647//4647
f 4656//4656 4668//4668 4447//4447
f 4647//4647 4670//4670 4665//4665
f 4449//4449 4671//4671 4660//4660
f 4449//4449 4448//4448 4672//4672
f 4669//4669 4663//4663 4649//4649
f 4672//4672 4671//4671 4449//4449
f 4667//4667 4670//4670 4647//4647
f 4444//4444 4673//4673 4674//4674
f 4673//4673 4675//4675 4674//4674
f 4674//4674 4676//4676 4444//4444
f 4447//4447 4677//4677 4678//4678
f 4444//4444 4679//4679 4680//4680
f 4673//4673 4681//4681 4675//4675
f 4649//4649 4682//4682 4683//4683
f 4678//4678 4649//4649 4447//4447
f 4444//4444 4684//4684 4446//4446
f 4676//4676 4679//4679 4444//4444
f 4673//4673 4685//4685 4686//4686
f 4683//4683 4673//4673 4649//4649
f 4678//4678 4687//4687 4649//4649
f 4447//4447 4688//4688 4689//4689
f 4444//4444 4690//4690 4684//4684
f 4686//4686 4681//4681 4673//4673
f 4683//4683 4691//4691 4673//4673
f 4649//4649 4692//4692 4693//4693
f 4689//4689 4677//4677 4447//4447
f 4447//4447 4694//4694 4695//4695
f 4680//4680 4690//4690 4444//4444
f 4649//4649 4696//4696 4682//4682
f 4687//4687 4692//4692 4649//4649
f 4447//4447 4446//4446 4694//4694
f 4691//4691 4685//4685 4673//4673
f 4695//4695 4688//4688 4447//4447
f 4693//4693 4696//4696 4649//4649
f 4444//4444 4697//4697 4698//4698
f 4445//4445 4699//4699 4700//4700
f 4673//4673 4701//4701 4702//4702
f 4673//4673 4444//4444 4703//4703
f 4444//4444 4704//4704 4705//4705
f 4698//4698 4706//4706 4444//4444
f 4445//4445 4707//4707 4708//4708
f 4700//4700 4709//4709 4445//4445
f 4699//4699 4710//4710 4711//4711
f 4702//4702 4699//4699 4673//4673
f 4673//4673 4712//4712 4713//4713
f 4705//4705 4703//4703 4444//4444
f 4444//4444 4443//4443 4697//4697
f 4445//4445 4714//4714 4707//4707
f 4711//4711 4700//4700 4699//4699
f 4702//4702 4715//4715 4699//4699
f 4673//4673 4716//4716 4712//4712
f 4706//4706 4704//4704 4444//4444
f 4709//4709 4714//4714 4445//4445
f 4699//4699 4717//4717 4718//4718
f 4673//4673 4719//4719 4701//4701
f 4703//4703 4716//4716 4673//4673
f 4718//4718 4710//4710 4699//4699
f 4713//4713 4719//4719 4673//4673
f 4445//4445 4720//4720 4443//4443
f 4715//4715 4717//4717 4699//4699
f 4708//4708 4720//4720 4445//4445
f 4721//4721 4722//4722 4723//4723
f 4724//4724 4725//4725 4723//4723
f 4723//4723 4726//4726 4721//4721
f 4724//4724 4727//4727 4725//4725
f 4728//4728 4729//4729 4721//4721
f 4723//4723 4722//4722 4724//4724
f 4730//4730 4731//4731 4732//4732
f 4727//4727 4733//4733 4734//4734
f 4724//4724 4733//4733 4727//4727
f 4730//4730 4699//4699 4735//4735
f 4732//4732 4736//4736 4730//4730
f 4729//4729 4728//4728 4737//4737
f 4726//4726 4728//4728 4721//4721
f 4699//4699 4738//4738 4735//4735
f 4439//4439 4730//4730 4739//4739
f 4736//4736 4740//4740 4730//4730
f 4734//4734 4741//4741 4727//4727
f 4741//4741 4731//4731 4742//4742
f 4439//4439 4442//4442 4743//4743
f 4735//4735 4744//4744 4730//4730
f 4699//4699 4745//4745 4746//4746
f 4699//4699 4445//4445 4747//4747
f 4445//4445 4748//4748 4749//4749
f 4730//4730 4750//4750 4739//4739
f 4731//4731 4741//4741 4732//4732
f 4742//4742 4727//4727 4741//4741
f 4751//4751 4752//4752 4753//4753
f 4743//4743 4751//4751 4439//4439
f 4699//4699 4754//4754 4738//4738
f 4746//4746 4755//4755 4699//4699
f 4749//4749 4747//4747 4445//4445
f 4445//4445 4756//4756 4757//4757
f 4439//4439 4758//4758 4441//4441
f 4439//4439 4759//4759 4760//4760
f 4739//4739 4761//4761 4439//4439
f 4439//4439 4762//4762 4763//4763
f 4737//4737 4751//4751 4729//4729
f 4743//4743 4752//4752 4751//4751
f 4755//4755 4754//4754 4699//4699
f 4757//4757 4748//4748 4445//4445
f 4760//4760 4758//4758 4439//4439
f 4730//4730 4764//4764 4750//4750
f 4439//4439 4751//4751 4762//4762
f 4753//4753 4729//4729 4751//4751
f 4747//4747 4745//4745 4699//4699
f 4445//4445 4763//4763 4765//4765
f 4761//4761 4759//4759 4439//4439
f 4730//4730 4766//4766 4767//4767
f 4740//4740 4766//4766 4730//4730
f 4765//4765 4756//4756 4445//4445
f 4767//4767 4764//4764 4730//4730
f 4744//4744 4731//4731 4730//4730
f 4763//4763 4445//4445 4439//4439
f 4440//4440 4768//4768 4438//4438
f 4439//4439 4769//4769 4770//4770
f 4440//4440 4771//4771 4768//4768
f 4440//4440 4772//4772 4773//4773
f 4440//4440 4774//4774 4775//4775
f 4774//4774 4776//4776 4777//4777
f 4774//4774 4778//4778 4779//4779
f 4774//4774 4730//4730 4780//4780
f 4730//4730 4781//4781 4782//4782
f 4730//4730 4783//4783 4784//4784
f 4439//4439 4785//4785 4769//4769
f 4439//4439 4786//4786 4787//4787
f 4773//4773 4771//4771 4440//4440
f 4775//4775 4788//4788 4440//4440
f 4779//4779 4776//4776 4774//4774
f 4780//4780 4789//4789 4774//4774
f 4784//4784 4781//4781 4730//4730
f 4730//4730 4770//4770 4790//4790
f 4787//4787 4785//4785 4439//4439
f 4439//4439 4438//4438 4791//4791
f 4788//4788 4772//4772 4440//4440
f 4789//4789 4778//4778 4774//4774
f 4790//4790 4783//4783 4730//4730
f 4791//4791 4786//4786 4439//4439
f 4777//4777 4775//4775 4774//4774
f 4770//4770 4730//4730 4439//4439
f 4782//4782 4780//4780 4730//4730
f 4437//4437 4482//4482 4435//4435
f 4774//4774 4440//4440 4435//4435
f 4435//4435 4482//4482 4774//4774
f 4434//4434 4437//4437 4792//4792
f 4437//4437 4793//4793 4792//4792
f 4437//4437 4794//4794 4795//4795
f 4436//4436 4796//4796 4797//4797
f 4436//4436 4798//4798 4799//4799
f 4431//4431 4800//4800 4801//4801
f 4431//4431 4802//4802 4803//4803
f 4434//4434 4804//4804 4432//4432
f 4434//4434 4805//4805 4806//4806
f 4795//4795 4793//4793 4437//4437
f 4437//4437 4797//4797 4807//4807
f 4436//4436 4808//4808 4796//4796
f 4436//4436 4801//4801 4798//4798
f 4803//4803 4800//4800 4431//4431
f 4431//4431 4430//4430 4809//4809
f 4806//4806 4804//4804 4434//4434
f 4807//4807 4794//4794 4437//4437
f 4799//4799 4808//4808 4436//4436
f 4809//4809 4802//4802 4431//4431
f 4792//4792 4805//4805 4434//4434
f 4801//4801 4436//4436 4431//4431
f 4797//4797 4437//4437 4436//4436
f 4428//4428 4427//4427 4810//4810
f 4428//4428 4811//4811 4430//4430
f 4810//4810 4812//4812 4428//4428
f 4427//4427 4813//4813 4814//4814
f 4427//4427 4434//4434 4433//4433
f 4812//4812 4811//4811 4428//4428
f 4433//4433 4813//4813 4427//4427
f 4814//4814 4810//4810 4427//4427
f 4429//4429 4486//4486 4427//4427
f 4429//4429 4423//4423 4815//4815
f 4486//4486 4816//4816 4817//4817
f 4429//4429 4818//4818 4819//4819
f 4423//4423 4820//4820 4815//4815
f 4817//4817 4426//4426 4486//4486
f 4819//4819 4486//4486 4429//4429
f 4815//4815 4821//4821 4429//4429
f 4817//4817 4822//4822 4426//4426
f 4819//4819 4823//4823 4486//4486
f 4429//4429 4824//4824 4825//4825
f 4423//4423 4826//4826 4820//4820
f 4426//4426 4827//4827 4424//4424
f 4486//4486 4828//4828 4816//4816
f 4429//4429 4829//4829 4818//4818
f 4821//4821 4824//4824 4429//4429
f 4822//4822 4827//4827 4426//4426
f 4486//4486 4830//4830 4831//4831
f 4825//4825 4829//4829 4429//4429
f 4423//4423 4422//4422 4832//4832
f 4831//4831 4828//4828 4486//4486
f 4832//4832 4826//4826 4423//4423
f 4823//4823 4830//4830 4486//4486
f 4489//4489 4833//4833 4834//4834
f 4641//4641 4835//4835 4836//4836
f 4641//4641 4837//4837 4838//4838
f 4642//4642 4839//4839 4840//4840
f 4841//4841 4840//4840 4839//4839
f 4489//4489 4842//4842 4833//4833
f 4489//4489 4836//4836 4843//4843
f 4838//4838 4835//4835 4641//4641
f 4839//4839 4844//4844 4841//4841
f 4843//4843 4842//4842 4489//4489
f 4641//4641 4640//4640 4837//4837
f 4840//4840 4640//4640 4642//4642
f 4845//4845 4846//4846 4847//4847
f 4836//4836 4489//4489 4641//4641
f 4847//4847 4848//4848 4845//4845
f 4420//4420 4849//4849 4846//4846
f 4844//4844 4845//4845 4841//4841
f 4846//4846 4845//4845 4420//4420
f 4848//4848 4841//4841 4845//4845
f 4420//4420 4850//4850 4851//4851
f 4420//4420 4419//4419 4852//4852
f 4851//4851 4849//4849 4420//4420
f 4852//4852 4853//4853 4420//4420
f 4420//4420 4845//4845 4422//4422
f 4853//4853 4850//4850 4420//4420
f 4834//4834 4854//4854 4489//4489
f 4489//4489 4426//4426 4425//4425
f 4425//4425 4641//4641 4489//4489
f 4421//4421 4855//4855 4419//4419
f 4421//4421 4491//4491 4856//4856
f 4421//4421 4857//4857 4855//4855
f 4491//4491 4858//4858 4856//4856
f 4491//4491 4489//4489 4854//4854
f 4856//4856 4857//4857 4421//4421
f 4854//4854 4859//4859 4491//4491
f 4859//4859 4858//4858 4491//4491
f 4418//4418 4860//4860 4416//4416
f 4418//4418 4491//4491 4861//4861
f 4491//4491 4862//4862 4863//4863
f 4418//4418 4864//4864 4860//4860
f 4861//4861 4865//4865 4418//4418
f 4863//4863 4866//4866 4491//4491
f 4865//4865 4864//4864 4418//4418
f 4491//4491 4867//4867 4862//4862
f 4421//4421 4868//4868 4869//4869
f 4414//4414 4870//4870 4871//4871
f 4866//4866 4861//4861 4491//4491
f 4869//4869 4491//4491 4421//4421
f 4421//4421 4872//4872 4873//4873
f 4414//4414 4874//4874 4870//4870
f 4414//4414 4413//4413 4875//4875
f 4869//4869 4867//4867 4491//4491
f 4873//4873 4876//4876 4421//4421
f 4871//4871 4421//4421 4414//4414
f 4875//4875 4877//4877 4414//4414
f 4876//4876 4868//4868 4421//4421
f 4877//4877 4874//4874 4414//4414
f 4871//4871 4872//4872 4421//4421
f 4415//4415 4878//4878 4413//4413
f 4415//4415 4494//4494 4879//4879
f 4415//4415 4880//4880 4878//4878
f 4494//4494 4881//4881 4879//4879
f 4494//4494 4418//4418 4417//4417
f 4879//4879 4880//4880 4415//4415
f 4417//4417 4882//4882 4494//4494
f 4882//4882 4881//4881 4494//4494
f 4412//4412 4494//4494 4883//4883
f 4415//4415 4884//4884 4885//4885
f 4412//4412 4886//4886 4410//4410
f 4412//4412 4887//4887 4888//4888
f 4494//4494 4889//4889 4883//4883
f 4494//4494 4890//4890 4891//4891
f 4885//4885 4494//4494 4415//4415
f 4409//4409 4892//4892 4893//4893
f 4888//4888 4886//4886 4412//4412
f 4891//4891 4889//4889 4494//4494
f 4885//4885 4894//4894 4494//4494
f 4415//4415 4895//4895 4896//4896
f 4893//4893 4415//4415 4409//4409
f 4409//4409 4897//4897 4898//4898
f 4409//4409 4408//4408 4899//4899
f 4883//4883 4887//4887 4412//4412
f 4415//4415 4900//4900 4884//4884
f 4893//4893 4895//4895 4415//4415
f 4899//4899 4897//4897 4409//4409
f 4894//4894 4890//4890 4494//4494
f 4898//4898 4892//4892 4409//4409
f 4896//4896 4900//4900 4415//4415
f 4376//4376 4386//4386 4901//4901
f 4386//4386 4902//4902 4901//4901
f 4901//4901 4903//4903 4376//4376
f 4376//4376 4904//4904 4408//4408
f 4386//4386 4905//4905 4902//4902
f 4903//4903 4904//4904 4376//4376
f 4386//4386 4412//4412 4411//4411
f 4411//4411 4905//4905 4386//4386
f 4384//4384 4386//4386 4382//4382
f 4376//4376 4394//4394 4385//4385
f 5016//5016 5017//5017 5018//5018
f 5019//5019 5020//5020 5018//5018
f 5021//5021 5022//5022 5023//5023
f 5021//5021 5024//5024 5022//5022
f 5025//5025 5024//5024 5021//5021
f 5023//5023 5026//5026 5021//5021
f 5016//5016 5020//5020 5025//5025
f 5016//5016 5027//5027 5017//5017
f 5018//5018 5028//5028 5019//5019
f 5018//5018 5020//5020 5016//5016
f 5021//5021 5016//5016 5025//5025
f 4369//4369 4370//4370 4371//4371
f 4371//4371 4372//4372 4369//4369
f 4906//4906 4907//4907 4908//4908
f 4906//4906 4908//4908 4909//4909
f 4906//4906 4909//4909 4910//4910
f 4906//4906 4910//4910 4911//4911
f 4906//4906 4911//4911 4912//4912
f 4906//4906 4912//4912 4913//4913
f 4913//4913 4914//4914 4915//4915
f 4915//4915 4914//4914 4916//4916
f 4917//4917 4918//4918 4915//4915
f 4915//4915 4916//4916 4919//4919
f 4915//4915 4919//4919 4920//4920
f 4915//4915 4920//4920 4917//4917
f 4915//4915 4906//4906 4913//4913
f 4906//4906 4921//4921 4907//4907
f 5006//5006 5007//5007 5008//5008
f 5006//5006 5009//5009 5007//5007
f 5010//5010 5011//5011 5012//5012
f 5012//5012 5013//5013 5010//5010
f 5012//5012 5014//5014 5013//5013
f 5012//5012 5015//5015 5014//5014
f 5006//5006 5008//5008 5015//5015
f 5015//5015 5012//5012 5006//5006
f 4990//4990 4991//4991 4992//4992
f 4990//4990 4992//4992 4993//4993
f 4994//4994 4995//4995 4996//4996
f 4996//4996 4997//4997 4998//4998
f 4996//4996 4999//4999 4997//4997
f 4996//4996 4990//4990 4994//4994
f 4990//4990 4993//4993 4994//4994
f 4996//4996 4995//4995 4999//4999
f 4996//4996 4998//4998 5000//5000
f 4990//4990 5001//5001 4991//4991
f 4990//4990 5002//5002 5001//5001
f 4996//4996 5000//5000 5003//5003
f 4990//4990 5004//5004 5002//5002
f 5003//5003 5005//5005 4996//4996
f 4985//4985 4986//4986 4987//4987
f 4987//4987 4988//4988 4985//4985
f 4986//4986 4989//4989 4987//4987
f 4969//4969 4970//4970 4971//4971
f 4969//4969 4971//4971 4972//4972
f 4969//4969 4973//4973 4970//4970
f 4974//4974 4975//4975 4976//4976
f 4977//4977 4978//4978 4976//4976
f 4969//4969 4979//4979 4980//4980
f 4969//4969 4972//4972 4981//4981
f 4969//4969 4980//4980 4973//4973
f 4976//4976 4982//4982 4983//4983
f 4976//4976 4983//4983 4977//4977
f 4976//4976 4984//4984 4982//4982
f 4976//4976 4975//4975 4984//4984
f 4976//4976 4969//4969 4974//4974
f 4969//4969 4981//4981 4974//4974
f 4965//4965 4966//4966 4967//4967
f 4967//4967 4968//4968 4965//4965
f 4954//4954 4955//4955 4956//4956
f 4957//4957 4958//4958 4959//4959
f 4956//4956 4957//4957 4959//4959
f 4959//4959 4960//4960 4956//4956
f 4957//4957 4961//4961 4962//4962
f 4956//4956 4960//4960 4963//4963
f 4956//4956 4963//4963 4954//4954
f 4957//4957 4964//4964 4958//4958
f 4957//4957 4962//4962 4964//4964
f 4950//4950 4951//4951 4952//4952
f 4952//4952 4953//4953 4950//4950
f 4946//4946 4947//4947 4948//4948
f 4948//4948 4949//4949 4946//4946
f 4930//4930 4931//4931 4932//4932
f 4933//4933 4934//4934 4935//4935
f 4930//4930 4936//4936 4937//4937
f 4930//4930 4937//4937 4938//4938
f 4935//4935 4939//4939 4933//4933
f 4935//4935 4940//4940 4939//4939
f 4935//4935 4941//4941 4940//4940
f 4935//4935 4942//4942 4941//4941
f 4935//4935 4943//4943 4942//4942
f 4935//4935 4930//4930 4944//4944
f 4944//4944 4943//4943 4935//4935
f 4930//4930 4945//4945 4944//4944
f 4930//4930 4938//4938 4945//4945
f 4930//4930 4932//4932 4936//4936
f 4926//4926 4927//4927 4928//4928
f 4928//4928 4929//4929 4926//4926
f 4922//4922 4923//4923 4924//4924
f 4924//4924 4925//4925 4922//4922
v 0.035499 0.049359 0.016779
v 0.035461 0.049502 0.016542
v 0.034586 0.04914 0.016542
v 0.034524 0.049247 0.016
v 0.03454 0.04922 0.016278
v 0.035437 0.049591 0.016278
v 0.035429 0.049622 0.016
v 0.0364 0.049718 0.016278
v 0.033259 0.047813 0.016542
v 0.033179 0.047859 0.016278
v 0.032808 0.046962 0.016278
v 0.033835 0.048564 0.016542
v 0.03377 0.048629 0.016278
v 0.0364 0.049626 0.016542
v 0.032777 0.04697 0.016
v 0.03265 0.046 0.016
v 0.033152 0.047874 0.016
v 0.033748 0.048651 0.016
v 0.033388 0.047738 0.016779
v 0.033559 0.047639 0.016977
v 0.03408 0.048319 0.016977
v 0.0364 0.04975 0.016
v 0.032897 0.046938 0.016542
v 0.032681 0.046 0.016278
v 0.0364 0.049477 0.016779
v 0.034661 0.049011 0.016779
v 0.033941 0.048458 0.016779
v 0.03304 0.0469 0.016779
v 0.032773 0.046 0.016542
v 0.0364 0.049279 0.016977
v 0.035551 0.049167 0.016977
v 0.03476 0.04884 0.016977
v 0.033232 0.046848 0.016977
v 0.032922 0.046 0.016779
v 0.0364 0.049042 0.017126
v 0.035612 0.048939 0.017126
v 0.034878 0.048635 0.017126
v 0.034248 0.048151 0.017126
v 0.033764 0.047521 0.017126
v 0.03346 0.046787 0.017126
v 0.03312 0.046 0.016977
v 0.0364 0.048778 0.017218
v 0.03568 0.048684 0.017218
v 0.03501 0.048406 0.017218
v 0.034435 0.047964 0.017218
v 0.033993 0.047389 0.017218
v 0.033715 0.046719 0.017218
v 0.033357 0.046 0.017126
v 0.0364 0.0485 0.017249
v 0.035752 0.048415 0.017249
v 0.035149 0.048165 0.017249
v 0.034631 0.047768 0.017249
v 0.034234 0.04725 0.017249
v 0.033984 0.046647 0.017249
v 0.033621 0.046 0.017218
v 0.033899 0.046 0.017249
v 0.035612 0.048939 0.014873
v 0.035551 0.049167 0.015022
v 0.0364 0.049279 0.015022
v 0.033621 0.046 0.014781
v 0.033357 0.046 0.014873
v 0.03346 0.046787 0.014873
v 0.033715 0.046719 0.014781
v 0.033764 0.047521 0.014873
v 0.033993 0.047389 0.014781
v 0.034248 0.048151 0.014873
v 0.034435 0.047964 0.014781
v 0.034878 0.048635 0.014873
v 0.03501 0.048406 0.014781
v 0.03568 0.048684 0.014781
v 0.0364 0.049042 0.014873
v 0.033899 0.046 0.01475
v 0.033984 0.046647 0.01475
v 0.034234 0.04725 0.01475
v 0.034631 0.047768 0.01475
v 0.035149 0.048165 0.01475
v 0.035752 0.048415 0.01475
v 0.0364 0.048778 0.014781
v 0.034524 0.049247 0.015999
v 0.03454 0.04922 0.015721
v 0.03377 0.048629 0.015721
v 0.0364 0.0485 0.01475
v 0.03476 0.04884 0.015022
v 0.03408 0.048319 0.015022
v 0.033559 0.047639 0.015022
v 0.033232 0.046848 0.015022
v 0.0364 0.049477 0.01522
v 0.035499 0.049359 0.01522
v 0.034661 0.049011 0.01522
v 0.033941 0.048458 0.01522
v 0.033388 0.047738 0.01522
v 0.03304 0.0469 0.01522
v 0.03312 0.046 0.015022
v 0.0364 0.049626 0.015457
v 0.035461 0.049502 0.015457
v 0.034586 0.04914 0.015457
v 0.033835 0.048564 0.015457
v 0.033259 0.047813 0.015457
v 0.032897 0.046938 0.015457
v 0.032922 0.046 0.01522
v 0.0364 0.049718 0.015721
v 0.035437 0.049591 0.015721
v 0.033179 0.047859 0.015721
v 0.032808 0.046962 0.015721
v 0.032773 0.046 0.015457
v 0.0364 0.04975 0.015999
v 0.035429 0.049622 0.015999
v 0.033748 0.048651 0.015999
v 0.033152 0.047874 0.015999
v 0.032777 0.04697 0.015999
v 0.032681 0.046 0.015721
v 0.03265 0.046 0.015999
v 0.0339 0.046 0.017249
v 0.034783 0.046 0.015116
v 0.034982 0.046 0.015375
v 0.035107 0.046 0.015676
v 0.035149 0.046 0.016
v 0.034982 0.046 0.016625
v 0.034783 0.046 0.016883
v 0.033621 0.046 0.017218
v 0.033357 0.046 0.017126
v 0.033899 0.046 0.01475
v 0.032773 0.046 0.016542
v 0.032681 0.046 0.016278
v 0.032681 0.046 0.015721
v 0.032773 0.046 0.015457
v 0.03265 0.046 0.016
v 0.0339 0.046 0.01475
v 0.034223 0.046 0.014792
v 0.035107 0.046 0.016323
v 0.034524 0.046 0.017082
v 0.033899 0.046 0.017249
v 0.03312 0.046 0.016977
v 0.03265 0.046 0.015999
v 0.033357 0.046 0.014873
v 0.033621 0.046 0.014781
v 0.032922 0.046 0.016779
v 0.03312 0.046 0.015022
v 0.032922 0.046 0.01522
v 0.034524 0.046 0.014917
v 0.034223 0.046 0.017207
v 0.0364 0.04975 0.016
v 0.0364 0.04975 0.015999
v 0.035429 0.049622 0.015999
v 0.035429 0.049622 0.016
v 0.034524 0.049247 0.015999
v 0.034524 0.049247 0.016
v 0.033748 0.048651 0.015999
v 0.033748 0.048651 0.016
v 0.033152 0.047874 0.015999
v 0.033152 0.047874 0.016
v 0.032777 0.04697 0.015999
v 0.032777 0.04697 0.016
v 0.03265 0.046 0.015999
v 0.03265 0.046 0.016
v 0.0364 0.047417 0.016625
v 0.0364 0.047292 0.016323
v 0.0364 0.0485 0.01475
v 0.0364 0.0485 0.017249
v 0.0364 0.049626 0.015457
v 0.0364 0.049718 0.015721
v 0.0364 0.0485 0.01475
v 0.0364 0.048778 0.014781
v 0.0364 0.047292 0.015676
v 0.0364 0.047417 0.015375
v 0.0364 0.047616 0.015116
v 0.0364 0.047874 0.017082
v 0.0364 0.047616 0.016883
v 0.0364 0.04975 0.015999
v 0.0364 0.04975 0.016
v 0.0364 0.049279 0.015022
v 0.0364 0.049477 0.01522
v 0.0364 0.047249 0.016
v 0.0364 0.0485 0.017249
v 0.0364 0.048778 0.017218
v 0.0364 0.049626 0.016542
v 0.0364 0.049042 0.017126
v 0.0364 0.049477 0.016779
v 0.0364 0.049279 0.016977
v 0.0364 0.049042 0.014873
v 0.0364 0.047874 0.014917
v 0.0364 0.048176 0.014792
v 0.0364 0.048176 0.017207
v 0.0364 0.049718 0.016278
v 0.034234 0.04725 0.01475
v 0.034631 0.047768 0.01475
v 0.034632 0.047767 0.01475
v 0.034234 0.047249 0.01475
v 0.033985 0.046647 0.01475
v 0.033984 0.046647 0.01475
v 0.0364 0.0485 0.01475
v 0.0364 0.0485 0.01475
v 0.035752 0.048414 0.01475
v 0.035752 0.048415 0.01475
v 0.035149 0.048165 0.01475
v 0.0339 0.046 0.01475
v 0.033899 0.046 0.01475
v 0.035149 0.048165 0.01475
v 0.0364 0.0485 0.017249
v 0.035752 0.048415 0.017249
v 0.035752 0.048414 0.017249
v 0.035149 0.048165 0.017249
v 0.035149 0.048165 0.017249
v 0.033984 0.046647 0.017249
v 0.033985 0.046647 0.017249
v 0.034234 0.047249 0.017249
v 0.033899 0.046 0.017249
v 0.0339 0.046 0.017249
v 0.034631 0.047768 0.017249
v 0.034632 0.047767 0.017249
v 0.034234 0.04725 0.017249
v 0.0364 0.0485 0.017249
v 0.035836 0.048102 0.014792
v 0.035914 0.047811 0.014917
v 0.035462 0.047623 0.014917
v 0.035311 0.047884 0.014792
v 0.035074 0.047325 0.014917
v 0.03486 0.047538 0.014792
v 0.034776 0.046937 0.014917
v 0.034515 0.047088 0.014792
v 0.034588 0.046485 0.014917
v 0.034297 0.046563 0.014792
v 0.034524 0.046 0.014917
v 0.0364 0.0485 0.01475
v 0.0364 0.048176 0.014792
v 0.035752 0.048414 0.01475
v 0.035149 0.048165 0.01475
v 0.034632 0.047767 0.01475
v 0.034234 0.047249 0.01475
v 0.033985 0.046647 0.01475
v 0.034223 0.046 0.014792
v 0.0339 0.046 0.01475
v 0.034783 0.046 0.015116
v 0.034838 0.046418 0.015116
v 0.035 0.046808 0.015116
v 0.035257 0.047142 0.015116
v 0.035591 0.047399 0.015116
v 0.035981 0.047561 0.015116
v 0.0364 0.047874 0.014917
v 0.034982 0.046 0.015375
v 0.03503 0.046366 0.015375
v 0.035172 0.046708 0.015375
v 0.035397 0.047002 0.015375
v 0.035691 0.047227 0.015375
v 0.036033 0.047369 0.015375
v 0.0364 0.047616 0.015116
v 0.035107 0.046 0.015676
v 0.035151 0.046334 0.015676
v 0.03528 0.046646 0.015676
v 0.035485 0.046914 0.015676
v 0.035753 0.047119 0.015676
v 0.036065 0.047248 0.015676
v 0.0364 0.047417 0.015375
v 0.035149 0.046 0.016
v 0.035192 0.046323 0.016
v 0.035317 0.046624 0.016
v 0.035516 0.046883 0.016
v 0.035774 0.047082 0.016
v 0.0364 0.047292 0.015676
v 0.0364 0.047249 0.016
v 0.036076 0.047207 0.016
v 0.0364 0.048176 0.017207
v 0.0364 0.0485 0.017249
v 0.035752 0.048414 0.017249
v 0.035836 0.048102 0.017207
v 0.035149 0.048165 0.017249
v 0.035311 0.047884 0.017207
v 0.034632 0.047767 0.017249
v 0.03486 0.047538 0.017207
v 0.034234 0.047249 0.017249
v 0.034515 0.047088 0.017207
v 0.033985 0.046647 0.017249
v 0.034297 0.046563 0.017207
v 0.0339 0.046 0.017249
v 0.0364 0.047874 0.017082
v 0.035914 0.047811 0.017082
v 0.035462 0.047623 0.017082
v 0.035074 0.047325 0.017082
v 0.034776 0.046937 0.017082
v 0.034588 0.046485 0.017082
v 0.034223 0.046 0.017207
v 0.0364 0.047616 0.016883
v 0.035981 0.047561 0.016883
v 0.035591 0.047399 0.016883
v 0.035257 0.047142 0.016883
v 0.035 0.046808 0.016883
v 0.034838 0.046418 0.016883
v 0.034524 0.046 0.017082
v 0.0364 0.047417 0.016625
v 0.036033 0.047369 0.016625
v 0.035691 0.047227 0.016625
v 0.035397 0.047002 0.016625
v 0.035172 0.046708 0.016625
v 0.03503 0.046366 0.016625
v 0.034783 0.046 0.016883
v 0.0364 0.047292 0.016323
v 0.036065 0.047248 0.016323
v 0.035753 0.047119 0.016323
v 0.035485 0.046914 0.016323
v 0.03528 0.046646 0.016323
v 0.035151 0.046334 0.016323
v 0.034982 0.046 0.016625
v 0.0364 0.047249 0.016
v 0.036076 0.047207 0.016
v 0.035774 0.047082 0.016
v 0.035516 0.046883 0.016
v 0.035317 0.046624 0.016
v 0.035192 0.046323 0.016
v 0.035107 0.046 0.016323
v 0.035149 0.046 0.016
vn -0.202352 0.755191 0.623489
vn -0.233187 0.870269 0.433883
vn -0.450484 0.780261 0.433883
vn -0.5 0.866025 0
vn -0.487463 0.844312 0.22252
vn -0.252329 0.941708 0.22252
vn -0.258819 0.965925 0
vn 0 0.974927 0.22252
vn -0.780261 0.450484 0.433883
vn -0.844312 0.487463 0.22252
vn -0.941708 0.252329 0.22252
vn -0.637081 0.637081 0.433883
vn -0.689378 0.689378 0.22252
vn 0 0.900968 0.433883
vn -0.965925 0.258819 0
vn -1 0 0
vn -0.866025 0.5 0
vn -0.707106 0.707106 0
vn -0.677085 0.390915 0.623489
vn -0.539958 0.311744 0.781831
vn -0.440873 0.440873 0.781831
vn 0 1 0
vn -0.870269 0.233187 0.433883
vn -0.974927 0 0.22252
vn 0 0.781831 0.623489
vn -0.390915 0.677085 0.623489
vn -0.552838 0.552838 0.623489
vn -0.755191 0.202352 0.623489
vn -0.900968 0 0.433883
vn 0 0.623489 0.781831
vn -0.161371 0.602244 0.781831
vn -0.311744 0.539958 0.781831
vn -0.602244 0.161371 0.781831
vn -0.781831 0 0.623489
vn 0 0.433883 0.900968
vn -0.112297 0.419099 0.900968
vn -0.216941 0.375754 0.900968
vn -0.306802 0.306802 0.900968
vn -0.375754 0.216941 0.900968
vn -0.419099 0.112297 0.900968
vn -0.623489 0 0.781831
vn 0 0.22252 0.974927
vn -0.057592 0.214938 0.974927
vn -0.11126 0.192708 0.974927
vn -0.157346 0.157346 0.974927
vn -0.192708 0.11126 0.974927
vn -0.214938 0.057592 0.974927
vn -0.433883 0 0.900968
vn -0 -0 1
vn -0 -0 1
vn -0 -0 1
vn -0 -0 1
vn -0 -0 1
vn -0 -0 1
vn -0.22252 0 0.974927
vn -0 -0 1
vn -0.112297 0.419099 -0.900968
vn -0.161371 0.602244 -0.781831
vn 0 0.623489 -0.781831
vn -0.22252 0 -0.974927
vn -0.433883 0 -0.900968
vn -0.419099 0.112297 -0.900968
vn -0.214938 0.057592 -0.974927
vn -0.375754 0.216941 -0.900968
vn -0.192708 0.11126 -0.974927
vn -0.306802 0.306802 -0.900968
vn -0.157346 0.157346 -0.974927
vn -0.216941 0.375754 -0.900968
vn -0.11126 0.192708 -0.974927
vn -0.057592 0.214938 -0.974927
vn 0 0.433883 -0.900968
vn 0 -0 -1
vn 0 -0 -1
vn 0 -0 -1
vn 0 -0 -1
vn -0 -0 -1
vn -0 -0 -1
vn 0 0.22252 -0.974927
vn -0.5 0.866025 0
vn -0.487463 0.844312 -0.22252
vn -0.689378 0.689378 -0.22252
vn -0 -0 -1
vn -0.311744 0.539958 -0.781831
vn -0.440873 0.440873 -0.781831
vn -0.539958 0.311744 -0.781831
vn -0.602244 0.161371 -0.781831
vn 0 0.781831 -0.623489
vn -0.202352 0.755191 -0.623489
vn -0.390915 0.677085 -0.623489
vn -0.552838 0.552838 -0.623489
vn -0.677085 0.390915 -0.623489
vn -0.755191 0.202352 -0.623489
vn -0.623489 0 -0.781831
vn 0 0.900968 -0.433883
vn -0.233187 0.870269 -0.433883
vn -0.450484 0.780261 -0.433883
vn -0.637081 0.637081 -0.433883
vn -0.780261 0.450484 -0.433883
vn -0.870269 0.233187 -0.433883
vn -0.781831 0 -0.623489
vn 0 0.974927 -0.22252
vn -0.252329 0.941708 -0.22252
vn -0.844312 0.487463 -0.22252
vn -0.941708 0.252329 -0.22252
vn -0.900968 0 -0.433883
vn 0 1 0
vn -0.258819 0.965925 0
vn -0.707106 0.707106 0
vn -0.866025 0.5 0
vn -0.965925 0.258819 0
vn -0.974927 0 -0.22252
vn -1 0 0
vn 0 -1 0
vn 0 -1 0
vn 0 -1 0
vn 0 -1 0
vn 0 -1 0
vn 0 -1 0
vn 0 -1 0
vn 0 -1 0
vn 0 -1 0
vn 0 -1 0
vn 0 -1 0
vn 0 -1 0
vn 0 -1 0
vn 0 -1 0
vn 0 -1 0
vn 0 -1 0
vn 0 -1 0
vn 0 -1 0
vn 0 -1 0
vn 0 -1 0
vn 0 -1 0
vn 0 -1 0
vn 0 -1 0
vn 0 -1 0
vn 0 -1 0
vn 0 -1 0
vn 0 -1 0
vn 0 -1 0
vn 0 -1 0
vn 0 1 0
vn 0 1 0
vn -0.258819 0.965925 0
vn -0.258819 0.965925 0
vn -0.5 0.866025 0
vn -0.5 0.866025 0
vn -0.707106 0.707106 0
vn -0.707106 0.707106 0
vn -0.866025 0.5 0
vn -0.866025 0.5 0
vn -0.965925 0.258819 0
vn -0.965925 0.258819 0
vn -1 0 0
vn -1 0 0
vn 1 0 0
vn 1 0 0
vn 1 0 0
vn 1 0 0
vn 1 0 0
vn 1 0 0
vn 1 0 0
vn 1 0 0
vn 1 0 0
vn 1 0 0
vn 1 0 0
vn 1 0 0
vn 1 0 0
vn 1 0 0
vn 1 0 0
vn 1 0 0
vn 1 0 0
vn 1 0 0
vn 1 0 0
vn 1 0 0
vn 1 0 0
vn 1 0 0
vn 1 0 0
vn 1 0 0
vn 1 0 0
vn 1 0 0
vn 1 0 0
vn 1 0 0
vn 1 0 0
vn 0 0 -1
vn 0 0 -1
vn 0 0 -1
vn 0 0 -1
vn 0 0 -1
vn 0 0 -1
vn 0 0 -1
vn 0 0 -1
vn 0 0 -1
vn 0 0 -1
vn 0 0 -1
vn 0 0 -1
vn 0 0 -1
vn 0 0 -1
vn 0 0 1
vn 0 0 1
vn 0 0 1
vn 0 0 1
vn 0 0 1
vn 0 0 1
vn 0 0 1
vn 0 0 1
vn 0 0 1
vn 0 0 1
vn 0 0 1
vn 0 0 1
vn 0 0 1
vn 0 0 1
vn 0.066987 -0.25 -0.965925
vn 0.129409 -0.482962 -0.866025
vn 0.25 -0.433012 -0.866025
vn 0.129409 -0.224143 -0.965925
vn 0.353553 -0.353553 -0.866025
vn 0.183012 -0.183012 -0.965925
vn 0.433012 -0.25 -0.866025
vn 0.224143 -0.129409 -0.965925
vn 0.482962 -0.129409 -0.866025
vn 0.25 -0.066987 -0.965925
vn 0.5 -0 -0.866025
vn -0 -0 -1
vn -0 -0.258819 -0.965925
vn -0 -0 -1
vn -0 -0 -1
vn -0 -0 -1
vn -0 -0 -1
vn -0 -0 -1
vn 0.258819 -0 -0.965925
vn -0 -0 -1
vn 0.707106 -0 -0.707106
vn 0.683012 -0.183012 -0.707106
vn 0.612372 -0.353553 -0.707106
vn 0.5 -0.5 -0.707106
vn 0.353553 -0.612372 -0.707106
vn 0.183012 -0.683012 -0.707106
vn -0 -0.5 -0.866025
vn 0.866025 -0 -0.5
vn 0.836516 -0.224143 -0.5
vn 0.75 -0.433012 -0.5
vn 0.612372 -0.612372 -0.5
vn 0.433012 -0.75 -0.5
vn 0.224143 -0.836516 -0.5
vn -0 -0.707106 -0.707106
vn 0.965925 -0 -0.258819
vn 0.933012 -0.25 -0.258819
vn 0.836516 -0.482962 -0.258819
vn 0.683012 -0.683012 -0.258819
vn 0.482962 -0.836516 -0.258819
vn 0.25 -0.933012 -0.258819
vn -0 -0.866025 -0.5
vn 1 -0 -0
vn 0.965925 -0.258819 -0
vn 0.866025 -0.5 -0
vn 0.707106 -0.707106 -0
vn 0.5 -0.866025 -0
vn -0 -0.965925 -0.258819
vn -0 -1 -0
vn 0.258819 -0.965925 -0
vn -0 -0.258819 0.965925
vn 0 0 1
vn 0 0 1
vn 0.066987 -0.25 0.965925
vn 0 -0 1
vn 0.129409 -0.224143 0.965925
vn 0 -0 1
vn 0.183012 -0.183012 0.965925
vn 0 -0 1
vn 0.224143 -0.129409 0.965925
vn 0 -0 1
vn 0.25 -0.066987 0.965925
vn 0 -0 1
vn -0 -0.5 0.866025
vn 0.129409 -0.482962 0.866025
vn 0.25 -0.433012 0.866025
vn 0.353553 -0.353553 0.866025
vn 0.433012 -0.25 0.866025
vn 0.482962 -0.129409 0.866025
vn 0.258819 -0 0.965925
vn -0 -0.707106 0.707106
vn 0.183012 -0.683012 0.707106
vn 0.353553 -0.612372 0.707106
vn 0.5 -0.5 0.707106
vn 0.612372 -0.353553 0.707106
vn 0.683012 -0.183012 0.707106
vn 0.5 -0 0.866025
vn -0 -0.866025 0.5
vn 0.224143 -0.836516 0.5
vn 0.433012 -0.75 0.5
vn 0.612372 -0.612372 0.5
vn 0.75 -0.433012 0.5
vn 0.836516 -0.224143 0.5
vn 0.707106 -0 0.707106
vn -0 -0.965925 0.258819
vn 0.25 -0.933012 0.258819
vn 0.482962 -0.836516 0.258819
vn 0.683012 -0.683012 0.258819
vn 0.836516 -0.482962 0.258819
vn 0.933012 -0.25 0.258819
vn 0.866025 -0 0.5
vn -0 -1 0
vn 0.258819 -0.965925 0
vn 0.5 -0.866025 0
vn 0.707106 -0.707106 0
vn 0.866025 -0.5 0
vn 0.965925 -0.258819 0
vn 0.965925 -0 0.258819
vn 1 -0 0
usemtl App7
f 6498//6498 6499//6499 6500//6500
f 6501//6501 6500//6500 6502//6502
f 6503//6503 6502//6502 6504//6504
f 6505//6505 6504//6504 6506//6506
f 6507//6507 6506//6506 6508//6508
f 6509//6509 6508//6508 6510//6510
f 6510//6510 6511//6511 6509//6509
f 6508//6508 6509//6509 6507//6507
f 6506//6506 6507//6507 6505//6505
f 6504//6504 6505//6505 6503//6503
f 6502//6502 6503//6503 6501//6501
f 6500//6500 6501//6501 6498//6498
f 6512//6512 6513//6513 6514//6514
f 6515//6515 6516//6516 6517//6517
f 6515//6515 6518//6518 6519//6519
f 6520//6520 6521//6521 6522//6522
f 6523//6523 6524//6524 6514//6514
f 6515//6515 6525//6525 6526//6526
f 6515//6515 6527//6527 6528//6528
f 6528//6528 6516//6516 6515//6515
f 6513//6513 6529//6529 6514//6514
f 6517//6517 6525//6525 6515//6515
f 6514//6514 6515//6515 6530//6530
f 6515//6515 6514//6514 6518//6518
f 6531//6531 6515//6515 6532//6532
f 6532//6532 6533//6533 6531//6531
f 6532//6532 6534//6534 6535//6535
f 6515//6515 6536//6536 6527//6527
f 6529//6529 6537//6537 6538//6538
f 6514//6514 6524//6524 6512//6512
f 6514//6514 6530//6530 6539//6539
f 6535//6535 6533//6533 6532//6532
f 6515//6515 6526//6526 6540//6540
f 6515//6515 6519//6519 6536//6536
f 6529//6529 6522//6522 6537//6537
f 6522//6522 6529//6529 6520//6520
f 6538//6538 6514//6514 6529//6529
f 6539//6539 6523//6523 6514//6514
f 6540//6540 6532//6532 6515//6515
f 6541//6541 6542//6542 6543//6543
f 6544//6544 6545//6545 6546//6546
f 6547//6547 6548//6548 6549//6549
f 6550//6550 6549//6549 6551//6551
f 6546//6546 6541//6541 6544//6544
f 6545//6545 6552//6552 6553//6553
f 6551//6551 6543//6543 6542//6542
f 6551//6551 6554//6554 6550//6550
f 6543//6543 6544//6544 6541//6541
f 6549//6549 6550//6550 6547//6547
f 6553//6553 6546//6546 6545//6545
f 6542//6542 6554//6554 6551//6551
f 6555//6555 6556//6556 6557//6557
f 6556//6556 6558//6558 6559//6559
f 6560//6560 6561//6561 6562//6562
f 6563//6563 6564//6564 6561//6561
f 6559//6559 6557//6557 6556//6556
f 6565//6565 6566//6566 6559//6559
f 6567//6567 6562//6562 6566//6566
f 6561//6561 6560//6560 6563//6563
f 6559//6559 6558//6558 6565//6565
f 6562//6562 6567//6567 6560//6560
f 6566//6566 6565//6565 6567//6567
f 6557//6557 6568//6568 6555//6555
v 0.035499 0.049359 0.016779
v 0.035461 0.049502 0.016542
v 0.034586 0.04914 0.016542
v 0.034524 0.049247 0.016
v 0.03454 0.04922 0.016278
v 0.035437 0.049591 0.016278
v 0.035429 0.049622 0.016
v 0.0364 0.049718 0.016278
v 0.033259 0.047813 0.016542
v 0.033179 0.047859 0.016278
v 0.032808 0.046962 0.016278
v 0.033835 0.048564 0.016542
v 0.03377 0.048629 0.016278
v 0.0364 0.049626 0.016542
v 0.032777 0.04697 0.016
v 0.03265 0.046 0.016
v 0.033152 0.047874 0.016
v 0.033748 0.048651 0.016
v 0.033388 0.047738 0.016779
v 0.033559 0.047639 0.016977
v 0.03408 0.048319 0.016977
v 0.0364 0.04975 0.016
v 0.032897 0.046938 0.016542
v 0.032681 0.046 0.016278
v 0.0364 0.049477 0.016779
v 0.034661 0.049011 0.016779
v 0.033941 0.048458 0.016779
v 0.03304 0.0469 0.016779
v 0.032773 0.046 0.016542
v 0.0364 0.049279 0.016977
v 0.035551 0.049167 0.016977
v 0.03476 0.04884 0.016977
v 0.033232 0.046848 0.016977
v 0.032922 0.046 0.016779
v 0.0364 0.049042 0.017126
v 0.035612 0.048939 0.017126
v 0.034878 0.048635 0.017126
v 0.034248 0.048151 0.017126
v 0.033764 0.047521 0.017126
v 0.03346 0.046787 0.017126
v 0.03312 0.046 0.016977
v 0.0364 0.048778 0.017218
v 0.03568 0.048684 0.017218
v 0.03501 0.048406 0.017218
v 0.034435 0.047964 0.017218
v 0.033993 0.047389 0.017218
v 0.033715 0.046719 0.017218
v 0.033357 0.046 0.017126
v 0.0364 0.0485 0.017249
v 0.035752 0.048415 0.017249
v 0.035149 0.048165 0.017249
v 0.034631 0.047768 0.017249
v 0.034234 0.04725 0.017249
v 0.033984 0.046647 0.017249
v 0.033621 0.046 0.017218
v 0.033899 0.046 0.017249
v 0.035612 0.048939 0.014873
v 0.035551 0.049167 0.015022
v 0.0364 0.049279 0.015022
v 0.033621 0.046 0.014781
v 0.033357 0.046 0.014873
v 0.03346 0.046787 0.014873
v 0.033715 0.046719 0.014781
v 0.033764 0.047521 0.014873
v 0.033993 0.047389 0.014781
v 0.034248 0.048151 0.014873
v 0.034435 0.047964 0.014781
v 0.034878 0.048635 0.014873
v 0.03501 0.048406 0.014781
v 0.03568 0.048684 0.014781
v 0.0364 0.049042 0.014873
v 0.033899 0.046 0.01475
v 0.033984 0.046647 0.01475
v 0.034234 0.04725 0.01475
v 0.034631 0.047768 0.01475
v 0.035149 0.048165 0.01475
v 0.035752 0.048415 0.01475
v 0.0364 0.048778 0.014781
v 0.034524 0.049247 0.015999
v 0.03454 0.04922 0.015721
v 0.03377 0.048629 0.015721
v 0.0364 0.0485 0.01475
v 0.03476 0.04884 0.015022
v 0.03408 0.048319 0.015022
v 0.033559 0.047639 0.015022
v 0.033232 0.046848 0.015022
v 0.0364 0.049477 0.01522
v 0.035499 0.049359 0.01522
v 0.034661 0.049011 0.01522
v 0.033941 0.048458 0.01522
v 0.033388 0.047738 0.01522
v 0.03304 0.0469 0.01522
v 0.03312 0.046 0.015022
v 0.0364 0.049626 0.015457
v 0.035461 0.049502 0.015457
v 0.034586 0.04914 0.015457
v 0.033835 0.048564 0.015457
v 0.033259 0.047813 0.015457
v 0.032897 0.046938 0.015457
v 0.032922 0.046 0.01522
v 0.0364 0.049718 0.015721
v 0.035437 0.049591 0.015721
v 0.033179 0.047859 0.015721
v 0.032808 0.046962 0.015721
v 0.032773 0.046 0.015457
v 0.0364 0.04975 0.015999
v 0.035429 0.049622 0.015999
v 0.033748 0.048651 0.015999
v 0.033152 0.047874 0.015999
v 0.032777 0.04697 0.015999
v 0.032681 0.046 0.015721
v 0.03265 0.046 0.015999
v 0.0339 0.046 0.017249
v 0.034783 0.046 0.015116
v 0.034982 0.046 0.015375
v 0.035107 0.046 0.015676
v 0.035149 0.046 0.016
v 0.034982 0.046 0.016625
v 0.034783 0.046 0.016883
v 0.033621 0.046 0.017218
v 0.033357 0.046 0.017126
v 0.033899 0.046 0.01475
v 0.032773 0.046 0.016542
v 0.032681 0.046 0.016278
v 0.032681 0.046 0.015721
v 0.032773 0.046 0.015457
v 0.03265 0.046 0.016
v 0.0339 0.046 0.01475
v 0.034223 0.046 0.014792
v 0.035107 0.046 0.016323
v 0.034524 0.046 0.017082
v 0.033899 0.046 0.017249
v 0.03312 0.046 0.016977
v 0.03265 0.046 0.015999
v 0.033357 0.046 0.014873
v 0.033621 0.046 0.014781
v 0.032922 0.046 0.016779
v 0.03312 0.046 0.015022
v 0.032922 0.046 0.01522
v 0.034524 0.046 0.014917
v 0.034223 0.046 0.017207
v 0.0364 0.04975 0.016
v 0.0364 0.04975 0.015999
v 0.035429 0.049622 0.015999
v 0.035429 0.049622 0.016
v 0.034524 0.049247 0.015999
v 0.034524 0.049247 0.016
v 0.033748 0.048651 0.015999
v 0.033748 0.048651 0.016
v 0.033152 0.047874 0.015999
v 0.033152 0.047874 0.016
v 0.032777 0.04697 0.015999
v 0.032777 0.04697 0.016
v 0.03265 0.046 0.015999
v 0.03265 0.046 0.016
v 0.0364 0.047417 0.016625
v 0.0364 0.047292 0.016323
v 0.0364 0.0485 0.01475
v 0.0364 0.0485 0.017249
v 0.0364 0.049626 0.015457
v 0.0364 0.049718 0.015721
v 0.0364 0.0485 0.01475
v 0.0364 0.048778 0.014781
v 0.0364 0.047292 0.015676
v 0.0364 0.047417 0.015375
v 0.0364 0.047616 0.015116
v 0.0364 0.047874 0.017082
v 0.0364 0.047616 0.016883
v 0.0364 0.04975 0.015999
v 0.0364 0.04975 0.016
v 0.0364 0.049279 0.015022
v 0.0364 0.049477 0.01522
v 0.0364 0.047249 0.016
v 0.0364 0.0485 0.017249
v 0.0364 0.048778 0.017218
v 0.0364 0.049626 0.016542
v 0.0364 0.049042 0.017126
v 0.0364 0.049477 0.016779
v 0.0364 0.049279 0.016977
v 0.0364 0.049042 0.014873
v 0.0364 0.047874 0.014917
v 0.0364 0.048176 0.014792
v 0.0364 0.048176 0.017207
v 0.0364 0.049718 0.016278
v 0.034234 0.04725 0.01475
v 0.034631 0.047768 0.01475
v 0.034632 0.047767 0.01475
v 0.034234 0.047249 0.01475
v 0.033985 0.046647 0.01475
v 0.033984 0.046647 0.01475
v 0.0364 0.0485 0.01475
v 0.0364 0.0485 0.01475
v 0.035752 0.048414 0.01475
v 0.035752 0.048415 0.01475
v 0.035149 0.048165 0.01475
v 0.0339 0.046 0.01475
v 0.033899 0.046 0.01475
v 0.035149 0.048165 0.01475
v 0.0364 0.0485 0.017249
v 0.035752 0.048415 0.017249
v 0.035752 0.048414 0.017249
v 0.035149 0.048165 0.017249
v 0.035149 0.048165 0.017249
v 0.033984 0.046647 0.017249
v 0.033985 0.046647 0.017249
v 0.034234 0.047249 0.017249
v 0.033899 0.046 0.017249
v 0.0339 0.046 0.017249
v 0.034631 0.047768 0.017249
v 0.034632 0.047767 0.017249
v 0.034234 0.04725 0.017249
v 0.0364 0.0485 0.017249
v 0.035836 0.048102 0.014792
v 0.035914 0.047811 0.014917
v 0.035462 0.047623 0.014917
v 0.035311 0.047884 0.014792
v 0.035074 0.047325 0.014917
v 0.03486 0.047538 0.014792
v 0.034776 0.046937 0.014917
v 0.034515 0.047088 0.014792
v 0.034588 0.046485 0.014917
v 0.034297 0.046563 0.014792
v 0.034524 0.046 0.014917
v 0.0364 0.0485 0.01475
v 0.0364 0.048176 0.014792
v 0.035752 0.048414 0.01475
v 0.035149 0.048165 0.01475
v 0.034632 0.047767 0.01475
v 0.034234 0.047249 0.01475
v 0.033985 0.046647 0.01475
v 0.034223 0.046 0.014792
v 0.0339 0.046 0.01475
v 0.034783 0.046 0.015116
v 0.034838 0.046418 0.015116
v 0.035 0.046808 0.015116
v 0.035257 0.047142 0.015116
v 0.035591 0.047399 0.015116
v 0.035981 0.047561 0.015116
v 0.0364 0.047874 0.014917
v 0.034982 0.046 0.015375
v 0.03503 0.046366 0.015375
v 0.035172 0.046708 0.015375
v 0.035397 0.047002 0.015375
v 0.035691 0.047227 0.015375
v 0.036033 0.047369 0.015375
v 0.0364 0.047616 0.015116
v 0.035107 0.046 0.015676
v 0.035151 0.046334 0.015676
v 0.03528 0.046646 0.015676
v 0.035485 0.046914 0.015676
v 0.035753 0.047119 0.015676
v 0.036065 0.047248 0.015676
v 0.0364 0.047417 0.015375
v 0.035149 0.046 0.016
v 0.035192 0.046323 0.016
v 0.035317 0.046624 0.016
v 0.035516 0.046883 0.016
v 0.035774 0.047082 0.016
v 0.0364 0.047292 0.015676
v 0.0364 0.047249 0.016
v 0.036076 0.047207 0.016
v 0.0364 0.048176 0.017207
v 0.0364 0.0485 0.017249
v 0.035752 0.048414 0.017249
v 0.035836 0.048102 0.017207
v 0.035149 0.048165 0.017249
v 0.035311 0.047884 0.017207
v 0.034632 0.047767 0.017249
v 0.03486 0.047538 0.017207
v 0.034234 0.047249 0.017249
v 0.034515 0.047088 0.017207
v 0.033985 0.046647 0.017249
v 0.034297 0.046563 0.017207
v 0.0339 0.046 0.017249
v 0.0364 0.047874 0.017082
v 0.035914 0.047811 0.017082
v 0.035462 0.047623 0.017082
v 0.035074 0.047325 0.017082
v 0.034776 0.046937 0.017082
v 0.034588 0.046485 0.017082
v 0.034223 0.046 0.017207
v 0.0364 0.047616 0.016883
v 0.035981 0.047561 0.016883
v 0.035591 0.047399 0.016883
v 0.035257 0.047142 0.016883
v 0.035 0.046808 0.016883
v 0.034838 0.046418 0.016883
v 0.034524 0.046 0.017082
v 0.0364 0.047417 0.016625
v 0.036033 0.047369 0.016625
v 0.035691 0.047227 0.016625
v 0.035397 0.047002 0.016625
v 0.035172 0.046708 0.016625
v 0.03503 0.046366 0.016625
v 0.034783 0.046 0.016883
v 0.0364 0.047292 0.016323
v 0.036065 0.047248 0.016323
v 0.035753 0.047119 0.016323
v 0.035485 0.046914 0.016323
v 0.03528 0.046646 0.016323
v 0.035151 0.046334 0.016323
v 0.034982 0.046 0.016625
v 0.0364 0.047249 0.016
v 0.036076 0.047207 0.016
v 0.035774 0.047082 0.016
v 0.035516 0.046883 0.016
v 0.035317 0.046624 0.016
v 0.035192 0.046323 0.016
v 0.035107 0.046 0.016323
v 0.035149 0.046 0.016
vn -0.202352 0.755191 0.623489
vn -0.233187 0.870269 0.433883
vn -0.450484 0.780261 0.433883
vn -0.5 0.866025 0
vn -0.487463 0.844312 0.22252
vn -0.252329 0.941708 0.22252
vn -0.258819 0.965925 0
vn 0 0.974927 0.22252
vn -0.780261 0.450484 0.433883
vn -0.844312 0.487463 0.22252
vn -0.941708 0.252329 0.22252
vn -0.637081 0.637081 0.433883
vn -0.689378 0.689378 0.22252
vn 0 0.900968 0.433883
vn -0.965925 0.258819 0
vn -1 0 0
vn -0.866025 0.5 0
vn -0.707106 0.707106 0
vn -0.677085 0.390915 0.623489
vn -0.539958 0.311744 0.781831
vn -0.440873 0.440873 0.781831
vn 0 1 0
vn -0.870269 0.233187 0.433883
vn -0.974927 0 0.22252
vn 0 0.781831 0.623489
vn -0.390915 0.677085 0.623489
vn -0.552838 0.552838 0.623489
vn -0.755191 0.202352 0.623489
vn -0.900968 0 0.433883
vn 0 0.623489 0.781831
vn -0.161371 0.602244 0.781831
vn -0.311744 0.539958 0.781831
vn -0.602244 0.161371 0.781831
vn -0.781831 0 0.623489
vn 0 0.433883 0.900968
vn -0.112297 0.419099 0.900968
vn -0.216941 0.375754 0.900968
vn -0.306802 0.306802 0.900968
vn -0.375754 0.216941 0.900968
vn -0.419099 0.112297 0.900968
vn -0.623489 0 0.781831
vn 0 0.22252 0.974927
vn -0.057592 0.214938 0.974927
vn -0.11126 0.192708 0.974927
vn -0.157346 0.157346 0.974927
vn -0.192708 0.11126 0.974927
vn -0.214938 0.057592 0.974927
vn -0.433883 0 0.900968
vn -0 -0 1
vn -0 -0 1
vn -0 -0 1
vn -0 -0 1
vn -0 -0 1
vn -0 -0 1
vn -0.22252 0 0.974927
vn -0 -0 1
vn -0.112297 0.419099 -0.900968
vn -0.161371 0.602244 -0.781831
vn 0 0.623489 -0.781831
vn -0.22252 0 -0.974927
vn -0.433883 0 -0.900968
vn -0.419099 0.112297 -0.900968
vn -0.214938 0.057592 -0.974927
vn -0.375754 0.216941 -0.900968
vn -0.192708 0.11126 -0.974927
vn -0.306802 0.306802 -0.900968
vn -0.157346 0.157346 -0.974927
vn -0.216941 0.375754 -0.900968
vn -0.11126 0.192708 -0.974927
vn -0.057592 0.214938 -0.974927
vn 0 0.433883 -0.900968
vn 0 -0 -1
vn 0 -0 -1
vn 0 -0 -1
vn 0 -0 -1
vn -0 -0 -1
vn -0 -0 -1
vn 0 0.22252 -0.974927
vn -0.5 0.866025 0
vn -0.487463 0.844312 -0.22252
vn -0.689378 0.689378 -0.22252
vn -0 -0 -1
vn -0.311744 0.539958 -0.781831
vn -0.440873 0.440873 -0.781831
vn -0.539958 0.311744 -0.781831
vn -0.602244 0.161371 -0.781831
vn 0 0.781831 -0.623489
vn -0.202352 0.755191 -0.623489
vn -0.390915 0.677085 -0.623489
vn -0.552838 0.552838 -0.623489
vn -0.677085 0.390915 -0.623489
vn -0.755191 0.202352 -0.623489
vn -0.623489 0 -0.781831
vn 0 0.900968 -0.433883
vn -0.233187 0.870269 -0.433883
vn -0.450484 0.780261 -0.433883
vn -0.637081 0.637081 -0.433883
vn -0.780261 0.450484 -0.433883
vn -0.870269 0.233187 -0.433883
vn -0.781831 0 -0.623489
vn 0 0.974927 -0.22252
vn -0.252329 0.941708 -0.22252
vn -0.844312 0.487463 -0.22252
vn -0.941708 0.252329 -0.22252
vn -0.900968 0 -0.433883
vn 0 1 0
vn -0.258819 0.965925 0
vn -0.707106 0.707106 0
vn -0.866025 0.5 0
vn -0.965925 0.258819 0
vn -0.974927 0 -0.22252
vn -1 0 0
vn 0 -1 0
vn 0 -1 0
vn 0 -1 0
vn 0 -1 0
vn 0 -1 0
vn 0 -1 0
vn 0 -1 0
vn 0 -1 0
vn 0 -1 0
vn 0 -1 0
vn 0 -1 0
vn 0 -1 0
vn 0 -1 0
vn 0 -1 0
vn 0 -1 0
vn 0 -1 0
vn 0 -1 0
vn 0 -1 0
vn 0 -1 0
vn 0 -1 0
vn 0 -1 0
vn 0 -1 0
vn 0 -1 0
vn 0 -1 0
vn 0 -1 0
vn 0 -1 0
vn 0 -1 0
vn 0 -1 0
vn 0 -1 0
vn 0 1 0
vn 0 1 0
vn -0.258819 0.965925 0
vn -0.258819 0.965925 0
vn -0.5 0.866025 0
vn -0.5 0.866025 0
vn -0.707106 0.707106 0
vn -0.707106 0.707106 0
vn -0.866025 0.5 0
vn -0.866025 0.5 0
vn -0.965925 0.258819 0
vn -0.965925 0.258819 0
vn -1 0 0
vn -1 0 0
vn 1 0 0
vn 1 0 0
vn 1 0 0
vn 1 0 0
vn 1 0 0
vn 1 0 0
vn 1 0 0
vn 1 0 0
vn 1 0 0
vn 1 0 0
vn 1 0 0
vn 1 0 0
vn 1 0 0
vn 1 0 0
vn 1 0 0
vn 1 0 0
vn 1 0 0
vn 1 0 0
vn 1 0 0
vn 1 0 0
vn 1 0 0
vn 1 0 0
vn 1 0 0
vn 1 0 0
vn 1 0 0
vn 1 0 0
vn 1 0 0
vn 1 0 0
vn 1 0 0
vn 0 0 -1
vn 0 0 -1
vn 0 0 -1
vn 0 0 -1
vn 0 0 -1
vn 0 0 -1
vn 0 0 -1
vn 0 0 -1
vn 0 0 -1
vn 0 0 -1
vn 0 0 -1
vn 0 0 -1
vn 0 0 -1
vn 0 0 -1
vn 0 0 1
vn 0 0 1
vn 0 0 1
vn 0 0 1
vn 0 0 1
vn 0 0 1
vn 0 0 1
vn 0 0 1
vn 0 0 1
vn 0 0 1
vn 0 0 1
vn 0 0 1
vn 0 0 1
vn 0 0 1
vn 0.066987 -0.25 -0.965925
vn 0.129409 -0.482962 -0.866025
vn 0.25 -0.433012 -0.866025
vn 0.129409 -0.224143 -0.965925
vn 0.353553 -0.353553 -0.866025
vn 0.183012 -0.183012 -0.965925
vn 0.433012 -0.25 -0.866025
vn 0.224143 -0.129409 -0.965925
vn 0.482962 -0.129409 -0.866025
vn 0.25 -0.066987 -0.965925
vn 0.5 -0 -0.866025
vn -0 -0 -1
vn -0 -0.258819 -0.965925
vn -0 -0 -1
vn -0 -0 -1
vn -0 -0 -1
vn -0 -0 -1
vn -0 -0 -1
vn 0.258819 -0 -0.965925
vn -0 -0 -1
vn 0.707106 -0 -0.707106
vn 0.683012 -0.183012 -0.707106
vn 0.612372 -0.353553 -0.707106
vn 0.5 -0.5 -0.707106
vn 0.353553 -0.612372 -0.707106
vn 0.183012 -0.683012 -0.707106
vn -0 -0.5 -0.866025
vn 0.866025 -0 -0.5
vn 0.836516 -0.224143 -0.5
vn 0.75 -0.433012 -0.5
vn 0.612372 -0.612372 -0.5
vn 0.433012 -0.75 -0.5
vn 0.224143 -0.836516 -0.5
vn -0 -0.707106 -0.707106
vn 0.965925 -0 -0.258819
vn 0.933012 -0.25 -0.258819
vn 0.836516 -0.482962 -0.258819
vn 0.683012 -0.683012 -0.258819
vn 0.482962 -0.836516 -0.258819
vn 0.25 -0.933012 -0.258819
vn -0 -0.866025 -0.5
vn 1 -0 -0
vn 0.965925 -0.258819 -0
vn 0.866025 -0.5 -0
vn 0.707106 -0.707106 -0
vn 0.5 -0.866025 -0
vn -0 -0.965925 -0.258819
vn -0 -1 -0
vn 0.258819 -0.965925 -0
vn -0 -0.258819 0.965925
vn 0 0 1
vn 0 0 1
vn 0.066987 -0.25 0.965925
vn 0 -0 1
vn 0.129409 -0.224143 0.965925
vn 0 -0 1
vn 0.183012 -0.183012 0.965925
vn 0 -0 1
vn 0.224143 -0.129409 0.965925
vn 0 -0 1
vn 0.25 -0.066987 0.965925
vn 0 -0 1
vn -0 -0.5 0.866025
vn 0.129409 -0.482962 0.866025
vn 0.25 -0.433012 0.866025
vn 0.353553 -0.353553 0.866025
vn 0.433012 -0.25 0.866025
vn 0.482962 -0.129409 0.866025
vn 0.258819 -0 0.965925
vn -0 -0.707106 0.707106
vn 0.183012 -0.683012 0.707106
vn 0.353553 -0.612372 0.707106
vn 0.5 -0.5 0.707106
vn 0.612372 -0.353553 0.707106
vn 0.683012 -0.183012 0.707106
vn 0.5 -0 0.866025
vn -0 -0.866025 0.5
vn 0.224143 -0.836516 0.5
vn 0.433012 -0.75 0.5
vn 0.612372 -0.612372 0.5
vn 0.75 -0.433012 0.5
vn 0.836516 -0.224143 0.5
vn 0.707106 -0 0.707106
vn -0 -0.965925 0.258819
vn 0.25 -0.933012 0.258819
vn 0.482962 -0.836516 0.258819
vn 0.683012 -0.683012 0.258819
vn 0.836516 -0.482962 0.258819
vn 0.933012 -0.25 0.258819
vn 0.866025 -0 0.5
vn -0 -1 0
vn 0.258819 -0.965925 0
vn 0.5 -0.866025 0
vn 0.707106 -0.707106 0
vn 0.866025 -0.5 0
vn 0.965925 -0.258819 0
vn 0.965925 -0 0.258819
vn 1 -0 0
usemtl App8
f 6723//6723 6724//6724 6725//6725
f 6726//6726 6727//6727 6728//6728
f 6729//6729 6728//6728 6730//6730
f 6731//6731 6730//6730 6732//6732
f 6733//6733 6732//6732 6734//6734
f 6735//6735 6734//6734 6723//6723
f 6736//6736 6723//6723 6737//6737
f 6738//6738 6726//6726 6729//6729
f 6739//6739 6729//6729 6731//6731
f 6740//6740 6731//6731 6733//6733
f 6741//6741 6733//6733 6735//6735
f 6742//6742 6735//6735 6736//6736
f 6743//6743 6736//6736 6744//6744
f 6725//6725 6737//6737 6723//6723
f 6745//6745 6746//6746 6747//6747
f 6744//6744 6748//6748 6743//6743
f 6736//6736 6743//6743 6742//6742
f 6735//6735 6742//6742 6741//6741
f 6733//6733 6741//6741 6740//6740
f 6731//6731 6740//6740 6739//6739
f 6729//6729 6739//6739 6738//6738
f 6737//6737 6744//6744 6736//6736
f 6723//6723 6736//6736 6735//6735
f 6734//6734 6735//6735 6733//6733
f 6732//6732 6733//6733 6731//6731
f 6730//6730 6731//6731 6729//6729
f 6728//6728 6729//6729 6726//6726
f 6724//6724 6723//6723 6734//6734
f 6749//6749 6734//6734 6732//6732
f 6750//6750 6732//6732 6730//6730
f 6751//6751 6730//6730 6728//6728
f 6752//6752 6728//6728 6727//6727
f 6753//6753 6725//6725 6724//6724
f 6754//6754 6724//6724 6749//6749
f 6755//6755 6749//6749 6750//6750
f 6756//6756 6750//6750 6751//6751
f 6757//6757 6751//6751 6752//6752
f 6758//6758 6752//6752 6759//6759
f 6760//6760 6753//6753 6754//6754
f 6761//6761 6754//6754 6755//6755
f 6762//6762 6755//6755 6756//6756
f 6763//6763 6756//6756 6757//6757
f 6764//6764 6757//6757 6758//6758
f 6765//6765 6758//6758 6766//6766
f 6767//6767 6760//6760 6761//6761
f 6768//6768 6761//6761 6762//6762
f 6746//6746 6762//6762 6763//6763
f 6747//6747 6763//6763 6764//6764
f 6769//6769 6764//6764 6765//6765
f 6770//6770 6765//6765 6771//6771
f 6772//6772 6767//6767 6768//6768
f 6773//6773 6768//6768 6746//6746
f 6774//6774 6747//6747 6769//6769
f 6775//6775 6769//6769 6770//6770
f 6776//6776 6770//6770 6777//6777
f 6777//6777 6778//6778 6776//6776
f 6770//6770 6776//6776 6775//6775
f 6769//6769 6775//6775 6774//6774
f 6747//6747 6774//6774 6745//6745
f 6746//6746 6745//6745 6773//6773
f 6768//6768 6773//6773 6772//6772
f 6771//6771 6777//6777 6770//6770
f 6765//6765 6770//6770 6769//6769
f 6764//6764 6769//6769 6747//6747
f 6752//6752 6758//6758 6757//6757
f 6763//6763 6747//6747 6746//6746
f 6762//6762 6746//6746 6768//6768
f 6761//6761 6768//6768 6767//6767
f 6766//6766 6771//6771 6765//6765
f 6758//6758 6765//6765 6764//6764
f 6757//6757 6764//6764 6763//6763
f 6756//6756 6763//6763 6762//6762
f 6755//6755 6762//6762 6761//6761
f 6754//6754 6761//6761 6760//6760
f 6759//6759 6766//6766 6758//6758
f 6751//6751 6757//6757 6756//6756
f 6750//6750 6756//6756 6755//6755
f 6749//6749 6755//6755 6754//6754
f 6724//6724 6754//6754 6753//6753
f 6727//6727 6759//6759 6752//6752
f 6728//6728 6752//6752 6751//6751
f 6730//6730 6751//6751 6750//6750
f 6732//6732 6750//6750 6749//6749
f 6734//6734 6749//6749 6724//6724
f 6667//6667 6668//6668 6669//6669
f 6670//6670 6671//6671 6672//6672
f 6673//6673 6672//6672 6674//6674
f 6675//6675 6676//6676 6677//6677
f 6678//6678 6679//6679 6676//6676
f 6669//6669 6671//6671 6679//6679
f 6668//6668 6672//6672 6671//6671
f 6680//6680 6674//6674 6672//6672
f 6677//6677 6681//6681 6682//6682
f 6676//6676 6683//6683 6681//6681
f 6679//6679 6684//6684 6683//6683
f 6671//6671 6670//6670 6684//6684
f 6685//6685 6686//6686 6687//6687
f 6674//6674 6688//6688 6673//6673
f 6672//6672 6673//6673 6670//6670
f 6689//6689 6677//6677 6690//6690
f 6691//6691 6680//6680 6668//6668
f 6692//6692 6669//6669 6678//6678
f 6693//6693 6678//6678 6675//6675
f 6685//6685 6675//6675 6689//6689
f 6694//6694 6689//6689 6695//6695
f 6696//6696 6691//6691 6667//6667
f 6697//6697 6667//6667 6692//6692
f 6698//6698 6692//6692 6693//6693
f 6687//6687 6693//6693 6685//6685
f 6686//6686 6685//6685 6694//6694
f 6699//6699 6694//6694 6700//6700
f 6701//6701 6696//6696 6697//6697
f 6702//6702 6697//6697 6698//6698
f 6703//6703 6698//6698 6687//6687
f 6704//6704 6687//6687 6686//6686
f 6705//6705 6686//6686 6699//6699
f 6706//6706 6699//6699 6707//6707
f 6708//6708 6701//6701 6702//6702
f 6709//6709 6702//6702 6703//6703
f 6710//6710 6703//6703 6704//6704
f 6711//6711 6704//6704 6705//6705
f 6712//6712 6705//6705 6706//6706
f 6713//6713 6706//6706 6714//6714
f 6715//6715 6708//6708 6709//6709
f 6716//6716 6709//6709 6710//6710
f 6717//6717 6710//6710 6711//6711
f 6718//6718 6711//6711 6712//6712
f 6719//6719 6712//6712 6713//6713
f 6720//6720 6713//6713 6721//6721
f 6721//6721 6722//6722 6720//6720
f 6713//6713 6720//6720 6719//6719
f 6712//6712 6719//6719 6718//6718
f 6711//6711 6718//6718 6717//6717
f 6710//6710 6717//6717 6716//6716
f 6709//6709 6716//6716 6715//6715
f 6714//6714 6721//6721 6713//6713
f 6706//6706 6713//6713 6712//6712
f 6705//6705 6712//6712 6711//6711
f 6704//6704 6711//6711 6710//6710
f 6703//6703 6710//6710 6709//6709
f 6702//6702 6709//6709 6708//6708
f 6707//6707 6714//6714 6706//6706
f 6699//6699 6706//6706 6705//6705
f 6686//6686 6705//6705 6704//6704
f 6687//6687 6704//6704 6703//6703
f 6698//6698 6703//6703 6702//6702
f 6697//6697 6702//6702 6701//6701
f 6700//6700 6707//6707 6699//6699
f 6694//6694 6699//6699 6686//6686
f 6693//6693 6687//6687 6698//6698
f 6692//6692 6698//6698 6697//6697
f 6667//6667 6697//6697 6696//6696
f 6695//6695 6700//6700 6694//6694
f 6689//6689 6694//6694 6685//6685
f 6675//6675 6685//6685 6693//6693
f 6678//6678 6693//6693 6692//6692
f 6669//6669 6692//6692 6667//6667
f 6668//6668 6667//6667 6691//6691
f 6690//6690 6695//6695 6689//6689
f 6677//6677 6689//6689 6675//6675
f 6676//6676 6675//6675 6678//6678
f 6679//6679 6678//6678 6669//6669
f 6671//6671 6669//6669 6668//6668
f 6672//6672 6668//6668 6680//6680
f 6682//6682 6690//6690 6677//6677
f 6681//6681 6677//6677 6676//6676
f 6683//6683 6676//6676 6679//6679
f 6684//6684 6679//6679 6671//6671
f 6928//6928 6929//6929 6930//6930
f 6931//6931 6930//6930 6932//6932
f 6933//6933 6932//6932 6934//6934
f 6935//6935 6934//6934 6936//6936
f 6937//6937 6936//6936 6938//6938
f 6939//6939 6938//6938 6940//6940
f 6941//6941 6928//6928 6931//6931
f 6942//6942 6931//6931 6933//6933
f 6943//6943 6933//6933 6935//6935
f 6944//6944 6935//6935 6937//6937
f 6945//6945 6937//6937 6939//6939
f 6946//6946 6939//6939 6947//6947
f 6948//6948 6941//6941 6942//6942
f 6949//6949 6942//6942 6943//6943
f 6950//6950 6943//6943 6944//6944
f 6951//6951 6944//6944 6945//6945
f 6952//6952 6945//6945 6946//6946
f 6953//6953 6946//6946 6954//6954
f 6955//6955 6948//6948 6949//6949
f 6956//6956 6949//6949 6950//6950
f 6957//6957 6950//6950 6951//6951
f 6958//6958 6951//6951 6952//6952
f 6959//6959 6952//6952 6953//6953
f 6960//6960 6953//6953 6961//6961
f 6962//6962 6955//6955 6956//6956
f 6963//6963 6956//6956 6957//6957
f 6964//6964 6957//6957 6958//6958
f 6965//6965 6958//6958 6959//6959
f 6966//6966 6959//6959 6960//6960
f 6967//6967 6960//6960 6968//6968
f 6969//6969 6962//6962 6963//6963
f 6970//6970 6963//6963 6964//6964
f 6971//6971 6964//6964 6965//6965
f 6972//6972 6965//6965 6966//6966
f 6973//6973 6966//6966 6967//6967
f 6974//6974 6967//6967 6975//6975
f 6975//6975 6976//6976 6974//6974
f 6967//6967 6974//6974 6973//6973
f 6966//6966 6973//6973 6972//6972
f 6965//6965 6972//6972 6971//6971
f 6964//6964 6971//6971 6970//6970
f 6963//6963 6970//6970 6969//6969
f 6968//6968 6975//6975 6967//6967
f 6959//6959 6966//6966 6965//6965
f 6958//6958 6965//6965 6964//6964
f 6938//6938 6939//6939 6937//6937
f 6936//6936 6937//6937 6935//6935
f 6957//6957 6964//6964 6963//6963
f 6934//6934 6935//6935 6933//6933
f 6932//6932 6933//6933 6931//6931
f 6930//6930 6931//6931 6928//6928
f 6956//6956 6963//6963 6962//6962
f 6961//6961 6968//6968 6960//6960
f 6953//6953 6960//6960 6959//6959
f 6952//6952 6959//6959 6958//6958
f 6951//6951 6958//6958 6957//6957
f 6950//6950 6957//6957 6956//6956
f 6949//6949 6956//6956 6955//6955
f 6954//6954 6961//6961 6953//6953
f 6946//6946 6953//6953 6952//6952
f 6945//6945 6952//6952 6951//6951
f 6944//6944 6951//6951 6950//6950
f 6943//6943 6950//6950 6949//6949
f 6942//6942 6949//6949 6948//6948
f 6947//6947 6954//6954 6946//6946
f 6939//6939 6946//6946 6945//6945
f 6937//6937 6945//6945 6944//6944
f 6935//6935 6944//6944 6943//6943
f 6933//6933 6943//6943 6942//6942
f 6931//6931 6942//6942 6941//6941
f 6940//6940 6947//6947 6939//6939
f 6960//6960 6967//6967 6966//6966
f 6879//6879 6880//6880 6881//6881
f 6882//6882 6881//6881 6883//6883
f 6884//6884 6883//6883 6885//6885
f 6886//6886 6885//6885 6887//6887
f 6888//6888 6887//6887 6889//6889
f 6890//6890 6891//6891 6879//6879
f 6892//6892 6879//6879 6882//6882
f 6893//6893 6882//6882 6884//6884
f 6894//6894 6884//6884 6886//6886
f 6895//6895 6886//6886 6888//6888
f 6896//6896 6888//6888 6897//6897
f 6897//6897 6898//6898 6896//6896
f 6888//6888 6896//6896 6895//6895
f 6886//6886 6895//6895 6894//6894
f 6884//6884 6894//6894 6893//6893
f 6882//6882 6893//6893 6892//6892
f 6879//6879 6892//6892 6890//6890
f 6889//6889 6897//6897 6888//6888
f 6887//6887 6888//6888 6886//6886
f 6885//6885 6886//6886 6884//6884
f 6883//6883 6884//6884 6882//6882
f 6881//6881 6882//6882 6879//6879
f 6899//6899 6889//6889 6887//6887
f 6900//6900 6887//6887 6885//6885
f 6901//6901 6885//6885 6883//6883
f 6902//6902 6883//6883 6881//6881
f 6903//6903 6881//6881 6880//6880
f 6904//6904 6880//6880 6905//6905
f 6906//6906 6899//6899 6900//6900
f 6907//6907 6900//6900 6901//6901
f 6908//6908 6901//6901 6902//6902
f 6909//6909 6902//6902 6903//6903
f 6910//6910 6903//6903 6904//6904
f 6911//6911 6904//6904 6912//6912
f 6913//6913 6906//6906 6907//6907
f 6914//6914 6907//6907 6908//6908
f 6915//6915 6908//6908 6909//6909
f 6916//6916 6909//6909 6910//6910
f 6917//6917 6910//6910 6911//6911
f 6918//6918 6911//6911 6919//6919
f 6920//6920 6913//6913 6914//6914
f 6921//6921 6914//6914 6915//6915
f 6922//6922 6915//6915 6916//6916
f 6883//6883 6902//6902 6901//6901
f 6923//6923 6916//6916 6917//6917
f 6924//6924 6917//6917 6918//6918
f 6880//6880 6879//6879 6891//6891
f 6925//6925 6926//6926 6927//6927
f 6918//6918 6927//6927 6924//6924
f 6917//6917 6924//6924 6923//6923
f 6916//6916 6923//6923 6922//6922
f 6915//6915 6922//6922 6921//6921
f 6914//6914 6921//6921 6920//6920
f 6919//6919 6925//6925 6918//6918
f 6911//6911 6918//6918 6917//6917
f 6910//6910 6917//6917 6916//6916
f 6909//6909 6916//6916 6915//6915
f 6908//6908 6915//6915 6914//6914
f 6907//6907 6914//6914 6913//6913
f 6912//6912 6919//6919 6911//6911
f 6904//6904 6911//6911 6910//6910
f 6903//6903 6910//6910 6909//6909
f 6902//6902 6909//6909 6908//6908
f 6901//6901 6908//6908 6907//6907
f 6900//6900 6907//6907 6906//6906
f 6905//6905 6912//6912 6904//6904
f 6880//6880 6904//6904 6903//6903
f 6881//6881 6903//6903 6902//6902
f 6927//6927 6918//6918 6925//6925
f 6885//6885 6901//6901 6900//6900
f 6887//6887 6900//6900 6899//6899
f 6891//6891 6905//6905 6880//6880
v 0.035499 0.049359 0.016779
v 0.035461 0.049502 0.016542
v 0.034586 0.04914 0.016542
v 0.034524 0.049247 0.016
v 0.03454 0.04922 0.016278
v 0.035437 0.049591 0.016278
v 0.035429 0.049622 0.016
v 0.0364 0.049718 0.016278
v 0.033259 0.047813 0.016542
v 0.033179 0.047859 0.016278
v 0.032808 0.046962 0.016278
v 0.033835 0.048564 0.016542
v 0.03377 0.048629 0.016278
v 0.0364 0.049626 0.016542
v 0.032777 0.04697 0.016
v 0.03265 0.046 0.016
v 0.033152 0.047874 0.016
v 0.033748 0.048651 0.016
v 0.033388 0.047738 0.016779
v 0.033559 0.047639 0.016977
v 0.03408 0.048319 0.016977
v 0.0364 0.04975 0.016
v 0.032897 0.046938 0.016542
v 0.032681 0.046 0.016278
v 0.0364 0.049477 0.016779
v 0.034661 0.049011 0.016779
v 0.033941 0.048458 0.016779
v 0.03304 0.0469 0.016779
v 0.032773 0.046 0.016542
v 0.0364 0.049279 0.016977
v 0.035551 0.049167 0.016977
v 0.03476 0.04884 0.016977
v 0.033232 0.046848 0.016977
v 0.032922 0.046 0.016779
v 0.0364 0.049042 0.017126
v 0.035612 0.048939 0.017126
v 0.034878 0.048635 0.017126
v 0.034248 0.048151 0.017126
v 0.033764 0.047521 0.017126
v 0.03346 0.046787 0.017126
v 0.03312 0.046 0.016977
v 0.0364 0.048778 0.017218
v 0.03568 0.048684 0.017218
v 0.03501 0.048406 0.017218
v 0.034435 0.047964 0.017218
v 0.033993 0.047389 0.017218
v 0.033715 0.046719 0.017218
v 0.033357 0.046 0.017126
v 0.0364 0.0485 0.017249
v 0.035752 0.048415 0.017249
v 0.035149 0.048165 0.017249
v 0.034631 0.047768 0.017249
v 0.034234 0.04725 0.017249
v 0.033984 0.046647 0.017249
v 0.033621 0.046 0.017218
v 0.033899 0.046 0.017249
v 0.035612 0.048939 0.014873
v 0.035551 0.049167 0.015022
v 0.0364 0.049279 0.015022
v 0.033621 0.046 0.014781
v 0.033357 0.046 0.014873
v 0.03346 0.046787 0.014873
v 0.033715 0.046719 0.014781
v 0.033764 0.047521 0.014873
v 0.033993 0.047389 0.014781
v 0.034248 0.048151 0.014873
v 0.034435 0.047964 0.014781
v 0.034878 0.048635 0.014873
v 0.03501 0.048406 0.014781
v 0.03568 0.048684 0.014781
v 0.0364 0.049042 0.014873
v 0.033899 0.046 0.01475
v 0.033984 0.046647 0.01475
v 0.034234 0.04725 0.01475
v 0.034631 0.047768 0.01475
v 0.035149 0.048165 0.01475
v 0.035752 0.048415 0.01475
v 0.0364 0.048778 0.014781
v 0.034524 0.049247 0.015999
v 0.03454 0.04922 0.015721
v 0.03377 0.048629 0.015721
v 0.0364 0.0485 0.01475
v 0.03476 0.04884 0.015022
v 0.03408 0.048319 0.015022
v 0.033559 0.047639 0.015022
v 0.033232 0.046848 0.015022
v 0.0364 0.049477 0.01522
v 0.035499 0.049359 0.01522
v 0.034661 0.049011 0.01522
v 0.033941 0.048458 0.01522
v 0.033388 0.047738 0.01522
v 0.03304 0.0469 0.01522
v 0.03312 0.046 0.015022
v 0.0364 0.049626 0.015457
v 0.035461 0.049502 0.015457
v 0.034586 0.04914 0.015457
v 0.033835 0.048564 0.015457
v 0.033259 0.047813 0.015457
v 0.032897 0.046938 0.015457
v 0.032922 0.046 0.01522
v 0.0364 0.049718 0.015721
v 0.035437 0.049591 0.015721
v 0.033179 0.047859 0.015721
v 0.032808 0.046962 0.015721
v 0.032773 0.046 0.015457
v 0.0364 0.04975 0.015999
v 0.035429 0.049622 0.015999
v 0.033748 0.048651 0.015999
v 0.033152 0.047874 0.015999
v 0.032777 0.04697 0.015999
v 0.032681 0.046 0.015721
v 0.03265 0.046 0.015999
v 0.0339 0.046 0.017249
v 0.034783 0.046 0.015116
v 0.034982 0.046 0.015375
v 0.035107 0.046 0.015676
v 0.035149 0.046 0.016
v 0.034982 0.046 0.016625
v 0.034783 0.046 0.016883
v 0.033621 0.046 0.017218
v 0.033357 0.046 0.017126
v 0.033899 0.046 0.01475
v 0.032773 0.046 0.016542
v 0.032681 0.046 0.016278
v 0.032681 0.046 0.015721
v 0.032773 0.046 0.015457
v 0.03265 0.046 0.016
v 0.0339 0.046 0.01475
v 0.034223 0.046 0.014792
v 0.035107 0.046 0.016323
v 0.034524 0.046 0.017082
v 0.033899 0.046 0.017249
v 0.03312 0.046 0.016977
v 0.03265 0.046 0.015999
v 0.033357 0.046 0.014873
v 0.033621 0.046 0.014781
v 0.032922 0.046 0.016779
v 0.03312 0.046 0.015022
v 0.032922 0.046 0.01522
v 0.034524 0.046 0.014917
v 0.034223 0.046 0.017207
v 0.0364 0.04975 0.016
v 0.0364 0.04975 0.015999
v 0.035429 0.049622 0.015999
v 0.035429 0.049622 0.016
v 0.034524 0.049247 0.015999
v 0.034524 0.049247 0.016
v 0.033748 0.048651 0.015999
v 0.033748 0.048651 0.016
v 0.033152 0.047874 0.015999
v 0.033152 0.047874 0.016
v 0.032777 0.04697 0.015999
v 0.032777 0.04697 0.016
v 0.03265 0.046 0.015999
v 0.03265 0.046 0.016
v 0.0364 0.047417 0.016625
v 0.0364 0.047292 0.016323
v 0.0364 0.0485 0.01475
v 0.0364 0.0485 0.017249
v 0.0364 0.049626 0.015457
v 0.0364 0.049718 0.015721
v 0.0364 0.0485 0.01475
v 0.0364 0.048778 0.014781
v 0.0364 0.047292 0.015676
v 0.0364 0.047417 0.015375
v 0.0364 0.047616 0.015116
v 0.0364 0.047874 0.017082
v 0.0364 0.047616 0.016883
v 0.0364 0.04975 0.015999
v 0.0364 0.04975 0.016
v 0.0364 0.049279 0.015022
v 0.0364 0.049477 0.01522
v 0.0364 0.047249 0.016
v 0.0364 0.0485 0.017249
v 0.0364 0.048778 0.017218
v 0.0364 0.049626 0.016542
v 0.0364 0.049042 0.017126
v 0.0364 0.049477 0.016779
v 0.0364 0.049279 0.016977
v 0.0364 0.049042 0.014873
v 0.0364 0.047874 0.014917
v 0.0364 0.048176 0.014792
v 0.0364 0.048176 0.017207
v 0.0364 0.049718 0.016278
v 0.034234 0.04725 0.01475
v 0.034631 0.047768 0.01475
v 0.034632 0.047767 0.01475
v 0.034234 0.047249 0.01475
v 0.033985 0.046647 0.01475
v 0.033984 0.046647 0.01475
v 0.0364 0.0485 0.01475
v 0.0364 0.0485 0.01475
v 0.035752 0.048414 0.01475
v 0.035752 0.048415 0.01475
v 0.035149 0.048165 0.01475
v 0.0339 0.046 0.01475
v 0.033899 0.046 0.01475
v 0.035149 0.048165 0.01475
v 0.0364 0.0485 0.017249
v 0.035752 0.048415 0.017249
v 0.035752 0.048414 0.017249
v 0.035149 0.048165 0.017249
v 0.035149 0.048165 0.017249
v 0.033984 0.046647 0.017249
v 0.033985 0.046647 0.017249
v 0.034234 0.047249 0.017249
v 0.033899 0.046 0.017249
v 0.0339 0.046 0.017249
v 0.034631 0.047768 0.017249
v 0.034632 0.047767 0.017249
v 0.034234 0.04725 0.017249
v 0.0364 0.0485 0.017249
v 0.035836 0.048102 0.014792
v 0.035914 0.047811 0.014917
v 0.035462 0.047623 0.014917
v 0.035311 0.047884 0.014792
v 0.035074 0.047325 0.014917
v 0.03486 0.047538 0.014792
v 0.034776 0.046937 0.014917
v 0.034515 0.047088 0.014792
v 0.034588 0.046485 0.014917
v 0.034297 0.046563 0.014792
v 0.034524 0.046 0.014917
v 0.0364 0.0485 0.01475
v 0.0364 0.048176 0.014792
v 0.035752 0.048414 0.01475
v 0.035149 0.048165 0.01475
v 0.034632 0.047767 0.01475
v 0.034234 0.047249 0.01475
v 0.033985 0.046647 0.01475
v 0.034223 0.046 0.014792
v 0.0339 0.046 0.01475
v 0.034783 0.046 0.015116
v 0.034838 0.046418 0.015116
v 0.035 0.046808 0.015116
v 0.035257 0.047142 0.015116
v 0.035591 0.047399 0.015116
v 0.035981 0.047561 0.015116
v 0.0364 0.047874 0.014917
v 0.034982 0.046 0.015375
v 0.03503 0.046366 0.015375
v 0.035172 0.046708 0.015375
v 0.035397 0.047002 0.015375
v 0.035691 0.047227 0.015375
v 0.036033 0.047369 0.015375
v 0.0364 0.047616 0.015116
v 0.035107 0.046 0.015676
v 0.035151 0.046334 0.015676
v 0.03528 0.046646 0.015676
v 0.035485 0.046914 0.015676
v 0.035753 0.047119 0.015676
v 0.036065 0.047248 0.015676
v 0.0364 0.047417 0.015375
v 0.035149 0.046 0.016
v 0.035192 0.046323 0.016
v 0.035317 0.046624 0.016
v 0.035516 0.046883 0.016
v 0.035774 0.047082 0.016
v 0.0364 0.047292 0.015676
v 0.0364 0.047249 0.016
v 0.036076 0.047207 0.016
v 0.0364 0.048176 0.017207
v 0.0364 0.0485 0.017249
v 0.035752 0.048414 0.017249
v 0.035836 0.048102 0.017207
v 0.035149 0.048165 0.017249
v 0.035311 0.047884 0.017207
v 0.034632 0.047767 0.017249
v 0.03486 0.047538 0.017207
v 0.034234 0.047249 0.017249
v 0.034515 0.047088 0.017207
v 0.033985 0.046647 0.017249
v 0.034297 0.046563 0.017207
v 0.0339 0.046 0.017249
v 0.0364 0.047874 0.017082
v 0.035914 0.047811 0.017082
v 0.035462 0.047623 0.017082
v 0.035074 0.047325 0.017082
v 0.034776 0.046937 0.017082
v 0.034588 0.046485 0.017082
v 0.034223 0.046 0.017207
v 0.0364 0.047616 0.016883
v 0.035981 0.047561 0.016883
v 0.035591 0.047399 0.016883
v 0.035257 0.047142 0.016883
v 0.035 0.046808 0.016883
v 0.034838 0.046418 0.016883
v 0.034524 0.046 0.017082
v 0.0364 0.047417 0.016625
v 0.036033 0.047369 0.016625
v 0.035691 0.047227 0.016625
v 0.035397 0.047002 0.016625
v 0.035172 0.046708 0.016625
v 0.03503 0.046366 0.016625
v 0.034783 0.046 0.016883
v 0.0364 0.047292 0.016323
v 0.036065 0.047248 0.016323
v 0.035753 0.047119 0.016323
v 0.035485 0.046914 0.016323
v 0.03528 0.046646 0.016323
v 0.035151 0.046334 0.016323
v 0.034982 0.046 0.016625
v 0.0364 0.047249 0.016
v 0.036076 0.047207 0.016
v 0.035774 0.047082 0.016
v 0.035516 0.046883 0.016
v 0.035317 0.046624 0.016
v 0.035192 0.046323 0.016
v 0.035107 0.046 0.016323
v 0.035149 0.046 0.016
vn -0.202352 0.755191 0.623489
vn -0.233187 0.870269 0.433883
vn -0.450484 0.780261 0.433883
vn -0.5 0.866025 0
vn -0.487463 0.844312 0.22252
vn -0.252329 0.941708 0.22252
vn -0.258819 0.965925 0
vn 0 0.974927 0.22252
vn -0.780261 0.450484 0.433883
vn -0.844312 0.487463 0.22252
vn -0.941708 0.252329 0.22252
vn -0.637081 0.637081 0.433883
vn -0.689378 0.689378 0.22252
vn 0 0.900968 0.433883
vn -0.965925 0.258819 0
vn -1 0 0
vn -0.866025 0.5 0
vn -0.707106 0.707106 0
vn -0.677085 0.390915 0.623489
vn -0.539958 0.311744 0.781831
vn -0.440873 0.440873 0.781831
vn 0 1 0
vn -0.870269 0.233187 0.433883
vn -0.974927 0 0.22252
vn 0 0.781831 0.623489
vn -0.390915 0.677085 0.623489
vn -0.552838 0.552838 0.623489
vn -0.755191 0.202352 0.623489
vn -0.900968 0 0.433883
vn 0 0.623489 0.781831
vn -0.161371 0.602244 0.781831
vn -0.311744 0.539958 0.781831
vn -0.602244 0.161371 0.781831
vn -0.781831 0 0.623489
vn 0 0.433883 0.900968
vn -0.112297 0.419099 0.900968
vn -0.216941 0.375754 0.900968
vn -0.306802 0.306802 0.900968
vn -0.375754 0.216941 0.900968
vn -0.419099 0.112297 0.900968
vn -0.623489 0 0.781831
vn 0 0.22252 0.974927
vn -0.057592 0.214938 0.974927
vn -0.11126 0.192708 0.974927
vn -0.157346 0.157346 0.974927
vn -0.192708 0.11126 0.974927
vn -0.214938 0.057592 0.974927
vn -0.433883 0 0.900968
vn -0 -0 1
vn -0 -0 1
vn -0 -0 1
vn -0 -0 1
vn -0 -0 1
vn -0 -0 1
vn -0.22252 0 0.974927
vn -0 -0 1
vn -0.112297 0.419099 -0.900968
vn -0.161371 0.602244 -0.781831
vn 0 0.623489 -0.781831
vn -0.22252 0 -0.974927
vn -0.433883 0 -0.900968
vn -0.419099 0.112297 -0.900968
vn -0.214938 0.057592 -0.974927
vn -0.375754 0.216941 -0.900968
vn -0.192708 0.11126 -0.974927
vn -0.306802 0.306802 -0.900968
vn -0.157346 0.157346 -0.974927
vn -0.216941 0.375754 -0.900968
vn -0.11126 0.192708 -0.974927
vn -0.057592 0.214938 -0.974927
vn 0 0.433883 -0.900968
vn 0 -0 -1
vn 0 -0 -1
vn 0 -0 -1
vn 0 -0 -1
vn -0 -0 -1
vn -0 -0 -1
vn 0 0.22252 -0.974927
vn -0.5 0.866025 0
vn -0.487463 0.844312 -0.22252
vn -0.689378 0.689378 -0.22252
vn -0 -0 -1
vn -0.311744 0.539958 -0.781831
vn -0.440873 0.440873 -0.781831
vn -0.539958 0.311744 -0.781831
vn -0.602244 0.161371 -0.781831
vn 0 0.781831 -0.623489
vn -0.202352 0.755191 -0.623489
vn -0.390915 0.677085 -0.623489
vn -0.552838 0.552838 -0.623489
vn -0.677085 0.390915 -0.623489
vn -0.755191 0.202352 -0.623489
vn -0.623489 0 -0.781831
vn 0 0.900968 -0.433883
vn -0.233187 0.870269 -0.433883
vn -0.450484 0.780261 -0.433883
vn -0.637081 0.637081 -0.433883
vn -0.780261 0.450484 -0.433883
vn -0.870269 0.233187 -0.433883
vn -0.781831 0 -0.623489
vn 0 0.974927 -0.22252
vn -0.252329 0.941708 -0.22252
vn -0.844312 0.487463 -0.22252
vn -0.941708 0.252329 -0.22252
vn -0.900968 0 -0.433883
vn 0 1 0
vn -0.258819 0.965925 0
vn -0.707106 0.707106 0
vn -0.866025 0.5 0
vn -0.965925 0.258819 0
vn -0.974927 0 -0.22252
vn -1 0 0
vn 0 -1 0
vn 0 -1 0
vn 0 -1 0
vn 0 -1 0
vn 0 -1 0
vn 0 -1 0
vn 0 -1 0
vn 0 -1 0
vn 0 -1 0
vn 0 -1 0
vn 0 -1 0
vn 0 -1 0
vn 0 -1 0
vn 0 -1 0
vn 0 -1 0
vn 0 -1 0
vn 0 -1 0
vn 0 -1 0
vn 0 -1 0
vn 0 -1 0
vn 0 -1 0
vn 0 -1 0
vn 0 -1 0
vn 0 -1 0
vn 0 -1 0
vn 0 -1 0
vn 0 -1 0
vn 0 -1 0
vn 0 -1 0
vn 0 1 0
vn 0 1 0
vn -0.258819 0.965925 0
vn -0.258819 0.965925 0
vn -0.5 0.866025 0
vn -0.5 0.866025 0
vn -0.707106 0.707106 0
vn -0.707106 0.707106 0
vn -0.866025 0.5 0
vn -0.866025 0.5 0
vn -0.965925 0.258819 0
vn -0.965925 0.258819 0
vn -1 0 0
vn -1 0 0
vn 1 0 0
vn 1 0 0
vn 1 0 0
vn 1 0 0
vn 1 0 0
vn 1 0 0
vn 1 0 0
vn 1 0 0
vn 1 0 0
vn 1 0 0
vn 1 0 0
vn 1 0 0
vn 1 0 0
vn 1 0 0
vn 1 0 0
vn 1 0 0
vn 1 0 0
vn 1 0 0
vn 1 0 0
vn 1 0 0
vn 1 0 0
vn 1 0 0
vn 1 0 0
vn 1 0 0
vn 1 0 0
vn 1 0 0
vn 1 0 0
vn 1 0 0
vn 1 0 0
vn 0 0 -1
vn 0 0 -1
vn 0 0 -1
vn 0 0 -1
vn 0 0 -1
vn 0 0 -1
vn 0 0 -1
vn 0 0 -1
vn 0 0 -1
vn 0 0 -1
vn 0 0 -1
vn 0 0 -1
vn 0 0 -1
vn 0 0 -1
vn 0 0 1
vn 0 0 1
vn 0 0 1
vn 0 0 1
vn 0 0 1
vn 0 0 1
vn 0 0 1
vn 0 0 1
vn 0 0 1
vn 0 0 1
vn 0 0 1
vn 0 0 1
vn 0 0 1
vn 0 0 1
vn 0.066987 -0.25 -0.965925
vn 0.129409 -0.482962 -0.866025
vn 0.25 -0.433012 -0.866025
vn 0.129409 -0.224143 -0.965925
vn 0.353553 -0.353553 -0.866025
vn 0.183012 -0.183012 -0.965925
vn 0.433012 -0.25 -0.866025
vn 0.224143 -0.129409 -0.965925
vn 0.482962 -0.129409 -0.866025
vn 0.25 -0.066987 -0.965925
vn 0.5 -0 -0.866025
vn -0 -0 -1
vn -0 -0.258819 -0.965925
vn -0 -0 -1
vn -0 -0 -1
vn -0 -0 -1
vn -0 -0 -1
vn -0 -0 -1
vn 0.258819 -0 -0.965925
vn -0 -0 -1
vn 0.707106 -0 -0.707106
vn 0.683012 -0.183012 -0.707106
vn 0.612372 -0.353553 -0.707106
vn 0.5 -0.5 -0.707106
vn 0.353553 -0.612372 -0.707106
vn 0.183012 -0.683012 -0.707106
vn -0 -0.5 -0.866025
vn 0.866025 -0 -0.5
vn 0.836516 -0.224143 -0.5
vn 0.75 -0.433012 -0.5
vn 0.612372 -0.612372 -0.5
vn 0.433012 -0.75 -0.5
vn 0.224143 -0.836516 -0.5
vn -0 -0.707106 -0.707106
vn 0.965925 -0 -0.258819
vn 0.933012 -0.25 -0.258819
vn 0.836516 -0.482962 -0.258819
vn 0.683012 -0.683012 -0.258819
vn 0.482962 -0.836516 -0.258819
vn 0.25 -0.933012 -0.258819
vn -0 -0.866025 -0.5
vn 1 -0 -0
vn 0.965925 -0.258819 -0
vn 0.866025 -0.5 -0
vn 0.707106 -0.707106 -0
vn 0.5 -0.866025 -0
vn -0 -0.965925 -0.258819
vn -0 -1 -0
vn 0.258819 -0.965925 -0
vn -0 -0.258819 0.965925
vn 0 0 1
vn 0 0 1
vn 0.066987 -0.25 0.965925
vn 0 -0 1
vn 0.129409 -0.224143 0.965925
vn 0 -0 1
vn 0.183012 -0.183012 0.965925
vn 0 -0 1
vn 0.224143 -0.129409 0.965925
vn 0 -0 1
vn 0.25 -0.066987 0.965925
vn 0 -0 1
vn -0 -0.5 0.866025
vn 0.129409 -0.482962 0.866025
vn 0.25 -0.433012 0.866025
vn 0.353553 -0.353553 0.866025
vn 0.433012 -0.25 0.866025
vn 0.482962 -0.129409 0.866025
vn 0.258819 -0 0.965925
vn -0 -0.707106 0.707106
vn 0.183012 -0.683012 0.707106
vn 0.353553 -0.612372 0.707106
vn 0.5 -0.5 0.707106
vn 0.612372 -0.353553 0.707106
vn 0.683012 -0.183012 0.707106
vn 0.5 -0 0.866025
vn -0 -0.866025 0.5
vn 0.224143 -0.836516 0.5
vn 0.433012 -0.75 0.5
vn 0.612372 -0.612372 0.5
vn 0.75 -0.433012 0.5
vn 0.836516 -0.224143 0.5
vn 0.707106 -0 0.707106
vn -0 -0.965925 0.258819
vn 0.25 -0.933012 0.258819
vn 0.482962 -0.836516 0.258819
vn 0.683012 -0.683012 0.258819
vn 0.836516 -0.482962 0.258819
vn 0.933012 -0.25 0.258819
vn 0.866025 -0 0.5
vn -0 -1 0
vn 0.258819 -0.965925 0
vn 0.5 -0.866025 0
vn 0.707106 -0.707106 0
vn 0.866025 -0.5 0
vn 0.965925 -0.258819 0
vn 0.965925 -0 0.258819
vn 1 -0 0
usemtl App9
f 7089//7089 7090//7090 7091//7091
f 7089//7089 7092//7092 7093//7093
f 7094//7094 7095//7095 7089//7089
f 7096//7096 7097//7097 7098//7098
f 7098//7098 7099//7099 7100//7100
f 7101//7101 7102//7102 7098//7098
f 7100//7100 7103//7103 7098//7098
f 7089//7089 7104//7104 7105//7105
f 7089//7089 7106//7106 7094//7094
f 7089//7089 7095//7095 7107//7107
f 7098//7098 7108//7108 7096//7096
f 7098//7098 7097//7097 7109//7109
f 7098//7098 7110//7110 7101//7101
f 7111//7111 7112//7112 7102//7102
f 7098//7098 7109//7109 7113//7113
f 7114//7114 7111//7111 7102//7102
f 7102//7102 7115//7115 7114//7114
f 7093//7093 7106//7106 7089//7089
f 7113//7113 7099//7099 7098//7098
f 7116//7116 7090//7090 7089//7089
f 7098//7098 7103//7103 7110//7110
f 7105//7105 7116//7116 7089//7089
f 7091//7091 7092//7092 7089//7089
f 7112//7112 7098//7098 7102//7102
f 7107//7107 7117//7117 7089//7089
f 7089//7089 7108//7108 7104//7104
f 7098//7098 7104//7104 7108//7108
v 0.033866 -0.001533 0.016625
v 0.033778 -0.001621 0.016324
v 0.034546 -0.00221 0.016324
v 0.033015 0.001 0.016884
v 0.032817 0.001 0.016625
v 0.032939 0.000072 0.016625
v 0.035472 -0.00246 0.016625
v 0.03544 -0.002581 0.016324
v 0.0364 -0.002707 0.016324
v 0.034608 -0.002102 0.016625
v 0.033297 -0.000791 0.016625
v 0.033189 -0.000853 0.016324
v 0.032818 0.00004 0.016324
v 0.032692 0.001 0.016324
v 0.035429 -0.002622 0.016
v 0.0364 -0.002749 0.016
v 0.034524 -0.002247 0.016
v 0.033748 -0.001651 0.016
v 0.033152 -0.000875 0.016
v 0.032777 0.000029 0.016
v 0.034007 -0.001392 0.016884
v 0.034189 -0.00121 0.017082
v 0.033693 -0.000562 0.017082
v 0.03265 0.001 0.016
v 0.033131 0.000124 0.016884
v 0.033469 -0.000692 0.016884
v 0.034707 -0.00193 0.016884
v 0.035524 -0.002268 0.016884
v 0.0364 -0.002582 0.016625
v 0.033274 0.001 0.017082
v 0.033381 0.000191 0.017082
v 0.034837 -0.001706 0.017082
v 0.035591 -0.002019 0.017082
v 0.0364 -0.002384 0.016884
v 0.033575 0.001 0.017207
v 0.033671 0.000269 0.017207
v 0.033954 -0.000412 0.017207
v 0.034402 -0.000997 0.017207
v 0.034987 -0.001445 0.017207
v 0.035669 -0.001728 0.017207
v 0.0364 -0.002125 0.017082
v 0.033899 0.001 0.017249
v 0.033984 0.000352 0.017249
v 0.034234 -0.00025 0.017249
v 0.034631 -0.000768 0.017249
v 0.035149 -0.001165 0.017249
v 0.035752 -0.001415 0.017249
v 0.0364 -0.001824 0.017207
v 0.0364 -0.001501 0.017249
v 0.0364 -0.001824 0.014792
v 0.0364 -0.002125 0.014917
v 0.035591 -0.002019 0.014917
v 0.035669 -0.001728 0.014792
v 0.034837 -0.001706 0.014917
v 0.034987 -0.001445 0.014792
v 0.034189 -0.00121 0.014917
v 0.034402 -0.000997 0.014792
v 0.033693 -0.000562 0.014917
v 0.033954 -0.000412 0.014792
v 0.033381 0.000191 0.014917
v 0.033671 0.000269 0.014792
v 0.033274 0.001 0.014917
v 0.0364 -0.001501 0.01475
v 0.035752 -0.001415 0.01475
v 0.035149 -0.001165 0.01475
v 0.034631 -0.000768 0.01475
v 0.034234 -0.00025 0.01475
v 0.033984 0.000352 0.01475
v 0.033575 0.001 0.014792
v 0.034524 -0.002247 0.015999
v 0.034546 -0.00221 0.015675
v 0.03544 -0.002581 0.015675
v 0.033899 0.001 0.01475
v 0.033015 0.001 0.015115
v 0.033131 0.000124 0.015115
v 0.033469 -0.000692 0.015115
v 0.034007 -0.001392 0.015115
v 0.034707 -0.00193 0.015115
v 0.035524 -0.002268 0.015115
v 0.032817 0.001 0.015374
v 0.032939 0.000072 0.015374
v 0.033297 -0.000791 0.015374
v 0.033866 -0.001533 0.015374
v 0.034608 -0.002102 0.015374
v 0.035472 -0.00246 0.015374
v 0.0364 -0.002384 0.015115
v 0.032692 0.001 0.015675
v 0.032818 0.00004 0.015675
v 0.033189 -0.000853 0.015675
v 0.033778 -0.001621 0.015675
v 0.0364 -0.002582 0.015374
v 0.03265 0.001 0.015999
v 0.032777 0.000029 0.015999
v 0.033152 -0.000875 0.015999
v 0.033748 -0.001651 0.015999
v 0.035429 -0.002622 0.015999
v 0.0364 -0.002707 0.015675
v 0.0364 -0.002749 0.015999
v 0.0364 -0.002707 0.016324
v 0.0364 -0.002749 0.016
v 0.0364 -0.001501 0.01475
v 0.0364 -0.000417 0.016625
v 0.0364 -0.001176 0.014792
v 0.0364 -0.000875 0.014917
v 0.0364 -0.0015 0.01475
v 0.0364 -0.000616 0.016883
v 0.0364 -0.002125 0.017082
v 0.0364 -0.002384 0.016884
v 0.0364 -0.002582 0.016625
v 0.0364 -0.002707 0.015675
v 0.0364 -0.002582 0.015374
v 0.0364 -0.002384 0.015115
v 0.0364 -0.000616 0.015116
v 0.0364 -0.001824 0.017207
v 0.0364 -0.002749 0.015999
v 0.0364 -0.002125 0.014917
v 0.0364 -0.001824 0.014792
v 0.0364 -0.000417 0.015375
v 0.0364 -0.000292 0.015676
v 0.0364 -0.000875 0.017082
v 0.0364 -0.001501 0.017249
v 0.0364 -0.00025 0.016
v 0.0364 -0.000292 0.016323
v 0.0364 -0.0015 0.017249
v 0.0364 -0.001176 0.017207
v 0.035429 -0.002622 0.015999
v 0.035429 -0.002622 0.016
v 0.034524 -0.002247 0.016
v 0.034524 -0.002247 0.015999
v 0.033748 -0.001651 0.016
v 0.033748 -0.001651 0.015999
v 0.033152 -0.000875 0.016
v 0.033152 -0.000875 0.015999
v 0.032777 0.000029 0.016
v 0.032777 0.000029 0.015999
v 0.03265 0.001 0.016
v 0.03265 0.001 0.015999
v 0.0364 -0.002749 0.015999
v 0.0364 -0.002749 0.016
v 0.035107 0.001 0.015676
v 0.034982 0.001 0.015375
v 0.0339 0.001 0.01475
v 0.034982 0.001 0.016625
v 0.035107 0.001 0.016323
v 0.034524 0.001 0.017082
v 0.034783 0.001 0.016883
v 0.033899 0.001 0.017249
v 0.03265 0.001 0.015999
v 0.03265 0.001 0.016
v 0.032817 0.001 0.015374
v 0.032692 0.001 0.015675
v 0.035149 0.001 0.016
v 0.033575 0.001 0.017207
v 0.032817 0.001 0.016625
v 0.033015 0.001 0.016884
v 0.032692 0.001 0.016324
v 0.034223 0.001 0.014792
v 0.034783 0.001 0.015116
v 0.033899 0.001 0.01475
v 0.0339 0.001 0.017249
v 0.033015 0.001 0.015115
v 0.033575 0.001 0.014792
v 0.033274 0.001 0.014917
v 0.034524 0.001 0.014917
v 0.033274 0.001 0.017082
v 0.034223 0.001 0.017207
v 0.035149 -0.001165 0.01475
v 0.035149 -0.001165 0.01475
v 0.035752 -0.001414 0.01475
v 0.034631 -0.000768 0.01475
v 0.034632 -0.000767 0.01475
v 0.034234 -0.00025 0.01475
v 0.034234 -0.00025 0.01475
v 0.035752 -0.001415 0.01475
v 0.0364 -0.0015 0.01475
v 0.0364 -0.001501 0.01475
v 0.033985 0.000352 0.01475
v 0.0339 0.001 0.01475
v 0.033984 0.000352 0.01475
v 0.033899 0.001 0.01475
v 0.034234 -0.00025 0.017249
v 0.034631 -0.000768 0.017249
v 0.034632 -0.000767 0.017249
v 0.035149 -0.001165 0.017249
v 0.035149 -0.001165 0.017249
v 0.035752 -0.001415 0.017249
v 0.035752 -0.001414 0.017249
v 0.0364 -0.001501 0.017249
v 0.0364 -0.0015 0.017249
v 0.033984 0.000352 0.017249
v 0.033985 0.000352 0.017249
v 0.0339 0.001 0.017249
v 0.034234 -0.00025 0.017249
v 0.033899 0.001 0.017249
v 0.035914 -0.000811 0.014917
v 0.035981 -0.000561 0.015116
v 0.0364 -0.000616 0.015116
v 0.034223 0.001 0.014792
v 0.034524 0.001 0.014917
v 0.034588 0.000514 0.014917
v 0.035192 0.000676 0.016
v 0.035151 0.000665 0.015676
v 0.035107 0.001 0.015676
v 0.034515 -0.000088 0.014792
v 0.034776 0.000062 0.014917
v 0.035074 -0.000325 0.014917
v 0.03486 -0.000539 0.014792
v 0.035462 -0.000623 0.014917
v 0.035311 -0.000884 0.014792
v 0.035836 -0.001102 0.014792
v 0.0364 -0.000875 0.014917
v 0.0339 0.001 0.01475
v 0.034297 0.000436 0.014792
v 0.033985 0.000352 0.01475
v 0.034234 -0.00025 0.01475
v 0.034632 -0.000767 0.01475
v 0.035149 -0.001165 0.01475
v 0.035752 -0.001414 0.01475
v 0.0364 -0.001176 0.014792
v 0.0364 -0.0015 0.01475
v 0.035591 -0.000399 0.015116
v 0.035257 -0.000142 0.015116
v 0.035 0.000191 0.015116
v 0.034838 0.000581 0.015116
v 0.0364 -0.000417 0.015375
v 0.036033 -0.000369 0.015375
v 0.035691 -0.000227 0.015375
v 0.035397 -0.230140E-5 0.015375
v 0.035172 0.000291 0.015375
v 0.03503 0.000633 0.015375
v 0.034783 0.001 0.015116
v 0.0364 -0.000292 0.015676
v 0.036065 -0.000248 0.015676
v 0.035753 -0.000119 0.015676
v 0.035485 0.000085 0.015676
v 0.03528 0.000353 0.015676
v 0.034982 0.001 0.015375
v 0.0364 -0.00025 0.016
v 0.036076 -0.000207 0.016
v 0.035774 -0.000082 0.016
v 0.035516 0.000116 0.016
v 0.035317 0.000375 0.016
v 0.035149 0.001 0.016
v 0.034223 0.001 0.017207
v 0.0339 0.001 0.017249
v 0.033985 0.000352 0.017249
v 0.034297 0.000436 0.017207
v 0.034234 -0.00025 0.017249
v 0.034515 -0.000088 0.017207
v 0.034632 -0.000767 0.017249
v 0.03486 -0.000539 0.017207
v 0.035149 -0.001165 0.017249
v 0.035311 -0.000884 0.017207
v 0.035752 -0.001414 0.017249
v 0.035836 -0.001102 0.017207
v 0.0364 -0.0015 0.017249
v 0.034524 0.001 0.017082
v 0.034588 0.000514 0.017082
v 0.034776 0.000062 0.017082
v 0.035074 -0.000325 0.017082
v 0.035462 -0.000623 0.017082
v 0.035914 -0.000811 0.017082
v 0.0364 -0.001176 0.017207
v 0.034783 0.001 0.016883
v 0.034838 0.000581 0.016883
v 0.035 0.000191 0.016883
v 0.035257 -0.000142 0.016883
v 0.035591 -0.000399 0.016883
v 0.035981 -0.000561 0.016883
v 0.0364 -0.000875 0.017082
v 0.034982 0.001 0.016625
v 0.03503 0.000633 0.016625
v 0.035172 0.000291 0.016625
v 0.035397 -0.230140E-5 0.016625
v 0.035691 -0.000227 0.016625
v 0.036033 -0.000369 0.016625
v 0.0364 -0.000616 0.016883
v 0.035107 0.001 0.016323
v 0.035151 0.000665 0.016323
v 0.03528 0.000353 0.016323
v 0.035485 0.000085 0.016323
v 0.035753 -0.000119 0.016323
v 0.036065 -0.000248 0.016323
v 0.0364 -0.000417 0.016625
v 0.035149 0.001 0.016
v 0.035192 0.000676 0.016
v 0.035317 0.000375 0.016
v 0.035516 0.000116 0.016
v 0.035774 -0.000082 0.016
v 0.036076 -0.000207 0.016
v 0.0364 -0.000292 0.016323
v 0.0364 -0.00025 0.016
vn -0.612372 -0.612372 0.5
vn -0.683012 -0.683012 0.258819
vn -0.482962 -0.836516 0.258819
vn -0.707106 0 0.707106
vn -0.866025 0 0.5
vn -0.836516 -0.224143 0.5
vn -0.224143 -0.836516 0.5
vn -0.25 -0.933012 0.258819
vn -0 -0.965925 0.258819
vn -0.433012 -0.75 0.5
vn -0.75 -0.433012 0.5
vn -0.836516 -0.482962 0.258819
vn -0.933012 -0.25 0.258819
vn -0.965925 0 0.258819
vn -0.258819 -0.965925 0
vn -0 -1 0
vn -0.5 -0.866025 0
vn -0.707106 -0.707106 0
vn -0.866025 -0.5 0
vn -0.965925 -0.258819 0
vn -0.5 -0.5 0.707106
vn -0.353553 -0.353553 0.866025
vn -0.433012 -0.25 0.866025
vn -1 0 0
vn -0.683012 -0.183012 0.707106
vn -0.612372 -0.353553 0.707106
vn -0.353553 -0.612372 0.707106
vn -0.183012 -0.683012 0.707106
vn -0 -0.866025 0.5
vn -0.5 0 0.866025
vn -0.482962 -0.129409 0.866025
vn -0.25 -0.433012 0.866025
vn -0.129409 -0.482962 0.866025
vn -0 -0.707106 0.707106
vn -0.258819 0 0.965925
vn -0.25 -0.066987 0.965925
vn -0.224143 -0.129409 0.965925
vn -0.183012 -0.183012 0.965925
vn -0.129409 -0.224143 0.965925
vn -0.066987 -0.25 0.965925
vn -0 -0.5 0.866025
vn -0 0 1
vn -0 0 1
vn -0 0 1
vn -0 0 1
vn -0 0 1
vn -0 0 1
vn -0 -0.258819 0.965925
vn -0 0 1
vn -0 -0.258819 -0.965925
vn -0 -0.5 -0.866025
vn -0.129409 -0.482962 -0.866025
vn -0.066987 -0.25 -0.965925
vn -0.25 -0.433012 -0.866025
vn -0.129409 -0.224143 -0.965925
vn -0.353553 -0.353553 -0.866025
vn -0.183012 -0.183012 -0.965925
vn -0.433012 -0.25 -0.866025
vn -0.224143 -0.129409 -0.965925
vn -0.482962 -0.129409 -0.866025
vn -0.25 -0.066987 -0.965925
vn -0.5 0 -0.866025
vn -0 -0 -1
vn -0 -0 -1
vn -0 -0 -1
vn -0 -0 -1
vn -0 0 -1
vn -0 0 -1
vn -0.258819 0 -0.965925
vn -0.5 -0.866025 0
vn -0.482962 -0.836516 -0.258819
vn -0.25 -0.933012 -0.258819
vn -0 0 -1
vn -0.707106 0 -0.707106
vn -0.683012 -0.183012 -0.707106
vn -0.612372 -0.353553 -0.707106
vn -0.5 -0.5 -0.707106
vn -0.353553 -0.612372 -0.707106
vn -0.183012 -0.683012 -0.707106
vn -0.866025 0 -0.5
vn -0.836516 -0.224143 -0.5
vn -0.75 -0.433012 -0.5
vn -0.612372 -0.612372 -0.5
vn -0.433012 -0.75 -0.5
vn -0.224143 -0.836516 -0.5
vn -0 -0.707106 -0.707106
vn -0.965925 0 -0.258819
vn -0.933012 -0.25 -0.258819
vn -0.836516 -0.482962 -0.258819
vn -0.683012 -0.683012 -0.258819
vn -0 -0.866025 -0.5
vn -1 0 0
vn -0.965925 -0.258819 0
vn -0.866025 -0.5 0
vn -0.707106 -0.707106 0
vn -0.258819 -0.965925 0
vn -0 -0.965925 -0.258819
vn -0 -1 0
vn 1 0 0
vn 1 0 0
vn 1 0 0
vn 1 0 0
vn 1 0 0
vn 1 0 0
vn 1 0 0
vn 1 0 0
vn 1 0 0
vn 1 0 0
vn 1 0 0
vn 1 0 0
vn 1 0 0
vn 1 0 0
vn 1 0 0
vn 1 0 0
vn 1 0 0
vn 1 0 0
vn 1 0 0
vn 1 0 0
vn 1 0 0
vn 1 0 0
vn 1 0 0
vn 1 0 0
vn 1 0 0
vn 1 0 0
vn 1 0 0
vn -0.258819 -0.965925 0
vn -0.258819 -0.965925 0
vn -0.5 -0.866025 0
vn -0.5 -0.866025 0
vn -0.707106 -0.707106 0
vn -0.707106 -0.707106 0
vn -0.866025 -0.5 0
vn -0.866025 -0.5 0
vn -0.965925 -0.258819 0
vn -0.965925 -0.258819 0
vn -1 -0 0
vn -1 -0 0
vn 0 -1 0
vn 0 -1 0
vn -0 1 0
vn -0 1 0
vn -0 1 0
vn -0 1 0
vn -0 1 0
vn -0 1 0
vn -0 1 0
vn -0 1 0
vn -0 1 0
vn -0 1 0
vn -0 1 0
vn -0 1 0
vn -0 1 0
vn -0 1 0
vn -0 1 0
vn -0 1 0
vn -0 1 0
vn -0 1 0
vn -0 1 0
vn -0 1 0
vn -0 1 0
vn -0 1 0
vn -0 1 0
vn -0 1 0
vn -0 1 0
vn -0 1 0
vn -0 1 0
vn 0 0 -1
vn 0 0 -1
vn 0 0 -1
vn 0 0 -1
vn 0 0 -1
vn 0 0 -1
vn 0 0 -1
vn 0 0 -1
vn 0 0 -1
vn 0 0 -1
vn 0 0 -1
vn 0 0 -1
vn 0 0 -1
vn 0 0 -1
vn 0 0 1
vn 0 0 1
vn 0 0 1
vn 0 0 1
vn 0 0 1
vn 0 0 1
vn 0 0 1
vn 0 0 1
vn 0 0 1
vn 0 0 1
vn 0 0 1
vn 0 0 1
vn 0 0 1
vn 0 0 1
vn 0.129409 0.482962 -0.866025
vn 0.183012 0.683012 -0.707106
vn 0 0.707106 -0.707106
vn 0.258819 -0 -0.965925
vn 0.5 -0 -0.866025
vn 0.482962 0.129409 -0.866025
vn 0.965925 0.258819 -0
vn 0.933012 0.25 -0.258819
vn 0.965925 -0 -0.258819
vn 0.224143 0.129409 -0.965925
vn 0.433012 0.25 -0.866025
vn 0.353553 0.353553 -0.866025
vn 0.183012 0.183012 -0.965925
vn 0.25 0.433012 -0.866025
vn 0.129409 0.224143 -0.965925
vn 0.066987 0.25 -0.965925
vn 0 0.5 -0.866025
vn 0 -0 -1
vn 0.25 0.066987 -0.965925
vn 0 -0 -1
vn 0 -0 -1
vn 0 -0 -1
vn 0 -0 -1
vn 0 -0 -1
vn 0 0.258819 -0.965925
vn 0 -0 -1
vn 0.353553 0.612372 -0.707106
vn 0.5 0.5 -0.707106
vn 0.612372 0.353553 -0.707106
vn 0.683012 0.183012 -0.707106
vn 0 0.866025 -0.5
vn 0.224143 0.836516 -0.5
vn 0.433012 0.75 -0.5
vn 0.612372 0.612372 -0.5
vn 0.75 0.433012 -0.5
vn 0.836516 0.224143 -0.5
vn 0.707106 -0 -0.707106
vn 0 0.965925 -0.258819
vn 0.25 0.933012 -0.258819
vn 0.482962 0.836516 -0.258819
vn 0.683012 0.683012 -0.258819
vn 0.836516 0.482962 -0.258819
vn 0.866025 -0 -0.5
vn 0 1 -0
vn 0.258819 0.965925 -0
vn 0.5 0.866025 -0
vn 0.707106 0.707106 -0
vn 0.866025 0.5 -0
vn 1 -0 -0
vn 0.258819 -0 0.965925
vn 0 0 1
vn 0 0 1
vn 0.25 0.066987 0.965925
vn 0 0 1
vn 0.224143 0.129409 0.965925
vn 0 0 1
vn 0.183012 0.183012 0.965925
vn 0 0 1
vn 0.129409 0.224143 0.965925
vn 0 0 1
vn 0.066987 0.25 0.965925
vn 0 0 1
vn 0.5 -0 0.866025
vn 0.482962 0.129409 0.866025
vn 0.433012 0.25 0.866025
vn 0.353553 0.353553 0.866025
vn 0.25 0.433012 0.866025
vn 0.129409 0.482962 0.866025
vn 0 0.258819 0.965925
vn 0.707106 -0 0.707106
vn 0.683012 0.183012 0.707106
vn 0.612372 0.353553 0.707106
vn 0.5 0.5 0.707106
vn 0.353553 0.612372 0.707106
vn 0.183012 0.683012 0.707106
vn 0 0.5 0.866025
vn 0.866025 -0 0.5
vn 0.836516 0.224143 0.5
vn 0.75 0.433012 0.5
vn 0.612372 0.612372 0.5
vn 0.433012 0.75 0.5
vn 0.224143 0.836516 0.5
vn 0 0.707106 0.707106
vn 0.965925 -0 0.258819
vn 0.933012 0.25 0.258819
vn 0.836516 0.482962 0.258819
vn 0.683012 0.683012 0.258819
vn 0.482962 0.836516 0.258819
vn 0.25 0.933012 0.258819
vn 0 0.866025 0.5
vn 1 -0 0
vn 0.965925 0.258819 0
vn 0.866025 0.5 0
vn 0.707106 0.707106 0
vn 0.5 0.866025 0
vn 0.258819 0.965925 0
vn 0 0.965925 0.258819
vn 0 1 0
usemtl AppA
f 7385//7385 7386//7386 7387//7387
f 7388//7388 7389//7389 7390//7390
f 7391//7391 7388//7388 7392//7392
f 7393//7393 7394//7394 7387//7387
f 7387//7387 7395//7395 7385//7385
f 7396//7396 7397//7397 7398//7398
f 7388//7388 7390//7390 7399//7399
f 7387//7387 7400//7400 7393//7393
f 7398//7398 7401//7401 7396//7396
f 7402//7402 7403//7403 7401//7401
f 7401//7401 7398//7398 7402//7402
f 7404//7404 7405//7405 7388//7388
f 7388//7388 7399//7399 7404//7404
f 7394//7394 7395//7395 7387//7387
f 7392//7392 7406//7406 7391//7391
f 7388//7388 7391//7391 7389//7389
f 7387//7387 7386//7386 7401//7401
f 7387//7387 7407//7407 7400//7400
f 7408//7408 7409//7409 7388//7388
f 7387//7387 7391//7391 7407//7407
f 7410//7410 7407//7407 7391//7391
f 7411//7411 7410//7410 7391//7391
f 7403//7403 7387//7387 7401//7401
f 7406//7406 7411//7411 7391//7391
f 7388//7388 7405//7405 7408//7408
f 7412//7412 7413//7413 7414//7414
f 7415//7415 7414//7414 7416//7416
f 7417//7417 7416//7416 7418//7418
f 7419//7419 7418//7418 7420//7420
f 7421//7421 7420//7420 7422//7422
f 7422//7422 7423//7423 7421//7421
f 7420//7420 7421//7421 7419//7419
f 7418//7418 7419//7419 7417//7417
f 7416//7416 7417//7417 7415//7415
f 7414//7414 7415//7415 7412//7412
f 7413//7413 7412//7412 7424//7424
f 7424//7424 7425//7425 7413//7413
f 7426//7426 7427//7427 7428//7428
f 7428//7428 7429//7429 7430//7430
f 7431//7431 7432//7432 7428//7428
f 7433//7433 7434//7434 7435//7435
f 7436//7436 7437//7437 7433//7433
f 7430//7430 7438//7438 7428//7428
f 7439//7439 7440//7440 7441//7441
f 7437//7437 7434//7434 7433//7433
f 7432//7432 7429//7429 7428//7428
f 7439//7439 7433//7433 7442//7442
f 7443//7443 7428//7428 7444//7444
f 7428//7428 7445//7445 7446//7446
f 7433//7433 7446//7446 7445//7445
f 7439//7439 7442//7442 7440//7440
f 7433//7433 7447//7447 7436//7436
f 7433//7433 7448//7448 7449//7449
f 7444//7444 7450//7450 7443//7443
f 7441//7441 7451//7451 7439//7439
f 7449//7449 7447//7447 7433//7433
f 7428//7428 7427//7427 7444//7444
f 7428//7428 7438//7438 7426//7426
f 7428//7428 7452//7452 7431//7431
f 7433//7433 7435//7435 7442//7442
f 7433//7433 7445//7445 7448//7448
f 7428//7428 7446//7446 7452//7452
f 7453//7453 7454//7454 7455//7455
f 7456//7456 7457//7457 7454//7454
f 7458//7458 7459//7459 7457//7457
f 7455//7455 7460//7460 7453//7453
f 7457//7457 7456//7456 7458//7458
f 7461//7461 7462//7462 7460//7460
f 7463//7463 7459//7459 7458//7458
f 7464//7464 7463//7463 7465//7465
f 7454//7454 7453//7453 7456//7456
f 7465//7465 7466//7466 7464//7464
f 7458//7458 7465//7465 7463//7463
f 7460//7460 7455//7455 7461//7461
f 7467//7467 7468//7468 7469//7469
f 7468//7468 7470//7470 7471//7471
f 7470//7470 7472//7472 7473//7473
f 7472//7472 7474//7474 7475//7475
f 7476//7476 7477//7477 7478//7478
f 7467//7467 7479//7479 7477//7477
f 7471//7471 7469//7469 7468//7468
f 7475//7475 7473//7473 7472//7472
f 7477//7477 7476//7476 7467//7467
f 7473//7473 7471//7471 7470//7470
f 7469//7469 7479//7479 7467//7467
f 7478//7478 7480//7480 7476//7476
v 0.033866 -0.001533 0.016625
v 0.033778 -0.001621 0.016324
v 0.034546 -0.00221 0.016324
v 0.033015 0.001 0.016884
v 0.032817 0.001 0.016625
v 0.032939 0.000072 0.016625
v 0.035472 -0.00246 0.016625
v 0.03544 -0.002581 0.016324
v 0.0364 -0.002707 0.016324
v 0.034608 -0.002102 0.016625
v 0.033297 -0.000791 0.016625
v 0.033189 -0.000853 0.016324
v 0.032818 0.00004 0.016324
v 0.032692 0.001 0.016324
v 0.035429 -0.002622 0.016
v 0.0364 -0.002749 0.016
v 0.034524 -0.002247 0.016
v 0.033748 -0.001651 0.016
v 0.033152 -0.000875 0.016
v 0.032777 0.000029 0.016
v 0.034007 -0.001392 0.016884
v 0.034189 -0.00121 0.017082
v 0.033693 -0.000562 0.017082
v 0.03265 0.001 0.016
v 0.033131 0.000124 0.016884
v 0.033469 -0.000692 0.016884
v 0.034707 -0.00193 0.016884
v 0.035524 -0.002268 0.016884
v 0.0364 -0.002582 0.016625
v 0.033274 0.001 0.017082
v 0.033381 0.000191 0.017082
v 0.034837 -0.001706 0.017082
v 0.035591 -0.002019 0.017082
v 0.0364 -0.002384 0.016884
v 0.033575 0.001 0.017207
v 0.033671 0.000269 0.017207
v 0.033954 -0.000412 0.017207
v 0.034402 -0.000997 0.017207
v 0.034987 -0.001445 0.017207
v 0.035669 -0.001728 0.017207
v 0.0364 -0.002125 0.017082
v 0.033899 0.001 0.017249
v 0.033984 0.000352 0.017249
v 0.034234 -0.00025 0.017249
v 0.034631 -0.000768 0.017249
v 0.035149 -0.001165 0.017249
v 0.035752 -0.001415 0.017249
v 0.0364 -0.001824 0.017207
v 0.0364 -0.001501 0.017249
v 0.0364 -0.001824 0.014792
v 0.0364 -0.002125 0.014917
v 0.035591 -0.002019 0.014917
v 0.035669 -0.001728 0.014792
v 0.034837 -0.001706 0.014917
v 0.034987 -0.001445 0.014792
v 0.034189 -0.00121 0.014917
v 0.034402 -0.000997 0.014792
v 0.033693 -0.000562 0.014917
v 0.033954 -0.000412 0.014792
v 0.033381 0.000191 0.014917
v 0.033671 0.000269 0.014792
v 0.033274 0.001 0.014917
v 0.0364 -0.001501 0.01475
v 0.035752 -0.001415 0.01475
v 0.035149 -0.001165 0.01475
v 0.034631 -0.000768 0.01475
v 0.034234 -0.00025 0.01475
v 0.033984 0.000352 0.01475
v 0.033575 0.001 0.014792
v 0.034524 -0.002247 0.015999
v 0.034546 -0.00221 0.015675
v 0.03544 -0.002581 0.015675
v 0.033899 0.001 0.01475
v 0.033015 0.001 0.015115
v 0.033131 0.000124 0.015115
v 0.033469 -0.000692 0.015115
v 0.034007 -0.001392 0.015115
v 0.034707 -0.00193 0.015115
v 0.035524 -0.002268 0.015115
v 0.032817 0.001 0.015374
v 0.032939 0.000072 0.015374
v 0.033297 -0.000791 0.015374
v 0.033866 -0.001533 0.015374
v 0.034608 -0.002102 0.015374
v 0.035472 -0.00246 0.015374
v 0.0364 -0.002384 0.015115
v 0.032692 0.001 0.015675
v 0.032818 0.00004 0.015675
v 0.033189 -0.000853 0.015675
v 0.033778 -0.001621 0.015675
v 0.0364 -0.002582 0.015374
v 0.03265 0.001 0.015999
v 0.032777 0.000029 0.015999
v 0.033152 -0.000875 0.015999
v 0.033748 -0.001651 0.015999
v 0.035429 -0.002622 0.015999
v 0.0364 -0.002707 0.015675
v 0.0364 -0.002749 0.015999
v 0.0364 -0.002707 0.016324
v 0.0364 -0.002749 0.016
v 0.0364 -0.001501 0.01475
v 0.0364 -0.000417 0.016625
v 0.0364 -0.001176 0.014792
v 0.0364 -0.000875 0.014917
v 0.0364 -0.0015 0.01475
v 0.0364 -0.000616 0.016883
v 0.0364 -0.002125 0.017082
v 0.0364 -0.002384 0.016884
v 0.0364 -0.002582 0.016625
v 0.0364 -0.002707 0.015675
v 0.0364 -0.002582 0.015374
v 0.0364 -0.002384 0.015115
v 0.0364 -0.000616 0.015116
v 0.0364 -0.001824 0.017207
v 0.0364 -0.002749 0.015999
v 0.0364 -0.002125 0.014917
v 0.0364 -0.001824 0.014792
v 0.0364 -0.000417 0.015375
v 0.0364 -0.000292 0.015676
v 0.0364 -0.000875 0.017082
v 0.0364 -0.001501 0.017249
v 0.0364 -0.00025 0.016
v 0.0364 -0.000292 0.016323
v 0.0364 -0.0015 0.017249
v 0.0364 -0.001176 0.017207
v 0.035429 -0.002622 0.015999
v 0.035429 -0.002622 0.016
v 0.034524 -0.002247 0.016
v 0.034524 -0.002247 0.015999
v 0.033748 -0.001651 0.016
v 0.033748 -0.001651 0.015999
v 0.033152 -0.000875 0.016
v 0.033152 -0.000875 0.015999
v 0.032777 0.000029 0.016
v 0.032777 0.000029 0.015999
v 0.03265 0.001 0.016
v 0.03265 0.001 0.015999
v 0.0364 -0.002749 0.015999
v 0.0364 -0.002749 0.016
v 0.035107 0.001 0.015676
v 0.034982 0.001 0.015375
v 0.0339 0.001 0.01475
v 0.034982 0.001 0.016625
v 0.035107 0.001 0.016323
v 0.034524 0.001 0.017082
v 0.034783 0.001 0.016883
v 0.033899 0.001 0.017249
v 0.03265 0.001 0.015999
v 0.03265 0.001 0.016
v 0.032817 0.001 0.015374
v 0.032692 0.001 0.015675
v 0.035149 0.001 0.016
v 0.033575 0.001 0.017207
v 0.032817 0.001 0.016625
v 0.033015 0.001 0.016884
v 0.032692 0.001 0.016324
v 0.034223 0.001 0.014792
v 0.034783 0.001 0.015116
v 0.033899 0.001 0.01475
v 0.0339 0.001 0.017249
v 0.033015 0.001 0.015115
v 0.033575 0.001 0.014792
v 0.033274 0.001 0.014917
v 0.034524 0.001 0.014917
v 0.033274 0.001 0.017082
v 0.034223 0.001 0.017207
v 0.035149 -0.001165 0.01475
v 0.035149 -0.001165 0.01475
v 0.035752 -0.001414 0.01475
v 0.034631 -0.000768 0.01475
v 0.034632 -0.000767 0.01475
v 0.034234 -0.00025 0.01475
v 0.034234 -0.00025 0.01475
v 0.035752 -0.001415 0.01475
v 0.0364 -0.0015 0.01475
v 0.0364 -0.001501 0.01475
v 0.033985 0.000352 0.01475
v 0.0339 0.001 0.01475
v 0.033984 0.000352 0.01475
v 0.033899 0.001 0.01475
v 0.034234 -0.00025 0.017249
v 0.034631 -0.000768 0.017249
v 0.034632 -0.000767 0.017249
v 0.035149 -0.001165 0.017249
v 0.035149 -0.001165 0.017249
v 0.035752 -0.001415 0.017249
v 0.035752 -0.001414 0.017249
v 0.0364 -0.001501 0.017249
v 0.0364 -0.0015 0.017249
v 0.033984 0.000352 0.017249
v 0.033985 0.000352 0.017249
v 0.0339 0.001 0.017249
v 0.034234 -0.00025 0.017249
v 0.033899 0.001 0.017249
v 0.035914 -0.000811 0.014917
v 0.035981 -0.000561 0.015116
v 0.0364 -0.000616 0.015116
v 0.034223 0.001 0.014792
v 0.034524 0.001 0.014917
v 0.034588 0.000514 0.014917
v 0.035192 0.000676 0.016
v 0.035151 0.000665 0.015676
v 0.035107 0.001 0.015676
v 0.034515 -0.000088 0.014792
v 0.034776 0.000062 0.014917
v 0.035074 -0.000325 0.014917
v 0.03486 -0.000539 0.014792
v 0.035462 -0.000623 0.014917
v 0.035311 -0.000884 0.014792
v 0.035836 -0.001102 0.014792
v 0.0364 -0.000875 0.014917
v 0.0339 0.001 0.01475
v 0.034297 0.000436 0.014792
v 0.033985 0.000352 0.01475
v 0.034234 -0.00025 0.01475
v 0.034632 -0.000767 0.01475
v 0.035149 -0.001165 0.01475
v 0.035752 -0.001414 0.01475
v 0.0364 -0.001176 0.014792
v 0.0364 -0.0015 0.01475
v 0.035591 -0.000399 0.015116
v 0.035257 -0.000142 0.015116
v 0.035 0.000191 0.015116
v 0.034838 0.000581 0.015116
v 0.0364 -0.000417 0.015375
v 0.036033 -0.000369 0.015375
v 0.035691 -0.000227 0.015375
v 0.035397 -0.230140E-5 0.015375
v 0.035172 0.000291 0.015375
v 0.03503 0.000633 0.015375
v 0.034783 0.001 0.015116
v 0.0364 -0.000292 0.015676
v 0.036065 -0.000248 0.015676
v 0.035753 -0.000119 0.015676
v 0.035485 0.000085 0.015676
v 0.03528 0.000353 0.015676
v 0.034982 0.001 0.015375
v 0.0364 -0.00025 0.016
v 0.036076 -0.000207 0.016
v 0.035774 -0.000082 0.016
v 0.035516 0.000116 0.016
v 0.035317 0.000375 0.016
v 0.035149 0.001 0.016
v 0.034223 0.001 0.017207
v 0.0339 0.001 0.017249
v 0.033985 0.000352 0.017249
v 0.034297 0.000436 0.017207
v 0.034234 -0.00025 0.017249
v 0.034515 -0.000088 0.017207
v 0.034632 -0.000767 0.017249
v 0.03486 -0.000539 0.017207
v 0.035149 -0.001165 0.017249
v 0.035311 -0.000884 0.017207
v 0.035752 -0.001414 0.017249
v 0.035836 -0.001102 0.017207
v 0.0364 -0.0015 0.017249
v 0.034524 0.001 0.017082
v 0.034588 0.000514 0.017082
v 0.034776 0.000062 0.017082
v 0.035074 -0.000325 0.017082
v 0.035462 -0.000623 0.017082
v 0.035914 -0.000811 0.017082
v 0.0364 -0.001176 0.017207
v 0.034783 0.001 0.016883
v 0.034838 0.000581 0.016883
v 0.035 0.000191 0.016883
v 0.035257 -0.000142 0.016883
v 0.035591 -0.000399 0.016883
v 0.035981 -0.000561 0.016883
v 0.0364 -0.000875 0.017082
v 0.034982 0.001 0.016625
v 0.03503 0.000633 0.016625
v 0.035172 0.000291 0.016625
v 0.035397 -0.230140E-5 0.016625
v 0.035691 -0.000227 0.016625
v 0.036033 -0.000369 0.016625
v 0.0364 -0.000616 0.016883
v 0.035107 0.001 0.016323
v 0.035151 0.000665 0.016323
v 0.03528 0.000353 0.016323
v 0.035485 0.000085 0.016323
v 0.035753 -0.000119 0.016323
v 0.036065 -0.000248 0.016323
v 0.0364 -0.000417 0.016625
v 0.035149 0.001 0.016
v 0.035192 0.000676 0.016
v 0.035317 0.000375 0.016
v 0.035516 0.000116 0.016
v 0.035774 -0.000082 0.016
v 0.036076 -0.000207 0.016
v 0.0364 -0.000292 0.016323
v 0.0364 -0.00025 0.016
vn -0.612372 -0.612372 0.5
vn -0.683012 -0.683012 0.258819
vn -0.482962 -0.836516 0.258819
vn -0.707106 0 0.707106
vn -0.866025 0 0.5
vn -0.836516 -0.224143 0.5
vn -0.224143 -0.836516 0.5
vn -0.25 -0.933012 0.258819
vn -0 -0.965925 0.258819
vn -0.433012 -0.75 0.5
vn -0.75 -0.433012 0.5
vn -0.836516 -0.482962 0.258819
vn -0.933012 -0.25 0.258819
vn -0.965925 0 0.258819
vn -0.258819 -0.965925 0
vn -0 -1 0
vn -0.5 -0.866025 0
vn -0.707106 -0.707106 0
vn -0.866025 -0.5 0
vn -0.965925 -0.258819 0
vn -0.5 -0.5 0.707106
vn -0.353553 -0.353553 0.866025
vn -0.433012 -0.25 0.866025
vn -1 0 0
vn -0.683012 -0.183012 0.707106
vn -0.612372 -0.353553 0.707106
vn -0.353553 -0.612372 0.707106
vn -0.183012 -0.683012 0.707106
vn -0 -0.866025 0.5
vn -0.5 0 0.866025
vn -0.482962 -0.129409 0.866025
vn -0.25 -0.433012 0.866025
vn -0.129409 -0.482962 0.866025
vn -0 -0.707106 0.707106
vn -0.258819 0 0.965925
vn -0.25 -0.066987 0.965925
vn -0.224143 -0.129409 0.965925
vn -0.183012 -0.183012 0.965925
vn -0.129409 -0.224143 0.965925
vn -0.066987 -0.25 0.965925
vn -0 -0.5 0.866025
vn -0 0 1
vn -0 0 1
vn -0 0 1
vn -0 0 1
vn -0 0 1
vn -0 0 1
vn -0 -0.258819 0.965925
vn -0 0 1
vn -0 -0.258819 -0.965925
vn -0 -0.5 -0.866025
vn -0.129409 -0.482962 -0.866025
vn -0.066987 -0.25 -0.965925
vn -0.25 -0.433012 -0.866025
vn -0.129409 -0.224143 -0.965925
vn -0.353553 -0.353553 -0.866025
vn -0.183012 -0.183012 -0.965925
vn -0.433012 -0.25 -0.866025
vn -0.224143 -0.129409 -0.965925
vn -0.482962 -0.129409 -0.866025
vn -0.25 -0.066987 -0.965925
vn -0.5 0 -0.866025
vn -0 -0 -1
vn -0 -0 -1
vn -0 -0 -1
vn -0 -0 -1
vn -0 0 -1
vn -0 0 -1
vn -0.258819 0 -0.965925
vn -0.5 -0.866025 0
vn -0.482962 -0.836516 -0.258819
vn -0.25 -0.933012 -0.258819
vn -0 0 -1
vn -0.707106 0 -0.707106
vn -0.683012 -0.183012 -0.707106
vn -0.612372 -0.353553 -0.707106
vn -0.5 -0.5 -0.707106
vn -0.353553 -0.612372 -0.707106
vn -0.183012 -0.683012 -0.707106
vn -0.866025 0 -0.5
vn -0.836516 -0.224143 -0.5
vn -0.75 -0.433012 -0.5
vn -0.612372 -0.612372 -0.5
vn -0.433012 -0.75 -0.5
vn -0.224143 -0.836516 -0.5
vn -0 -0.707106 -0.707106
vn -0.965925 0 -0.258819
vn -0.933012 -0.25 -0.258819
vn -0.836516 -0.482962 -0.258819
vn -0.683012 -0.683012 -0.258819
vn -0 -0.866025 -0.5
vn -1 0 0
vn -0.965925 -0.258819 0
vn -0.866025 -0.5 0
vn -0.707106 -0.707106 0
vn -0.258819 -0.965925 0
vn -0 -0.965925 -0.258819
vn -0 -1 0
vn 1 0 0
vn 1 0 0
vn 1 0 0
vn 1 0 0
vn 1 0 0
vn 1 0 0
vn 1 0 0
vn 1 0 0
vn 1 0 0
vn 1 0 0
vn 1 0 0
vn 1 0 0
vn 1 0 0
vn 1 0 0
vn 1 0 0
vn 1 0 0
vn 1 0 0
vn 1 0 0
vn 1 0 0
vn 1 0 0
vn 1 0 0
vn 1 0 0
vn 1 0 0
vn 1 0 0
vn 1 0 0
vn 1 0 0
vn 1 0 0
vn -0.258819 -0.965925 0
vn -0.258819 -0.965925 0
vn -0.5 -0.866025 0
vn -0.5 -0.866025 0
vn -0.707106 -0.707106 0
vn -0.707106 -0.707106 0
vn -0.866025 -0.5 0
vn -0.866025 -0.5 0
vn -0.965925 -0.258819 0
vn -0.965925 -0.258819 0
vn -1 -0 0
vn -1 -0 0
vn 0 -1 0
vn 0 -1 0
vn -0 1 0
vn -0 1 0
vn -0 1 0
vn -0 1 0
vn -0 1 0
vn -0 1 0
vn -0 1 0
vn -0 1 0
vn -0 1 0
vn -0 1 0
vn -0 1 0
vn -0 1 0
vn -0 1 0
vn -0 1 0
vn -0 1 0
vn -0 1 0
vn -0 1 0
vn -0 1 0
vn -0 1 0
vn -0 1 0
vn -0 1 0
vn -0 1 0
vn -0 1 0
vn -0 1 0
vn -0 1 0
vn -0 1 0
vn -0 1 0
vn 0 0 -1
vn 0 0 -1
vn 0 0 -1
vn 0 0 -1
vn 0 0 -1
vn 0 0 -1
vn 0 0 -1
vn 0 0 -1
vn 0 0 -1
vn 0 0 -1
vn 0 0 -1
vn 0 0 -1
vn 0 0 -1
vn 0 0 -1
vn 0 0 1
vn 0 0 1
vn 0 0 1
vn 0 0 1
vn 0 0 1
vn 0 0 1
vn 0 0 1
vn 0 0 1
vn 0 0 1
vn 0 0 1
vn 0 0 1
vn 0 0 1
vn 0 0 1
vn 0 0 1
vn 0.129409 0.482962 -0.866025
vn 0.183012 0.683012 -0.707106
vn 0 0.707106 -0.707106
vn 0.258819 -0 -0.965925
vn 0.5 -0 -0.866025
vn 0.482962 0.129409 -0.866025
vn 0.965925 0.258819 -0
vn 0.933012 0.25 -0.258819
vn 0.965925 -0 -0.258819
vn 0.224143 0.129409 -0.965925
vn 0.433012 0.25 -0.866025
vn 0.353553 0.353553 -0.866025
vn 0.183012 0.183012 -0.965925
vn 0.25 0.433012 -0.866025
vn 0.129409 0.224143 -0.965925
vn 0.066987 0.25 -0.965925
vn 0 0.5 -0.866025
vn 0 -0 -1
vn 0.25 0.066987 -0.965925
vn 0 -0 -1
vn 0 -0 -1
vn 0 -0 -1
vn 0 -0 -1
vn 0 -0 -1
vn 0 0.258819 -0.965925
vn 0 -0 -1
vn 0.353553 0.612372 -0.707106
vn 0.5 0.5 -0.707106
vn 0.612372 0.353553 -0.707106
vn 0.683012 0.183012 -0.707106
vn 0 0.866025 -0.5
vn 0.224143 0.836516 -0.5
vn 0.433012 0.75 -0.5
vn 0.612372 0.612372 -0.5
vn 0.75 0.433012 -0.5
vn 0.836516 0.224143 -0.5
vn 0.707106 -0 -0.707106
vn 0 0.965925 -0.258819
vn 0.25 0.933012 -0.258819
vn 0.482962 0.836516 -0.258819
vn 0.683012 0.683012 -0.258819
vn 0.836516 0.482962 -0.258819
vn 0.866025 -0 -0.5
vn 0 1 -0
vn 0.258819 0.965925 -0
vn 0.5 0.866025 -0
vn 0.707106 0.707106 -0
vn 0.866025 0.5 -0
vn 1 -0 -0
vn 0.258819 -0 0.965925
vn 0 0 1
vn 0 0 1
vn 0.25 0.066987 0.965925
vn 0 0 1
vn 0.224143 0.129409 0.965925
vn 0 0 1
vn 0.183012 0.183012 0.965925
vn 0 0 1
vn 0.129409 0.224143 0.965925
vn 0 0 1
vn 0.066987 0.25 0.965925
vn 0 0 1
vn 0.5 -0 0.866025
vn 0.482962 0.129409 0.866025
vn 0.433012 0.25 0.866025
vn 0.353553 0.353553 0.866025
vn 0.25 0.433012 0.866025
vn 0.129409 0.482962 0.866025
vn 0 0.258819 0.965925
vn 0.707106 -0 0.707106
vn 0.683012 0.183012 0.707106
vn 0.612372 0.353553 0.707106
vn 0.5 0.5 0.707106
vn 0.353553 0.612372 0.707106
vn 0.183012 0.683012 0.707106
vn 0 0.5 0.866025
vn 0.866025 -0 0.5
vn 0.836516 0.224143 0.5
vn 0.75 0.433012 0.5
vn 0.612372 0.612372 0.5
vn 0.433012 0.75 0.5
vn 0.224143 0.836516 0.5
vn 0 0.707106 0.707106
vn 0.965925 -0 0.258819
vn 0.933012 0.25 0.258819
vn 0.836516 0.482962 0.258819
vn 0.683012 0.683012 0.258819
vn 0.482962 0.836516 0.258819
vn 0.25 0.933012 0.258819
vn 0 0.866025 0.5
vn 1 -0 0
vn 0.965925 0.258819 0
vn 0.866025 0.5 0
vn 0.707106 0.707106 0
vn 0.5 0.866025 0
vn 0.258819 0.965925 0
vn 0 0.965925 0.258819
vn 0 1 0
usemtl AppB
f 7628//7628 7629//7629 7630//7630
f 7631//7631 7630//7630 7632//7632
f 7633//7633 7632//7632 7634//7634
f 7635//7635 7634//7634 7636//7636
f 7637//7637 7636//7636 7638//7638
f 7639//7639 7638//7638 7640//7640
f 7641//7641 7628//7628 7631//7631
f 7642//7642 7631//7631 7633//7633
f 7643//7643 7633//7633 7635//7635
f 7644//7644 7635//7635 7637//7637
f 7645//7645 7637//7637 7639//7639
f 7646//7646 7639//7639 7647//7647
f 7634//7634 7635//7635 7633//7633
f 7648//7648 7649//7649 7650//7650
f 7647//7647 7651//7651 7646//7646
f 7639//7639 7646//7646 7645//7645
f 7637//7637 7645//7645 7644//7644
f 7635//7635 7644//7644 7643//7643
f 7633//7633 7643//7643 7642//7642
f 7631//7631 7642//7642 7641//7641
f 7640//7640 7647//7647 7639//7639
f 7638//7638 7639//7639 7637//7637
f 7636//7636 7637//7637 7635//7635
f 7632//7632 7633//7633 7631//7631
f 7630//7630 7631//7631 7628//7628
f 7652//7652 7640//7640 7638//7638
f 7653//7653 7638//7638 7636//7636
f 7654//7654 7636//7636 7634//7634
f 7655//7655 7634//7634 7632//7632
f 7656//7656 7632//7632 7630//7630
f 7657//7657 7630//7630 7629//7629
f 7658//7658 7652//7652 7653//7653
f 7659//7659 7653//7653 7654//7654
f 7660//7660 7654//7654 7655//7655
f 7661//7661 7655//7655 7656//7656
f 7662//7662 7656//7656 7657//7657
f 7663//7663 7657//7657 7664//7664
f 7665//7665 7658//7658 7659//7659
f 7666//7666 7659//7659 7660//7660
f 7667//7667 7660//7660 7661//7661
f 7668//7668 7661//7661 7662//7662
f 7649//7649 7662//7662 7663//7663
f 7650//7650 7663//7663 7669//7669
f 7670//7670 7665//7665 7666//7666
f 7671//7671 7666//7666 7667//7667
f 7672//7672 7667//7667 7668//7668
f 7673//7673 7668//7668 7649//7649
f 7674//7674 7650//7650 7675//7675
f 7675//7675 7676//7676 7674//7674
f 7650//7650 7674//7674 7648//7648
f 7649//7649 7648//7648 7673//7673
f 7655//7655 7661//7661 7660//7660
f 7668//7668 7673//7673 7672//7672
f 7667//7667 7672//7672 7671//7671
f 7666//7666 7671//7671 7670//7670
f 7669//7669 7675//7675 7650//7650
f 7663//7663 7650//7650 7649//7649
f 7662//7662 7649//7649 7668//7668
f 7661//7661 7668//7668 7667//7667
f 7660//7660 7667//7667 7666//7666
f 7659//7659 7666//7666 7665//7665
f 7664//7664 7669//7669 7663//7663
f 7657//7657 7663//7663 7662//7662
f 7656//7656 7662//7662 7661//7661
f 7654//7654 7660//7660 7659//7659
f 7653//7653 7659//7659 7658//7658
f 7629//7629 7664//7664 7657//7657
f 7630//7630 7657//7657 7656//7656
f 7632//7632 7656//7656 7655//7655
f 7634//7634 7655//7655 7654//7654
f 7636//7636 7654//7654 7653//7653
f 7638//7638 7653//7653 7652//7652
f 7579//7579 7580//7580 7581//7581
f 7582//7582 7583//7583 7584//7584
f 7585//7585 7586//7586 7587//7587
f 7588//7588 7581//7581 7586//7586
f 7589//7589 7590//7590 7580//7580
f 7584//7584 7591//7591 7590//7590
f 7583//7583 7592//7592 7591//7591
f 7586//7586 7593//7593 7594//7594
f 7581//7581 7595//7595 7593//7593
f 7580//7580 7596//7596 7595//7595
f 7590//7590 7597//7597 7596//7596
f 7591//7591 7598//7598 7597//7597
f 7599//7599 7600//7600 7601//7601
f 7592//7592 7602//7602 7598//7598
f 7603//7603 7584//7584 7589//7589
f 7604//7604 7589//7589 7579//7579
f 7599//7599 7579//7579 7588//7588
f 7605//7605 7588//7588 7585//7585
f 7606//7606 7585//7585 7607//7607
f 7608//7608 7582//7582 7603//7603
f 7609//7609 7603//7603 7604//7604
f 7601//7601 7604//7604 7599//7599
f 7600//7600 7599//7599 7605//7605
f 7610//7610 7605//7605 7606//7606
f 7611//7611 7606//7606 7612//7612
f 7613//7613 7608//7608 7609//7609
f 7614//7614 7609//7609 7601//7601
f 7615//7615 7601//7601 7600//7600
f 7616//7616 7600//7600 7610//7610
f 7617//7617 7610//7610 7611//7611
f 7618//7618 7611//7611 7619//7619
f 7620//7620 7613//7613 7614//7614
f 7621//7621 7614//7614 7615//7615
f 7622//7622 7615//7615 7616//7616
f 7623//7623 7616//7616 7617//7617
f 7624//7624 7617//7617 7618//7618
f 7625//7625 7618//7618 7626//7626
f 7626//7626 7627//7627 7625//7625
f 7618//7618 7625//7625 7624//7624
f 7617//7617 7624//7624 7623//7623
f 7616//7616 7623//7623 7622//7622
f 7615//7615 7622//7622 7621//7621
f 7614//7614 7621//7621 7620//7620
f 7619//7619 7626//7626 7618//7618
f 7611//7611 7618//7618 7617//7617
f 7610//7610 7617//7617 7616//7616
f 7600//7600 7616//7616 7615//7615
f 7601//7601 7615//7615 7614//7614
f 7609//7609 7614//7614 7613//7613
f 7612//7612 7619//7619 7611//7611
f 7606//7606 7611//7611 7610//7610
f 7605//7605 7610//7610 7600//7600
f 7604//7604 7601//7601 7609//7609
f 7603//7603 7609//7609 7608//7608
f 7607//7607 7612//7612 7606//7606
f 7585//7585 7606//7606 7605//7605
f 7588//7588 7605//7605 7599//7599
f 7579//7579 7599//7599 7604//7604
f 7589//7589 7604//7604 7603//7603
f 7584//7584 7603//7603 7582//7582
f 7587//7587 7607//7607 7585//7585
f 7586//7586 7585//7585 7588//7588
f 7581//7581 7588//7588 7579//7579
f 7580//7580 7579//7579 7589//7589
f 7590//7590 7589//7589 7584//7584
f 7591//7591 7584//7584 7583//7583
f 7594//7594 7587//7587 7586//7586
f 7593//7593 7586//7586 7581//7581
f 7595//7595 7581//7581 7580//7580
f 7596//7596 7580//7580 7590//7590
f 7597//7597 7590//7590 7591//7591
f 7598//7598 7591//7591 7592//7592
f 7822//7822 7823//7823 7824//7824
f 7825//7825 7824//7824 7826//7826
f 7827//7827 7826//7826 7828//7828
f 7829//7829 7828//7828 7830//7830
f 7831//7831 7830//7830 7832//7832
f 7833//7833 7832//7832 7834//7834
f 7835//7835 7822//7822 7825//7825
f 7836//7836 7825//7825 7827//7827
f 7837//7837 7827//7827 7829//7829
f 7838//7838 7829//7829 7831//7831
f 7839//7839 7831//7831 7833//7833
f 7840//7840 7833//7833 7841//7841
f 7842//7842 7835//7835 7836//7836
f 7843//7843 7836//7836 7837//7837
f 7844//7844 7837//7837 7838//7838
f 7845//7845 7838//7838 7839//7839
f 7846//7846 7839//7839 7840//7840
f 7847//7847 7840//7840 7848//7848
f 7849//7849 7842//7842 7843//7843
f 7850//7850 7843//7843 7844//7844
f 7851//7851 7844//7844 7845//7845
f 7852//7852 7845//7845 7846//7846
f 7853//7853 7846//7846 7847//7847
f 7854//7854 7847//7847 7855//7855
f 7856//7856 7849//7849 7850//7850
f 7857//7857 7850//7850 7851//7851
f 7858//7858 7851//7851 7852//7852
f 7859//7859 7852//7852 7853//7853
f 7860//7860 7853//7853 7854//7854
f 7861//7861 7854//7854 7862//7862
f 7863//7863 7856//7856 7857//7857
f 7864//7864 7857//7857 7858//7858
f 7865//7865 7858//7858 7859//7859
f 7866//7866 7859//7859 7860//7860
f 7867//7867 7860//7860 7861//7861
f 7868//7868 7861//7861 7869//7869
f 7869//7869 7870//7870 7868//7868
f 7861//7861 7868//7868 7867//7867
f 7860//7860 7867//7867 7866//7866
f 7859//7859 7866//7866 7865//7865
f 7858//7858 7865//7865 7864//7864
f 7857//7857 7864//7864 7863//7863
f 7862//7862 7869//7869 7861//7861
f 7854//7854 7861//7861 7860//7860
f 7853//7853 7860//7860 7859//7859
f 7852//7852 7859//7859 7858//7858
f 7851//7851 7858//7858 7857//7857
f 7850//7850 7857//7857 7856//7856
f 7846//7846 7853//7853 7852//7852
f 7855//7855 7862//7862 7854//7854
f 7844//7844 7851//7851 7850//7850
f 7843//7843 7850//7850 7849//7849
f 7848//7848 7855//7855 7847//7847
f 7840//7840 7847//7847 7846//7846
f 7839//7839 7846//7846 7845//7845
f 7838//7838 7845//7845 7844//7844
f 7837//7837 7844//7844 7843//7843
f 7836//7836 7843//7843 7842//7842
f 7841//7841 7848//7848 7840//7840
f 7833//7833 7840//7840 7839//7839
f 7831//7831 7839//7839 7838//7838
f 7829//7829 7838//7838 7837//7837
f 7827//7827 7837//7837 7836//7836
f 7825//7825 7836//7836 7835//7835
f 7834//7834 7841//7841 7833//7833
f 7832//7832 7833//7833 7831//7831
f 7830//7830 7831//7831 7829//7829
f 7828//7828 7829//7829 7827//7827
f 7826//7826 7827//7827 7825//7825
f 7824//7824 7825//7825 7822//7822
f 7847//7847 7854//7854 7853//7853
f 7845//7845 7852//7852 7851//7851
f 7773//7773 7774//7774 7775//7775
f 7776//7776 7777//7777 7778//7778
f 7779//7779 7780//7780 7781//7781
f 7782//7782 7783//7783 7784//7784
f 7785//7785 7784//7784 7786//7786
f 7787//7787 7786//7786 7773//7773
f 7788//7788 7773//7773 7789//7789
f 7790//7790 7776//7776 7791//7791
f 7792//7792 7791//7791 7782//7782
f 7793//7793 7782//7782 7785//7785
f 7794//7794 7785//7785 7787//7787
f 7795//7795 7787//7787 7788//7788
f 7796//7796 7788//7788 7797//7797
f 7797//7797 7798//7798 7796//7796
f 7788//7788 7796//7796 7795//7795
f 7787//7787 7795//7795 7794//7794
f 7785//7785 7794//7794 7793//7793
f 7782//7782 7793//7793 7792//7792
f 7791//7791 7792//7792 7790//7790
f 7789//7789 7797//7797 7788//7788
f 7773//7773 7788//7788 7787//7787
f 7786//7786 7787//7787 7785//7785
f 7784//7784 7785//7785 7782//7782
f 7783//7783 7782//7782 7791//7791
f 7775//7775 7789//7789 7773//7773
f 7774//7774 7773//7773 7786//7786
f 7799//7799 7786//7786 7784//7784
f 7800//7800 7784//7784 7783//7783
f 7801//7801 7783//7783 7778//7778
f 7802//7802 7778//7778 7777//7777
f 7803//7803 7775//7775 7774//7774
f 7804//7804 7774//7774 7799//7799
f 7805//7805 7799//7799 7800//7800
f 7806//7806 7800//7800 7801//7801
f 7807//7807 7801//7801 7802//7802
f 7808//7808 7802//7802 7809//7809
f 7810//7810 7803//7803 7804//7804
f 7811//7811 7804//7804 7805//7805
f 7812//7812 7805//7805 7806//7806
f 7813//7813 7806//7806 7807//7807
f 7814//7814 7807//7807 7808//7808
f 7780//7780 7808//7808 7815//7815
f 7816//7816 7810//7810 7811//7811
f 7817//7817 7811//7811 7812//7812
f 7818//7818 7812//7812 7813//7813
f 7819//7819 7813//7813 7814//7814
f 7820//7820 7814//7814 7780//7780
f 7778//7778 7791//7791 7776//7776
f 7791//7791 7778//7778 7783//7783
f 7781//7781 7821//7821 7779//7779
f 7780//7780 7779//7779 7820//7820
f 7814//7814 7820//7820 7819//7819
f 7813//7813 7819//7819 7818//7818
f 7812//7812 7818//7818 7817//7817
f 7811//7811 7817//7817 7816//7816
f 7815//7815 7781//7781 7780//7780
f 7808//7808 7780//7780 7814//7814
f 7807//7807 7814//7814 7813//7813
f 7806//7806 7813//7813 7812//7812
f 7805//7805 7812//7812 7811//7811
f 7804//7804 7811//7811 7810//7810
f 7809//7809 7815//7815 7808//7808
f 7802//7802 7808//7808 7807//7807
f 7801//7801 7807//7807 7806//7806
f 7800//7800 7806//7806 7805//7805
f 7799//7799 7805//7805 7804//7804
f 7774//7774 7804//7804 7803//7803
f 7777//7777 7809//7809 7802//7802
f 7778//7778 7802//7802 7801//7801
f 7783//7783 7801//7801 7800//7800
f 7784//7784 7800//7800 7799//7799
f 7786//7786 7799//7799 7774//7774
v 0.0339 0.046 0.016
v 0.032692 0.046 0.016323
v 0.032817 0.046 0.016625
v 0.033016 0.046 0.016883
v 0.033275 0.046 0.017082
v 0.033576 0.046 0.017207
v 0.0339 0.046 0.017249
v 0.034223 0.046 0.017207
v 0.034524 0.046 0.017082
v 0.034783 0.046 0.016883
v 0.034982 0.046 0.016625
v 0.035107 0.046 0.016323
v 0.035149 0.046 0.016
v 0.035107 0.046 0.015676
v 0.034982 0.046 0.015375
v 0.034783 0.046 0.015116
v 0.034524 0.046 0.014917
v 0.034223 0.046 0.014792
v 0.0339 0.046 0.01475
v 0.033576 0.046 0.014792
v 0.033275 0.046 0.014917
v 0.033016 0.046 0.015116
v 0.032817 0.046 0.015375
v 0.032692 0.046 0.015676
v 0.03265 0.046 0.016
v 0.03265 0.001 0.016
v 0.032692 0.001 0.015676
v 0.0339 0.001 0.016
v 0.035149 0.001 0.016
v 0.035107 0.001 0.016323
v 0.032817 0.001 0.015375
v 0.033016 0.001 0.015116
v 0.033275 0.001 0.014917
v 0.033576 0.001 0.014792
v 0.0339 0.001 0.01475
v 0.034223 0.001 0.014792
v 0.034524 0.001 0.014917
v 0.034783 0.001 0.015116
v 0.034982 0.001 0.015375
v 0.035107 0.001 0.015676
v 0.034982 0.001 0.016625
v 0.034783 0.001 0.016883
v 0.034524 0.001 0.017082
v 0.034223 0.001 0.017207
v 0.0339 0.001 0.017249
v 0.033576 0.001 0.017207
v 0.033275 0.001 0.017082
v 0.033016 0.001 0.016883
v 0.032817 0.001 0.016625
v 0.032692 0.001 0.016323
v 0.0339 0.001 0.01475
v 0.0339 0.046 0.01475
v 0.034223 0.046 0.014792
v 0.034223 0.001 0.014792
v 0.034524 0.046 0.014917
v 0.034524 0.001 0.014917
v 0.034783 0.046 0.015116
v 0.034783 0.001 0.015116
v 0.034982 0.046 0.015375
v 0.034982 0.001 0.015375
v 0.035107 0.046 0.015676
v 0.035107 0.001 0.015676
v 0.035149 0.046 0.016
v 0.035149 0.001 0.016
v 0.035107 0.046 0.016323
v 0.035107 0.001 0.016323
v 0.034982 0.046 0.016625
v 0.034982 0.001 0.016625
v 0.034783 0.046 0.016883
v 0.034783 0.001 0.016883
v 0.034524 0.046 0.017082
v 0.034524 0.001 0.017082
v 0.034223 0.046 0.017207
v 0.034223 0.001 0.017207
v 0.0339 0.046 0.017249
v 0.0339 0.001 0.017249
v 0.033576 0.046 0.017207
v 0.033576 0.001 0.017207
v 0.033275 0.046 0.017082
v 0.033275 0.001 0.017082
v 0.033016 0.046 0.016883
v 0.033016 0.001 0.016883
v 0.032817 0.046 0.016625
v 0.032817 0.001 0.016625
v 0.032692 0.046 0.016323
v 0.032692 0.001 0.016323
v 0.03265 0.046 0.016
v 0.03265 0.001 0.016
v 0.032692 0.046 0.015676
v 0.032692 0.001 0.015676
v 0.032817 0.046 0.015375
v 0.032817 0.001 0.015375
v 0.033016 0.046 0.015116
v 0.033016 0.001 0.015116
v 0.033275 0.046 0.014917
v 0.033275 0.001 0.014917
v 0.033576 0.046 0.014792
v 0.033576 0.001 0.014792
vn 0 1 0
vn 0 1 0
vn 0 1 0
vn 0 1 0
vn 0 1 0
vn 0 1 0
vn 0 1 0
vn 0 1 0
vn 0 1 0
vn 0 1 0
vn 0 1 0
vn 0 1 0
vn 0 1 0
vn 0 1 0
vn 0 1 0
vn 0 1 0
vn 0 1 0
vn 0 1 0
vn 0 1 0
vn 0 1 0
vn 0 1 0
vn 0 1 0
vn 0 1 0
vn 0 1 0
vn 0 1 0
vn 0 -1 0
vn 0 -1 0
vn 0 -1 0
vn 0 -1 0
vn 0 -1 0
vn 0 -1 0
vn 0 -1 0
vn 0 -1 0
vn 0 -1 0
vn 0 -1 0
vn 0 -1 0
vn 0 -1 0
vn 0 -1 0
vn 0 -1 0
vn 0 -1 0
vn 0 -1 0
vn 0 -1 0
vn 0 -1 0
vn 0 -1 0
vn 0 -1 0
vn 0 -1 0
vn 0 -1 0
vn 0 -1 0
vn 0 -1 0
vn 0 -1 0
vn 0 0 -1
vn 0 0 -1
vn 0.258819 0 -0.965925
vn 0.258819 0 -0.965925
vn 0.5 0 -0.866025
vn 0.5 0 -0.866025
vn 0.707106 0 -0.707106
vn 0.707106 0 -0.707106
vn 0.866025 0 -0.5
vn 0.866025 0 -0.5
vn 0.965925 0 -0.258819
vn 0.965925 0 -0.258819
vn 1 0 -0
vn 1 0 -0
vn 0.965925 0 0.258819
vn 0.965925 0 0.258819
vn 0.866025 0 0.5
vn 0.866025 0 0.5
vn 0.707106 0 0.707106
vn 0.707106 0 0.707106
vn 0.5 0 0.866025
vn 0.5 0 0.866025
vn 0.258819 0 0.965925
vn 0.258819 0 0.965925
vn 0 0 1
vn 0 0 1
vn -0.258819 0 0.965925
vn -0.258819 0 0.965925
vn -0.5 0 0.866025
vn -0.5 0 0.866025
vn -0.707106 0 0.707106
vn -0.707106 0 0.707106
vn -0.866025 0 0.5
vn -0.866025 0 0.5
vn -0.965925 0 0.258819
vn -0.965925 0 0.258819
vn -1 0 0
vn -1 0 0
vn -0.965925 0 -0.258819
vn -0.965925 0 -0.258819
vn -0.866025 0 -0.5
vn -0.866025 0 -0.5
vn -0.707106 0 -0.707106
vn -0.707106 0 -0.707106
vn -0.5 0 -0.866025
vn -0.5 0 -0.866025
vn -0.258819 0 -0.965925
vn -0.258819 0 -0.965925
usemtl AppC
f 7871//7871 7872//7872 7873//7873
f 7873//7873 7874//7874 7871//7871
f 7874//7874 7875//7875 7871//7871
f 7875//7875 7876//7876 7871//7871
f 7876//7876 7877//7877 7871//7871
f 7877//7877 7878//7878 7871//7871
f 7878//7878 7879//7879 7871//7871
f 7879//7879 7880//7880 7871//7871
f 7880//7880 7881//7881 7871//7871
f 7881//7881 7882//7882 7871//7871
f 7882//7882 7883//7883 7871//7871
f 7883//7883 7884//7884 7871//7871
f 7884//7884 7885//7885 7871//7871
f 7885//7885 7886//7886 7871//7871
f 7886//7886 7887//7887 7871//7871
f 7887//7887 7888//7888 7871//7871
f 7888//7888 7889//7889 7871//7871
f 7889//7889 7890//7890 7871//7871
f 7890//7890 7891//7891 7871//7871
f 7891//7891 7892//7892 7871//7871
f 7892//7892 7893//7893 7871//7871
f 7893//7893 7894//7894 7871//7871
f 7894//7894 7895//7895 7871//7871
f 7895//7895 7872//7872 7871//7871
f 7896//7896 7897//7897 7898//7898
f 7899//7899 7900//7900 7898//7898
f 7898//7898 7897//7897 7901//7901
f 7901//7901 7902//7902 7898//7898
f 7902//7902 7903//7903 7898//7898
f 7903//7903 7904//7904 7898//7898
f 7904//7904 7905//7905 7898//7898
f 7905//7905 7906//7906 7898//7898
f 7906//7906 7907//7907 7898//7898
f 7907//7907 7908//7908 7898//7898
f 7908//7908 7909//7909 7898//7898
f 7909//7909 7910//7910 7898//7898
f 7910//7910 7899//7899 7898//7898
f 7900//7900 7911//7911 7898//7898
f 7911//7911 7912//7912 7898//7898
f 7912//7912 7913//7913 7898//7898
f 7913//7913 7914//7914 7898//7898
f 7914//7914 7915//7915 7898//7898
f 7915//7915 7916//7916 7898//7898
f 7916//7916 7917//7917 7898//7898
f 7917//7917 7918//7918 7898//7898
f 7918//7918 7919//7919 7898//7898
f 7919//7919 7920//7920 7898//7898
f 7920//7920 7896//7896 7898//7898
v 0.0339 0.046 0.016
v 0.032692 0.046 0.016323
v 0.032817 0.046 0.016625
v 0.033016 0.046 0.016883
v 0.033275 0.046 0.017082
v 0.033576 0.046 0.017207
v 0.0339 0.046 0.017249
v 0.034223 0.046 0.017207
v 0.034524 0.046 0.017082
v 0.034783 0.046 0.016883
v 0.034982 0.046 0.016625
v 0.035107 0.046 0.016323
v 0.035149 0.046 0.016
v 0.035107 0.046 0.015676
v 0.034982 0.046 0.015375
v 0.034783 0.046 0.015116
v 0.034524 0.046 0.014917
v 0.034223 0.046 0.014792
v 0.0339 0.046 0.01475
v 0.033576 0.046 0.014792
v 0.033275 0.046 0.014917
v 0.033016 0.046 0.015116
v 0.032817 0.046 0.015375
v 0.032692 0.046 0.015676
v 0.03265 0.046 0.016
v 0.03265 0.001 0.016
v 0.032692 0.001 0.015676
v 0.0339 0.001 0.016
v 0.035149 0.001 0.016
v 0.035107 0.001 0.016323
v 0.032817 0.001 0.015375
v 0.033016 0.001 0.015116
v 0.033275 0.001 0.014917
v 0.033576 0.001 0.014792
v 0.0339 0.001 0.01475
v 0.034223 0.001 0.014792
v 0.034524 0.001 0.014917
v 0.034783 0.001 0.015116
v 0.034982 0.001 0.015375
v 0.035107 0.001 0.015676
v 0.034982 0.001 0.016625
v 0.034783 0.001 0.016883
v 0.034524 0.001 0.017082
v 0.034223 0.001 0.017207
v 0.0339 0.001 0.017249
v 0.033576 0.001 0.017207
v 0.033275 0.001 0.017082
v 0.033016 0.001 0.016883
v 0.032817 0.001 0.016625
v 0.032692 0.001 0.016323
v 0.0339 0.001 0.01475
v 0.0339 0.046 0.01475
v 0.034223 0.046 0.014792
v 0.034223 0.001 0.014792
v 0.034524 0.046 0.014917
v 0.034524 0.001 0.014917
v 0.034783 0.046 0.015116
v 0.034783 0.001 0.015116
v 0.034982 0.046 0.015375
v 0.034982 0.001 0.015375
v 0.035107 0.046 0.015676
v 0.035107 0.001 0.015676
v 0.035149 0.046 0.016
v 0.035149 0.001 0.016
v 0.035107 0.046 0.016323
v 0.035107 0.001 0.016323
v 0.034982 0.046 0.016625
v 0.034982 0.001 0.016625
v 0.034783 0.046 0.016883
v 0.034783 0.001 0.016883
v 0.034524 0.046 0.017082
v 0.034524 0.001 0.017082
v 0.034223 0.046 0.017207
v 0.034223 0.001 0.017207
v 0.0339 0.046 0.017249
v 0.0339 0.001 0.017249
v 0.033576 0.046 0.017207
v 0.033576 0.001 0.017207
v 0.033275 0.046 0.017082
v 0.033275 0.001 0.017082
v 0.033016 0.046 0.016883
v 0.033016 0.001 0.016883
v 0.032817 0.046 0.016625
v 0.032817 0.001 0.016625
v 0.032692 0.046 0.016323
v 0.032692 0.001 0.016323
v 0.03265 0.046 0.016
v 0.03265 0.001 0.016
v 0.032692 0.046 0.015676
v 0.032692 0.001 0.015676
v 0.032817 0.046 0.015375
v 0.032817 0.001 0.015375
v 0.033016 0.046 0.015116
v 0.033016 0.001 0.015116
v 0.033275 0.046 0.014917
v 0.033275 0.001 0.014917
v 0.033576 0.046 0.014792
v 0.033576 0.001 0.014792
vn 0 1 0
vn 0 1 0
vn 0 1 0
vn 0 1 0
vn 0 1 0
vn 0 1 0
vn 0 1 0
vn 0 1 0
vn 0 1 0
vn 0 1 0
vn 0 1 0
vn 0 1 0
vn 0 1 0
vn 0 1 0
vn 0 1 0
vn 0 1 0
vn 0 1 0
vn 0 1 0
vn 0 1 0
vn 0 1 0
vn 0 1 0
vn 0 1 0
vn 0 1 0
vn 0 1 0
vn 0 1 0
vn 0 -1 0
vn 0 -1 0
vn 0 -1 0
vn 0 -1 0
vn 0 -1 0
vn 0 -1 0
vn 0 -1 0
vn 0 -1 0
vn 0 -1 0
vn 0 -1 0
vn 0 -1 0
vn 0 -1 0
vn 0 -1 0
vn 0 -1 0
vn 0 -1 0
vn 0 -1 0
vn 0 -1 0
vn 0 -1 0
vn 0 -1 0
vn 0 -1 0
vn 0 -1 0
vn 0 -1 0
vn 0 -1 0
vn 0 -1 0
vn 0 -1 0
vn 0 0 -1
vn 0 0 -1
vn 0.258819 0 -0.965925
vn 0.258819 0 -0.965925
vn 0.5 0 -0.866025
vn 0.5 0 -0.866025
vn 0.707106 0 -0.707106
vn 0.707106 0 -0.707106
vn 0.866025 0 -0.5
vn 0.866025 0 -0.5
vn 0.965925 0 -0.258819
vn 0.965925 0 -0.258819
vn 1 0 -0
vn 1 0 -0
vn 0.965925 0 0.258819
vn 0.965925 0 0.258819
vn 0.866025 0 0.5
vn 0.866025 0 0.5
vn 0.707106 0 0.707106
vn 0.707106 0 0.707106
vn 0.5 0 0.866025
vn 0.5 0 0.866025
vn 0.258819 0 0.965925
vn 0.258819 0 0.965925
vn 0 0 1
vn 0 0 1
vn -0.258819 0 0.965925
vn -0.258819 0 0.965925
vn -0.5 0 0.866025
vn -0.5 0 0.866025
vn -0.707106 0 0.707106
vn -0.707106 0 0.707106
vn -0.866025 0 0.5
vn -0.866025 0 0.5
vn -0.965925 0 0.258819
vn -0.965925 0 0.258819
vn -1 0 0
vn -1 0 0
vn -0.965925 0 -0.258819
vn -0.965925 0 -0.258819
vn -0.866025 0 -0.5
vn -0.866025 0 -0.5
vn -0.707106 0 -0.707106
vn -0.707106 0 -0.707106
vn -0.5 0 -0.866025
vn -0.5 0 -0.866025
vn -0.258819 0 -0.965925
vn -0.258819 0 -0.965925
usemtl AppD
f 8019//8019 8020//8020 8021//8021
f 8022//8022 8021//8021 8023//8023
f 8024//8024 8023//8023 8025//8025
f 8026//8026 8025//8025 8027//8027
f 8028//8028 8027//8027 8029//8029
f 8030//8030 8029//8029 8031//8031
f 8032//8032 8031//8031 8033//8033
f 8034//8034 8033//8033 8035//8035
f 8036//8036 8035//8035 8037//8037
f 8038//8038 8037//8037 8039//8039
f 8040//8040 8039//8039 8041//8041
f 8042//8042 8041//8041 8043//8043
f 8044//8044 8043//8043 8045//8045
f 8046//8046 8045//8045 8047//8047
f 8048//8048 8047//8047 8049//8049
f 8050//8050 8049//8049 8051//8051
f 8052//8052 8051//8051 8053//8053
f 8054//8054 8053//8053 8055//8055
f 8056//8056 8055//8055 8057//8057
f 8058//8058 8057//8057 8059//8059
f 8060//8060 8059//8059 8061//8061
f 8062//8062 8061//8061 8063//8063
f 8064//8064 8063//8063 8065//8065
f 8066//8066 8065//8065 8020//8020
f 8063//8063 8064//8064 8062//8062
f 8061//8061 8062//8062 8060//8060
f 8059//8059 8060//8060 8058//8058
f 8057//8057 8058//8058 8056//8056
f 8055//8055 8056//8056 8054//8054
f 8053//8053 8054//8054 8052//8052
f 8051//8051 8052//8052 8050//8050
f 8049//8049 8050//8050 8048//8048
f 8047//8047 8048//8048 8046//8046
f 8045//8045 8046//8046 8044//8044
f 8043//8043 8044//8044 8042//8042
f 8020//8020 8019//8019 8066//8066
f 8041//8041 8042//8042 8040//8040
f 8039//8039 8040//8040 8038//8038
f 8037//8037 8038//8038 8036//8036
f 8035//8035 8036//8036 8034//8034
f 8033//8033 8034//8034 8032//8032
f 8031//8031 8032//8032 8030//8030
f 8029//8029 8030//8030 8028//8028
f 8027//8027 8028//8028 8026//8026
f 8025//8025 8026//8026 8024//8024
f 8023//8023 8024//8024 8022//8022
f 8065//8065 8066//8066 8064//8064
f 8021//8021 8022//8022 8019//8019
