#OBJ
#T-FLEX CAD ObjGenerator generate date:25.09.2026 16:31:44
mtllib materials.mtl
v 0.0364 -0.0015 0.01475
v 0.0364 -0.001823 0.014792
v 0.0364 -0.001815 0.014792
v 0.0364 -0.002707 0.015676
v 0.0364 -0.002749 0.01598
v 0.0364 -0.002703 0.015667
v 0.0364 -0.002383 0.015116
v 0.0364 -0.002582 0.015375
v 0.0364 -0.002575 0.015368
v 0.0364 -0.002125 0.014917
v 0.0364 -0.002375 0.015111
v 0.0364 -0.002116 0.014915
v 0.0364 -0.001496 0.01475
v 0.0364 -0.001482 0.017249
v 0.0364 -0.001489 0.017249
v 0.0364 -0.001494 0.017249
v 0.0364 -0.000616 0.016883
v 0.0364 -0.000611 0.016873
v 0.0364 -0.000867 0.017074
v 0.0364 -0.001167 0.017202
v 0.0364 -0.001176 0.017207
v 0.0364 -0.000875 0.017082
v 0.0364 -0.00025 0.016
v 0.0364 -0.00025 0.015995
v 0.0364 -0.000292 0.016312
v 0.0364 -0.000292 0.016323
v 0.0364 -0.000415 0.016614
v 0.0364 -0.000417 0.016625
v 0.0364 -0.001482 0.017249
v 0.0364 -0.0015 0.017249
v 0.0364 -0.001494 0.017249
v 0.0364 -0.001815 0.017207
v 0.0364 -0.00238 0.01688
v 0.0364 -0.002383 0.016883
v 0.0364 -0.002125 0.017082
v 0.0364 -0.002581 0.016619
v 0.0364 -0.002582 0.016625
v 0.0364 -0.002707 0.016323
v 0.0364 -0.001823 0.017207
v 0.0364 -0.002119 0.017081
v 0.0364 -0.002707 0.016315
v 0.0364 -0.002749 0.015994
v 0.0364 -0.002749 0.016
v 0.092 -0.002125 0.017082
v 0.0364 -0.002125 0.017082
v 0.0364 -0.002383 0.016883
v 0.092 -0.001823 0.017207
v 0.0364 -0.001823 0.017207
v 0.092 -0.0015 0.017249
v 0.0364 -0.0015 0.017249
v 0.092 -0.002383 0.016883
v 0.0364 -0.002582 0.016625
v 0.092 -0.002582 0.016625
v 0.0364 -0.002707 0.016323
v 0.092 -0.002707 0.016323
v 0.0364 -0.002749 0.016
v 0.092 -0.002749 0.016
v 0.0364 -0.002749 0.01598
v 0.0364 -0.002707 0.015676
v 0.092 -0.002707 0.015676
v 0.0364 -0.002749 0.015994
v 0.0364 -0.002582 0.015375
v 0.092 -0.002582 0.015375
v 0.0364 -0.002383 0.015116
v 0.092 -0.002383 0.015116
v 0.0364 -0.002125 0.014917
v 0.092 -0.002125 0.014917
v 0.0364 -0.001823 0.014792
v 0.092 -0.001823 0.014792
v 0.0364 -0.0015 0.01475
v 0.092 -0.0015 0.01475
v 0.0364 -0.001496 0.01475
v 0.092 -0.001176 0.014792
v 0.0364 -0.001476 0.01475
v 0.0364 -0.001456 0.01475
v 0.0364 -0.001335 0.01476
v 0.0364 -0.001176 0.014792
v 0.0364 -0.001415 0.014752
v 0.0364 -0.001021 0.014845
v 0.092 -0.000875 0.014917
v 0.0364 -0.000739 0.015008
v 0.092 -0.000616 0.015116
v 0.0364 -0.000875 0.014917
v 0.0364 -0.000508 0.015239
v 0.092 -0.000417 0.015375
v 0.0364 -0.000616 0.015116
v 0.0364 -0.000345 0.015521
v 0.092 -0.000292 0.015676
v 0.0364 -0.000417 0.015375
v 0.0364 -0.00025 0.015995
v 0.092 -0.00025 0.016
v 0.0364 -0.000292 0.015676
v 0.0364 -0.000292 0.016323
v 0.092 -0.000292 0.016323
v 0.0364 -0.000417 0.016625
v 0.092 -0.000417 0.016625
v 0.0364 -0.000616 0.016883
v 0.092 -0.000616 0.016883
v 0.0364 -0.000875 0.017082
v 0.092 -0.000875 0.017082
v 0.0364 -0.001176 0.017207
v 0.092 -0.001176 0.017207
v 0.0364 -0.001482 0.017249
v 0.0364 -0.001494 0.017249
v 0.0364 -0.00025 0.016
v 0.03586 -0.000118 0.015988
v 0.036076 -0.000207 0.015988
v 0.036068 -0.000237 0.015713
v 0.035627 0.000031 0.015988
v 0.035774 -0.000082 0.015988
v 0.035759 -0.000109 0.015713
v 0.035431 0.000227 0.015988
v 0.035516 0.000116 0.015988
v 0.035494 0.000094 0.015713
v 0.035281 0.00046 0.015988
v 0.035317 0.000375 0.015988
v 0.03529 0.000359 0.015713
v 0.035186 0.000722 0.015988
v 0.035192 0.000676 0.015988
v 0.035149 0.001 0.015954
v 0.034913 0.000141 0.01502
v 0.035083 0.000239 0.015216
v 0.035324 -0.000075 0.015216
v 0.034741 0.000555 0.01502
v 0.034931 0.000606 0.015216
v 0.034683 0.001 0.01502
v 0.034787 0.001 0.015112
v 0.0364 -0.000439 0.015329
v 0.036006 -0.000468 0.015216
v 0.036044 -0.000325 0.015451
v 0.0364 -0.000372 0.015451
v 0.035639 -0.000316 0.015216
v 0.035713 -0.000188 0.015451
v 0.035429 0.000029 0.015451
v 0.035211 0.000313 0.015451
v 0.035074 0.000644 0.015451
v 0.034879 0.001 0.015216
v 0.03496 0.001 0.015329
v 0.0364 -0.000319 0.015579
v 0.0364 -0.000281 0.015713
v 0.035162 0.000668 0.015713
v 0.03432 0.001 0.014819
v 0.034448 0.001 0.014872
v 0.034515 0.000494 0.014872
v 0.035027 0.001 0.015451
v 0.03508 0.001 0.015579
v 0.036122 -0.000213 0.015988
v 0.035118 0.001 0.015713
v 0.035142 0.001 0.01585
v 0.035148 0.001 0.015919
v 0.0364 -0.00135 0.014757
v 0.035755 -0.001404 0.01475
v 0.035827 -0.001137 0.014781
v 0.035149 0.001 0.015988
v 0.035541 -0.000486 0.01502
v 0.035186 -0.000213 0.01502
v 0.0364 -0.00052 0.015216
v 0.035955 -0.000658 0.01502
v 0.0364 -0.000612 0.015112
v 0.0364 -0.000716 0.01502
v 0.03457 0.001 0.014939
v 0.03471 0.000024 0.014872
v 0.03502 -0.000379 0.014872
v 0.035424 -0.000689 0.014872
v 0.035894 -0.000884 0.014872
v 0.0364 -0.000829 0.014939
v 0.0364 -0.000951 0.014872
v 0.034262 0.000427 0.014781
v 0.034483 -0.000106 0.014781
v 0.034834 -0.000565 0.014781
v 0.035293 -0.000916 0.014781
v 0.0364 -0.001079 0.014819
v 0.0364 -0.001213 0.014781
v 0.033995 0.000355 0.01475
v 0.033911 0.001 0.01475
v 0.034244 -0.000244 0.01475
v 0.03464 -0.000759 0.01475
v 0.035155 -0.001155 0.01475
v 0.0364 -0.001454 0.01475
v 0.0364 -0.001489 0.01475
v 0.0364 -0.001419 0.014751
v 0.034186 0.001 0.014781
v 0.0364 -0.00025 0.015988
v 0.0364 -0.002749 0.01598
v 0.0364 -0.002749 0.015988
v 0.035429 -0.002622 0.015988
v 0.034524 -0.002247 0.015988
v 0.034548 -0.002207 0.015667
v 0.035441 -0.002577 0.015667
v 0.033748 -0.001651 0.015988
v 0.033781 -0.001618 0.015667
v 0.033152 -0.000875 0.015988
v 0.033192 -0.000851 0.015667
v 0.032777 0.000029 0.015988
v 0.032822 0.000041 0.015667
v 0.032696 0.001 0.015667
v 0.035474 -0.002453 0.015368
v 0.0364 -0.002575 0.015368
v 0.034612 -0.002096 0.015368
v 0.033871 -0.001528 0.015368
v 0.033303 -0.000787 0.015368
v 0.032946 0.000074 0.015368
v 0.032824 0.001 0.015368
v 0.035526 -0.00226 0.015111
v 0.0364 -0.002375 0.015111
v 0.034712 -0.001923 0.015111
v 0.034013 -0.001386 0.015111
v 0.033476 -0.000687 0.015111
v 0.033139 0.000126 0.015111
v 0.033024 0.001 0.015111
v 0.035593 -0.00201 0.014915
v 0.0364 -0.002116 0.014915
v 0.034841 -0.001698 0.014915
v 0.034196 -0.001203 0.014915
v 0.033701 -0.000558 0.014915
v 0.033283 0.001 0.014915
v 0.033389 0.000193 0.014915
v 0.035671 -0.001719 0.014792
v 0.0364 -0.001815 0.014792
v 0.034992 -0.001438 0.014792
v 0.034409 -0.00099 0.014792
v 0.033961 -0.000407 0.014792
v 0.03368 0.000271 0.014792
v 0.033584 0.001 0.014792
v 0.0364 -0.001496 0.01475
v 0.035153 -0.001159 0.01475
v 0.035754 -0.001408 0.01475
v 0.034637 -0.000762 0.01475
v 0.03424 -0.000246 0.01475
v 0.033991 0.000354 0.01475
v 0.033903 0.001 0.01475
v 0.033906 0.001 0.01475
v 0.0364 -0.001493 0.01475
v 0.03265 0.001 0.01598
v 0.03265 0.001 0.015988
v 0.0364 -0.002703 0.015667
v 0.035982 -0.000556 0.016873
v 0.035916 -0.000804 0.017074
v 0.0364 -0.000867 0.017074
v 0.034984 0.001 0.016614
v 0.034788 0.001 0.016873
v 0.034843 0.000582 0.016873
v 0.035032 0.000633 0.016614
v 0.035004 0.000194 0.016873
v 0.035174 0.000292 0.016614
v 0.03526 -0.000139 0.016873
v 0.035399 -0.785684E-6 0.016614
v 0.035594 -0.000395 0.016873
v 0.035692 -0.000225 0.016614
v 0.036033 -0.000367 0.016614
v 0.0364 -0.000611 0.016873
v 0.035107 0.001 0.016312
v 0.035151 0.000665 0.016312
v 0.035281 0.000353 0.016312
v 0.035486 0.000086 0.016312
v 0.035753 -0.000118 0.016312
v 0.036065 -0.000248 0.016312
v 0.0364 -0.000415 0.016614
v 0.035192 0.000676 0.01599
v 0.035149 0.001 0.015995
v 0.035186 0.000722 0.01599
v 0.035149 0.001 0.01599
v 0.035281 0.00046 0.01599
v 0.035317 0.000375 0.01599
v 0.035431 0.000227 0.01599
v 0.035516 0.000116 0.01599
v 0.035774 -0.000082 0.01599
v 0.035627 0.000031 0.01599
v 0.036076 -0.000207 0.01599
v 0.03586 -0.000118 0.01599
v 0.0364 -0.00025 0.015995
v 0.0364 -0.00025 0.01599
v 0.036122 -0.000213 0.01599
v 0.0364 -0.000292 0.016312
v 0.035466 -0.000617 0.017074
v 0.035079 -0.00032 0.017074
v 0.034782 0.000066 0.017074
v 0.034595 0.000516 0.017074
v 0.0364 -0.001167 0.017202
v 0.035839 -0.001093 0.017202
v 0.035316 -0.000876 0.017202
v 0.034867 -0.000532 0.017202
v 0.034523 -0.000083 0.017202
v 0.034306 0.000439 0.017202
v 0.034532 0.001 0.017074
v 0.035755 -0.001404 0.017249
v 0.0364 -0.001482 0.017249
v 0.035155 -0.001155 0.017249
v 0.03464 -0.000759 0.017249
v 0.034244 -0.000244 0.017249
v 0.033917 0.001 0.017249
v 0.033911 0.001 0.017249
v 0.033995 0.000355 0.017249
v 0.034232 0.001 0.017202
v 0.0364 -0.001489 0.017249
v 0.03265 0.001 0.015994
v 0.03265 0.001 0.015988
v 0.032777 0.000029 0.015988
v 0.034992 -0.001438 0.017207
v 0.035155 -0.001155 0.017249
v 0.03464 -0.000759 0.017249
v 0.035671 -0.001719 0.017207
v 0.035755 -0.001404 0.017249
v 0.0364 -0.001494 0.017249
v 0.0364 -0.001489 0.017249
v 0.0364 -0.001815 0.017207
v 0.034409 -0.00099 0.017207
v 0.034244 -0.000244 0.017249
v 0.033961 -0.000407 0.017207
v 0.033995 0.000355 0.017249
v 0.03368 0.000271 0.017207
v 0.033911 0.001 0.017249
v 0.033905 0.001 0.017249
v 0.035592 -0.002013 0.017081
v 0.0364 -0.002119 0.017081
v 0.03484 -0.001701 0.017081
v 0.034194 -0.001205 0.017081
v 0.033698 -0.000559 0.017081
v 0.033386 0.000192 0.017081
v 0.033584 0.001 0.017207
v 0.03328 0.001 0.017081
v 0.035525 -0.002265 0.01688
v 0.0364 -0.00238 0.01688
v 0.034709 -0.001927 0.01688
v 0.034009 -0.00139 0.01688
v 0.033472 -0.00069 0.01688
v 0.033134 0.000125 0.01688
v 0.033019 0.001 0.01688
v 0.035473 -0.002459 0.016619
v 0.0364 -0.002581 0.016619
v 0.034609 -0.002101 0.016619
v 0.033867 -0.001532 0.016619
v 0.033298 -0.00079 0.016619
v 0.03294 0.000073 0.016619
v 0.032818 0.001 0.016619
v 0.03544 -0.00258 0.016315
v 0.0364 -0.002707 0.016315
v 0.034546 -0.00221 0.016315
v 0.033778 -0.001621 0.016315
v 0.033189 -0.000853 0.016315
v 0.032819 0.00004 0.016315
v 0.032692 0.001 0.016315
v 0.035429 -0.002622 0.015988
v 0.0364 -0.002749 0.015988
v 0.0364 -0.002749 0.015994
v 0.034524 -0.002247 0.015988
v 0.033748 -0.001651 0.015988
v 0.033152 -0.000875 0.015988
v 0.035281 0.00046 0.01599
v 0.035317 0.000375 0.01599
v 0.035317 0.000375 0.015988
v 0.035186 0.000722 0.015988
v 0.035149 0.001 0.015988
v 0.035149 0.001 0.01599
v 0.03586 -0.000118 0.01599
v 0.03586 -0.000118 0.015988
v 0.035774 -0.000082 0.015988
v 0.036076 -0.000207 0.015988
v 0.036076 -0.000207 0.01599
v 0.036122 -0.000213 0.01599
v 0.0364 -0.00025 0.01599
v 0.0364 -0.00025 0.015988
v 0.036122 -0.000213 0.015988
v 0.035516 0.000116 0.01599
v 0.035627 0.000031 0.01599
v 0.035627 0.000031 0.015988
v 0.035774 -0.000082 0.01599
v 0.035186 0.000722 0.01599
v 0.035192 0.000676 0.01599
v 0.035281 0.00046 0.015988
v 0.035516 0.000116 0.015988
v 0.035431 0.000227 0.015988
v 0.035431 0.000227 0.01599
v 0.035192 0.000676 0.015988
v 0.03265 0.001 0.01598
v 0.03265 0.001 0.015988
v 0.03265 0.001 0.015994
v 0.035153 -0.001159 0.01475
v 0.034637 -0.000762 0.01475
v 0.03464 -0.000759 0.01475
v 0.0364 -0.001493 0.01475
v 0.035754 -0.001408 0.01475
v 0.035755 -0.001404 0.01475
v 0.035155 -0.001155 0.01475
v 0.03424 -0.000246 0.01475
v 0.034244 -0.000244 0.01475
v 0.033991 0.000354 0.01475
v 0.033995 0.000355 0.01475
v 0.033906 0.001 0.01475
v 0.033911 0.001 0.01475
v 0.0364 -0.001489 0.01475
v 0.03265 0.001 0.015994
v 0.03265 0.001 0.016
v 0.03265 0.0566 0.016
v 0.032817 0.0566 0.015375
v 0.032817 0.001 0.015375
v 0.032692 0.001 0.015676
v 0.033016 0.0566 0.015116
v 0.033016 0.001 0.015116
v 0.033275 0.0566 0.014917
v 0.033275 0.001 0.014917
v 0.033576 0.0566 0.014792
v 0.033576 0.001 0.014792
v 0.0339 0.0566 0.01475
v 0.0339 0.001 0.01475
v 0.032692 0.0566 0.015676
v 0.03265 0.001 0.01598
v 0.032692 0.001 0.016323
v 0.032692 0.0566 0.016323
v 0.032817 0.001 0.016625
v 0.032817 0.0566 0.016625
v 0.033016 0.001 0.016883
v 0.033016 0.0566 0.016883
v 0.033275 0.001 0.017082
v 0.033275 0.0566 0.017082
v 0.033576 0.001 0.017207
v 0.033576 0.0566 0.017207
v 0.0339 0.001 0.017249
v 0.0339 0.0566 0.017249
v 0.033917 0.001 0.017249
v 0.034223 0.001 0.017207
v 0.034223 0.0566 0.017207
v 0.033905 0.001 0.017249
v 0.034524 0.001 0.017082
v 0.034524 0.0566 0.017082
v 0.034783 0.001 0.016883
v 0.034783 0.0566 0.016883
v 0.034982 0.001 0.016625
v 0.034982 0.0566 0.016625
v 0.035107 0.001 0.016323
v 0.035107 0.0566 0.016323
v 0.033903 0.001 0.01475
v 0.035149 0.001 0.016
v 0.035149 0.0566 0.016
v 0.035149 0.001 0.015995
v 0.035107 0.0566 0.015676
v 0.035149 0.001 0.015974
v 0.035149 0.001 0.015954
v 0.035138 0.001 0.015834
v 0.035107 0.001 0.015676
v 0.035147 0.001 0.015914
v 0.035054 0.001 0.015521
v 0.034982 0.0566 0.015375
v 0.034891 0.001 0.015239
v 0.034783 0.0566 0.015116
v 0.034982 0.001 0.015375
v 0.03466 0.001 0.015008
v 0.034524 0.0566 0.014917
v 0.034783 0.001 0.015116
v 0.034378 0.001 0.014845
v 0.034223 0.0566 0.014792
v 0.034524 0.001 0.014917
v 0.034223 0.001 0.014792
v 0.032696 0.001 0.015667
v 0.03265 0.001 0.01598
v 0.032692 0.001 0.015676
v 0.032824 0.001 0.015368
v 0.032817 0.001 0.015375
v 0.033016 0.001 0.015116
v 0.033576 0.001 0.014792
v 0.033584 0.001 0.014792
v 0.033283 0.001 0.014915
v 0.033275 0.001 0.014917
v 0.033024 0.001 0.015111
v 0.0339 0.001 0.01475
v 0.033903 0.001 0.01475
v 0.033584 0.001 0.017207
v 0.033905 0.001 0.017249
v 0.0339 0.001 0.017249
v 0.033576 0.001 0.017207
v 0.032692 0.001 0.016323
v 0.032692 0.001 0.016315
v 0.032818 0.001 0.016619
v 0.03265 0.001 0.016
v 0.03265 0.001 0.015994
v 0.032817 0.001 0.016625
v 0.033019 0.001 0.01688
v 0.033016 0.001 0.016883
v 0.033275 0.001 0.017082
v 0.03328 0.001 0.017081
v 0.034532 0.001 0.017074
v 0.034788 0.001 0.016873
v 0.034783 0.001 0.016883
v 0.034524 0.001 0.017082
v 0.034982 0.001 0.016625
v 0.034984 0.001 0.016614
v 0.035107 0.001 0.016312
v 0.035107 0.001 0.016323
v 0.035149 0.001 0.016
v 0.034232 0.001 0.017202
v 0.035149 0.001 0.015995
v 0.034223 0.001 0.017207
v 0.033917 0.001 0.017249
v 0.033905 0.001 0.017249
v 0.033911 0.001 0.017249
v 0.033917 0.001 0.017249
v 0.035149 0.001 0.015954
v 0.035149 0.001 0.015954
v 0.035149 0.001 0.015974
v 0.035148 0.001 0.015919
v 0.035147 0.001 0.015914
v 0.035142 0.001 0.01585
v 0.035138 0.001 0.015834
v 0.035118 0.001 0.015713
v 0.035107 0.001 0.015676
v 0.03508 0.001 0.015579
v 0.035054 0.001 0.015521
v 0.035027 0.001 0.015451
v 0.03496 0.001 0.015329
v 0.034982 0.001 0.015375
v 0.034879 0.001 0.015216
v 0.034891 0.001 0.015239
v 0.034783 0.001 0.015116
v 0.034787 0.001 0.015112
v 0.034683 0.001 0.01502
v 0.03457 0.001 0.014939
v 0.034524 0.001 0.014917
v 0.03466 0.001 0.015008
v 0.034448 0.001 0.014872
v 0.034378 0.001 0.014845
v 0.03432 0.001 0.014819
v 0.034186 0.001 0.014781
v 0.034223 0.001 0.014792
v 0.033911 0.001 0.01475
v 0.033906 0.001 0.01475
v 0.033903 0.001 0.01475
v 0.035149 0.001 0.01599
v 0.035149 0.001 0.015988
v 0.035149 0.001 0.015995
v 0.0364 -0.000616 0.015116
v 0.0364 -0.000612 0.015112
v 0.0364 -0.00052 0.015216
v 0.0364 -0.000739 0.015008
v 0.0364 -0.000716 0.01502
v 0.0364 -0.000829 0.014939
v 0.0364 -0.001213 0.014781
v 0.0364 -0.001176 0.014792
v 0.0364 -0.001335 0.01476
v 0.0364 -0.00135 0.014757
v 0.0364 -0.001415 0.014752
v 0.0364 -0.001419 0.014751
v 0.0364 -0.001456 0.01475
v 0.0364 -0.001454 0.01475
v 0.0364 -0.001476 0.01475
v 0.0364 -0.001021 0.014845
v 0.0364 -0.001079 0.014819
v 0.0364 -0.000951 0.014872
v 0.0364 -0.000439 0.015329
v 0.0364 -0.000417 0.015375
v 0.0364 -0.000508 0.015239
v 0.0364 -0.001496 0.01475
v 0.0364 -0.001493 0.01475
v 0.0364 -0.001489 0.01475
v 0.0364 -0.000292 0.015676
v 0.0364 -0.000281 0.015713
v 0.0364 -0.00025 0.015988
v 0.0364 -0.000875 0.014917
v 0.0364 -0.00025 0.01599
v 0.0364 -0.00025 0.015995
v 0.0364 -0.000372 0.015451
v 0.0364 -0.000345 0.015521
v 0.0364 -0.000319 0.015579
v 0.0364 -0.002749 0.015994
v 0.0364 -0.002749 0.015988
v 0.0364 -0.002749 0.01598
v 0.092 -0.0015 0.017249
v 0.092 -0.001823 0.017207
v 0.092 -0.0015 0.016
v 0.092 -0.0015 0.01475
v 0.092 -0.001176 0.014792
v 0.092 -0.000292 0.016323
v 0.092 -0.000417 0.016625
v 0.092 -0.000616 0.016883
v 0.092 -0.000875 0.017082
v 0.092 -0.001176 0.017207
v 0.092 -0.002125 0.017082
v 0.092 -0.002383 0.016883
v 0.092 -0.002582 0.016625
v 0.092 -0.002707 0.016323
v 0.092 -0.002749 0.016
v 0.092 -0.002707 0.015676
v 0.092 -0.002582 0.015375
v 0.092 -0.002383 0.015116
v 0.092 -0.002125 0.014917
v 0.092 -0.001823 0.014792
v 0.092 -0.000875 0.014917
v 0.092 -0.000616 0.015116
v 0.092 -0.000417 0.015375
v 0.092 -0.000292 0.015676
v 0.092 -0.00025 0.016
v 0.03265 0.0566 0.016
v 0.032692 0.0566 0.016323
v 0.0339 0.0566 0.016
v 0.032692 0.0566 0.015676
v 0.032817 0.0566 0.015375
v 0.033016 0.0566 0.015116
v 0.033275 0.0566 0.014917
v 0.032817 0.0566 0.016625
v 0.0339 0.0566 0.01475
v 0.033576 0.0566 0.014792
v 0.034223 0.0566 0.014792
v 0.034524 0.0566 0.014917
v 0.034783 0.0566 0.015116
v 0.034982 0.0566 0.015375
v 0.035107 0.0566 0.015676
v 0.035149 0.0566 0.016
v 0.035107 0.0566 0.016323
v 0.034982 0.0566 0.016625
v 0.034783 0.0566 0.016883
v 0.034524 0.0566 0.017082
v 0.0339 0.0566 0.017249
v 0.034223 0.0566 0.017207
v 0.033576 0.0566 0.017207
v 0.033275 0.0566 0.017082
v 0.033016 0.0566 0.016883
vn -1 0 0
vn -1 0 0
vn -1 0 0
vn -1 0 0
vn -1 0 0
vn -1 0 0
vn -1 0 0
vn -1 0 0
vn -1 0 0
vn -1 0 0
vn -1 0 0
vn -1 0 0
vn -1 0 0
vn 1 -0 0
vn 1 -0 0
vn 1 -0 0
vn -1 0 0
vn -1 0 0
vn -1 0 0
vn -1 0 0
vn -1 0 0
vn -1 0 0
vn -1 0 0
vn -1 0 0
vn -1 0 0
vn -1 0 0
vn -1 0 0
vn -1 0 0
vn -1 0 0
vn -1 0 0
vn -1 0 0
vn -1 0 0
vn -1 0 0
vn -1 0 0
vn -1 0 0
vn -1 0 0
vn -1 0 0
vn -1 0 0
vn -1 0 0
vn -1 0 0
vn -1 0 0
vn -1 0 0
vn -1 0 0
vn 0 -0.5 0.866025
vn 0 -0.5 0.866025
vn 0 -0.707106 0.707106
vn 0 -0.258819 0.965925
vn 0 -0.258819 0.965925
vn 0 0 1
vn 0 0 1
vn 0 -0.707106 0.707106
vn 0 -0.866025 0.5
vn 0 -0.866025 0.5
vn 0 -0.965925 0.258819
vn 0 -0.965925 0.258819
vn 0 -1 -0
vn 0 -1 -0
vn 0 -0.999874 -0.015837
vn 0 -0.965925 -0.258819
vn 0 -0.965925 -0.258819
vn 0 -0.99999 -0.00439
vn 0 -0.866025 -0.5
vn 0 -0.866025 -0.5
vn 0 -0.707106 -0.707106
vn 0 -0.707106 -0.707106
vn 0 -0.5 -0.866025
vn 0 -0.5 -0.866025
vn 0 -0.258819 -0.965925
vn 0 -0.258819 -0.965925
vn 0 0 -1
vn 0 0 -1
vn 0 0.002744 -0.999996
vn 0 0.258819 -0.965925
vn 0 0.018934 -0.99982
vn 0 0.035119 -0.999383
vn 0 0.131886 -0.991264
vn 0 0.258819 -0.965925
vn 0 0.067457 -0.997722
vn 0 0.382683 -0.923879
vn 0 0.5 -0.866025
vn 0 0.608761 -0.793353
vn 0 0.707106 -0.707106
vn 0 0.5 -0.866025
vn 0 0.793353 -0.608761
vn 0 0.866025 -0.5
vn 0 0.707106 -0.707106
vn 0 0.923879 -0.382683
vn 0 0.965925 -0.258819
vn 0 0.866025 -0.5
vn 0 0.999992 -0.003922
vn 0 1 0
vn 0 0.965925 -0.258819
vn 0 0.965925 0.258819
vn 0 0.965925 0.258819
vn 0 0.866025 0.5
vn 0 0.866025 0.5
vn 0 0.707106 0.707106
vn 0 0.707106 0.707106
vn 0 0.5 0.866025
vn 0 0.5 0.866025
vn 0 0.258819 0.965925
vn 0 0.258819 0.965925
vn 0 0.013732 0.999905
vn 0 0.00439 0.99999
vn 0 1 0
vn 0.434238 0.900797 0
vn 0.258819 0.965925 -0
vn 0.252329 0.941708 -0.22252
vn 0.623613 0.781732 0
vn 0.5 0.866025 -0
vn 0.487463 0.844312 -0.22252
vn 0.781732 0.623613 0
vn 0.707106 0.707106 -0
vn 0.689378 0.689378 -0.22252
vn 0.900797 0.434238 0
vn 0.866025 0.5 -0
vn 0.844312 0.487463 -0.22252
vn 0.97484 0.222903 0
vn 0.965925 0.258819 -0
vn 0.999606 -0 -0.028046
vn 0.539958 0.311744 -0.781831
vn 0.677085 0.390915 -0.623489
vn 0.552838 0.552838 -0.623489
vn 0.602244 0.161371 -0.781831
vn 0.755191 0.202352 -0.623489
vn 0.623489 -0 -0.781831
vn 0.707106 -0 -0.707106
vn 0 0.846724 -0.532032
vn 0.202352 0.755191 -0.623489
vn 0.233187 0.870269 -0.433883
vn 0 0.900968 -0.433883
vn 0.390915 0.677085 -0.623489
vn 0.450484 0.780261 -0.433883
vn 0.637081 0.637081 -0.433883
vn 0.780261 0.450484 -0.433883
vn 0.870269 0.233187 -0.433883
vn 0.781831 -0 -0.623489
vn 0.846724 -0 -0.532032
vn 0 0.943883 -0.330279
vn 0 0.974927 -0.22252
vn 0.941708 0.252329 -0.22252
vn 0.330279 -0 -0.943883
vn 0.433883 -0 -0.900968
vn 0.419099 0.112297 -0.900968
vn 0.900968 -0 -0.433883
vn 0.943883 -0 -0.330279
vn 0.222903 0.97484 0
vn 0.974927 -0 -0.22252
vn 0.993712 -0 -0.111964
vn 0.998426 -0 -0.05607
vn 0 0.111964 -0.993712
vn -0 0 -1
vn 0.057592 0.214938 -0.974927
vn 1 -0 -0
vn 0.311744 0.539958 -0.781831
vn 0.440873 0.440873 -0.781831
vn 0 0.781831 -0.623489
vn 0.161371 0.602244 -0.781831
vn 0 0.707106 -0.707106
vn 0 0.623489 -0.781831
vn 0.532032 -0 -0.846724
vn 0.375754 0.216941 -0.900968
vn 0.306802 0.306802 -0.900968
vn 0.216941 0.375754 -0.900968
vn 0.112297 0.419099 -0.900968
vn 0 0.532032 -0.846724
vn 0 0.433883 -0.900968
vn 0.214938 0.057592 -0.974927
vn 0.192708 0.11126 -0.974927
vn 0.157346 0.157346 -0.974927
vn 0.11126 0.192708 -0.974927
vn 0 0.330279 -0.943883
vn 0 0.22252 -0.974927
vn -0 0 -1
vn -0 0 -1
vn -0 0 -1
vn -0 0 -1
vn -0 0 -1
vn 0 0.028046 -0.999606
vn -0 -0 -1
vn 0 0.05607 -0.998426
vn 0.22252 -0 -0.974927
vn 0 1 -0
vn 0 -0.999772 -0.021318
vn 0 -0.999897 -0.014319
vn -0.258792 -0.965826 -0.014319
vn -0.499948 -0.865936 -0.014319
vn -0.481384 -0.833781 -0.270327
vn -0.249182 -0.929962 -0.270327
vn -0.707034 -0.707034 -0.014319
vn -0.68078 -0.68078 -0.270327
vn -0.865936 -0.499948 -0.014319
vn -0.833781 -0.481384 -0.270327
vn -0.965826 -0.258792 -0.014319
vn -0.929962 -0.249182 -0.270327
vn -0.962768 -0 -0.270327
vn -0.222898 -0.831867 -0.508244
vn 0 -0.861212 -0.508244
vn -0.430606 -0.745831 -0.508244
vn -0.608969 -0.608969 -0.508244
vn -0.745831 -0.430606 -0.508244
vn -0.831867 -0.222898 -0.508244
vn -0.861212 -0 -0.508244
vn -0.181697 -0.678104 -0.712151
vn 0 -0.702025 -0.712151
vn -0.351012 -0.607972 -0.712151
vn -0.496407 -0.496407 -0.712151
vn -0.607972 -0.351012 -0.712151
vn -0.678104 -0.181697 -0.712151
vn -0.702025 -0 -0.712151
vn -0.128338 -0.478964 -0.868402
vn 0 -0.49586 -0.868402
vn -0.24793 -0.429427 -0.868402
vn -0.350626 -0.350626 -0.868402
vn -0.429427 -0.24793 -0.868402
vn -0.49586 -0 -0.868402
vn -0.478964 -0.128338 -0.868402
vn -0.06639 -0.247772 -0.96654
vn 0 -0.256512 -0.96654
vn -0.128256 -0.222146 -0.96654
vn -0.181382 -0.181382 -0.96654
vn -0.222146 -0.128256 -0.96654
vn -0.247772 -0.06639 -0.96654
vn -0.256512 -0 -0.96654
vn 0 -0.002736 -0.999996
vn -0 -0 -1
vn -0 -0 -1
vn -0 -0 -1
vn -0 -0 -1
vn -0 -0 -1
vn -0.002736 0 -0.999996
vn -0 -0 -1
vn -0 -0 -1
vn -0.999772 0 -0.021318
vn -0.999897 -0 -0.014319
vn 0 -0.962768 -0.270327
vn 0.184531 0.68868 0.701189
vn 0.131892 0.492227 0.860416
vn 0 0.509591 0.860416
vn 0.868789 -0 0.49518
vn 0.712974 -0 0.701189
vn 0.68868 0.184531 0.701189
vn 0.839186 0.224859 0.49518
vn 0.617454 0.356487 0.701189
vn 0.752394 0.434394 0.49518
vn 0.504149 0.504149 0.701189
vn 0.614327 0.614327 0.49518
vn 0.356487 0.617454 0.701189
vn 0.434394 0.752394 0.49518
vn 0.224859 0.839186 0.49518
vn 0 0.712974 0.701189
vn 0.966641 -0 0.256134
vn 0.933703 0.250185 0.256134
vn 0.837135 0.48332 0.256134
vn 0.683518 0.683518 0.256134
vn 0.48332 0.837135 0.256134
vn 0.250185 0.933703 0.256134
vn 0 0.868789 0.49518
vn 0.965925 0.258819 0
vn 0.999992 -0 0.003906
vn 0.97484 0.222903 0
vn 1 -0 0
vn 0.900797 0.434238 0
vn 0.866025 0.5 0
vn 0.781732 0.623613 0
vn 0.707106 0.707106 0
vn 0.5 0.866025 0
vn 0.623613 0.781732 0
vn 0.258819 0.965925 0
vn 0.434238 0.900797 0
vn 0 0.999992 0.003906
vn 0 1 0
vn 0.222903 0.97484 0
vn 0 0.966641 0.256134
vn 0.254795 0.441319 0.860416
vn 0.360335 0.360335 0.860416
vn 0.441319 0.254795 0.860416
vn 0.492227 0.131892 0.860416
vn 0 0.272209 0.962237
vn 0.070453 0.262934 0.962237
vn 0.136104 0.23574 0.962237
vn 0.192481 0.192481 0.962237
vn 0.23574 0.136104 0.962237
vn 0.262934 0.070453 0.962237
vn 0.509591 -0 0.860416
vn 0.004313 0.016098 0.999861
vn 0 0.02156 0.999767
vn 0.008333 0.014433 0.999861
vn 0.011785 0.011785 0.999861
vn 0.014433 0.008333 0.999861
vn 0.02156 -0 0.999767
vn 0.016666 -0 0.999861
vn 0.016098 0.004313 0.999861
vn 0.272209 -0 0.962237
vn 0 0.016666 0.999861
vn -0.99999 0 0.004371
vn -1 0 0
vn -0.965925 -0.258819 0
vn -0.129409 -0.224143 0.965925
vn -0 -0 1
vn -0 -0 1
vn -0.066987 -0.25 0.965925
vn -0 -0 1
vn -0 -0.004371 0.99999
vn -0 -0 1
vn -0 -0.258819 0.965925
vn -0.183012 -0.183012 0.965925
vn -0 -0 1
vn -0.224143 -0.129409 0.965925
vn -0 -0 1
vn -0.25 -0.066987 0.965925
vn -0 -0 1
vn -0.004371 0 0.99999
vn -0.129409 -0.482962 0.866025
vn -0 -0.5 0.866025
vn -0.25 -0.433012 0.866025
vn -0.353553 -0.353553 0.866025
vn -0.433012 -0.25 0.866025
vn -0.482962 -0.129409 0.866025
vn -0.258819 0 0.965925
vn -0.5 0 0.866025
vn -0.183012 -0.683012 0.707106
vn -0 -0.707106 0.707106
vn -0.353553 -0.612372 0.707106
vn -0.5 -0.5 0.707106
vn -0.612372 -0.353553 0.707106
vn -0.683012 -0.183012 0.707106
vn -0.707106 0 0.707106
vn -0.224143 -0.836516 0.5
vn -0 -0.866025 0.5
vn -0.433012 -0.75 0.5
vn -0.612372 -0.612372 0.5
vn -0.75 -0.433012 0.5
vn -0.836516 -0.224143 0.5
vn -0.866025 0 0.5
vn -0.25 -0.933012 0.258819
vn -0 -0.965925 0.258819
vn -0.482962 -0.836516 0.258819
vn -0.683012 -0.683012 0.258819
vn -0.836516 -0.482962 0.258819
vn -0.933012 -0.25 0.258819
vn -0.965925 0 0.258819
vn -0.258819 -0.965925 0
vn -0 -1 0
vn -0 -0.99999 0.004371
vn -0.5 -0.866025 0
vn -0.707106 -0.707106 0
vn -0.866025 -0.5 0
vn 0.900797 0.434238 0
vn 0.866025 0.5 0
vn 0.866025 0.5 0
vn 0.97484 0.222903 0
vn 1 0 0
vn 1 0 0
vn 0.434238 0.900797 0
vn 0.434238 0.900797 0
vn 0.5 0.866025 0
vn 0.258819 0.965925 0
vn 0.258819 0.965925 0
vn 0.222903 0.97484 0
vn -0 1 0
vn -0 1 0
vn 0.222903 0.97484 0
vn 0.707106 0.707106 0
vn 0.623613 0.781732 0
vn 0.623613 0.781732 0
vn 0.5 0.866025 0
vn 0.97484 0.222903 0
vn 0.965925 0.258819 0
vn 0.900797 0.434238 0
vn 0.707106 0.707106 0
vn 0.781732 0.623613 0
vn 0.781732 0.623613 0
vn 0.965925 0.258819 0
vn 0 1 0
vn 0 1 0
vn 0 1 0
vn 0 0 -1
vn 0 0 -1
vn 0 0 -1
vn 0 0 -1
vn 0 0 -1
vn 0 0 -1
vn 0 0 -1
vn 0 0 -1
vn 0 0 -1
vn 0 0 -1
vn 0 0 -1
vn 0 0 -1
vn 0 0 -1
vn 0 0 -1
vn -0.99999 0 -0.00439
vn -1 0 0
vn -1 0 0
vn -0.866025 0 -0.5
vn -0.866025 0 -0.5
vn -0.965925 0 -0.258819
vn -0.707106 0 -0.707106
vn -0.707106 0 -0.707106
vn -0.5 0 -0.866025
vn -0.5 0 -0.866025
vn -0.258819 0 -0.965925
vn -0.258819 0 -0.965925
vn 0 0 -1
vn 0 0 -1
vn -0.965925 0 -0.258819
vn -0.999874 0 -0.015837
vn -0.965925 0 0.258819
vn -0.965925 0 0.258819
vn -0.866025 0 0.5
vn -0.866025 0 0.5
vn -0.707106 0 0.707106
vn -0.707106 0 0.707106
vn -0.5 0 0.866025
vn -0.5 0 0.866025
vn -0.258819 0 0.965925
vn -0.258819 0 0.965925
vn 0 0 1
vn 0 0 1
vn 0.013732 0 0.999905
vn 0.258819 0 0.965925
vn 0.258819 0 0.965925
vn 0.00439 0 0.99999
vn 0.5 0 0.866025
vn 0.5 0 0.866025
vn 0.707106 0 0.707106
vn 0.707106 0 0.707106
vn 0.866025 0 0.5
vn 0.866025 0 0.5
vn 0.965925 0 0.258819
vn 0.965925 0 0.258819
vn 0.002744 0 -0.999996
vn 1 0 -0
vn 1 0 -0
vn 0.999992 0 -0.003922
vn 0.965925 0 -0.258819
vn 0.999799 0 -0.020038
vn 0.999346 0 -0.036148
vn 0.991186 0 -0.13247
vn 0.965925 0 -0.258819
vn 0.997662 0 -0.068338
vn 0.923879 0 -0.382683
vn 0.866025 0 -0.5
vn 0.793353 0 -0.608761
vn 0.707106 0 -0.707106
vn 0.866025 0 -0.5
vn 0.608761 0 -0.793353
vn 0.5 0 -0.866025
vn 0.707106 0 -0.707106
vn 0.382683 0 -0.923879
vn 0.258819 0 -0.965925
vn 0.5 0 -0.866025
vn 0.258819 0 -0.965925
vn 0 -1 0
vn 0 -1 0
vn 0 -1 0
vn 0 -1 0
vn 0 -1 0
vn 0 -1 0
vn 0 -1 0
vn 0 -1 0
vn 0 -1 0
vn 0 -1 0
vn 0 -1 0
vn 0 -1 0
vn 0 -1 0
vn 0 -1 0
vn 0 -1 0
vn 0 -1 0
vn 0 -1 0
vn 0 -1 0
vn 0 -1 0
vn 0 -1 0
vn 0 -1 0
vn 0 -1 0
vn 0 -1 0
vn 0 -1 0
vn 0 -1 0
vn 0 -1 0
vn 0 -1 0
vn 0 -1 0
vn 0 -1 0
vn 0 -1 0
vn 0 -1 0
vn 0 -1 0
vn 0 -1 0
vn 0 -1 0
vn 0 -1 0
vn 0 -1 0
vn 0 -1 0
vn 0 -1 0
vn 0 -1 0
vn 0 -1 0
vn 0 1 0
vn 0 1 0
vn 0 1 0
vn -0 1 0
vn -0 1 0
vn -0 1 0
vn -0 1 0
vn -0 1 0
vn -0 1 0
vn -0 1 0
vn -0 1 0
vn -0 1 0
vn -0 1 0
vn -0 1 0
vn -0 1 0
vn -0 1 0
vn -0 1 0
vn -0 1 0
vn -0 1 0
vn -0 1 0
vn -0 1 0
vn -0 1 0
vn -0 1 0
vn -0 1 0
vn -0 1 0
vn -0 1 0
vn -0 1 0
vn -0 1 0
vn -0 1 0
vn -0 1 0
vn -0 1 0
vn -0 1 0
vn -0 1 0
vn -0 1 0
vn -0 1 0
vn -0 1 0
vn 1 -0 0
vn 1 -0 0
vn 1 -0 0
vn 1 -0 0
vn 1 -0 0
vn 1 -0 0
vn 1 -0 0
vn 1 -0 0
vn 1 -0 0
vn 1 -0 0
vn 1 -0 0
vn 1 -0 0
vn 1 -0 0
vn 1 -0 0
vn 1 -0 0
vn 1 -0 0
vn 1 -0 0
vn 1 -0 0
vn 1 -0 0
vn 1 -0 0
vn 1 -0 0
vn 1 -0 0
vn 1 -0 0
vn 1 -0 0
vn 1 -0 0
vn 1 -0 0
vn 1 -0 0
vn 1 -0 0
vn 1 -0 0
vn 1 -0 0
vn 1 -0 0
vn 1 -0 0
vn 1 -0 0
vn 1 -0 0
vn 1 -0 0
vn 1 -0 0
vn 1 0 0
vn 1 0 0
vn 1 0 0
vn 1 0 0
vn 1 0 0
vn 1 0 0
vn 1 0 0
vn 1 0 0
vn 1 0 0
vn 1 0 0
vn 1 0 0
vn 1 0 0
vn 1 0 0
vn 1 0 0
vn 1 0 0
vn 1 0 0
vn 1 0 0
vn 1 0 0
vn 1 0 0
vn 1 0 0
vn 1 0 0
vn 1 0 0
vn 1 0 0
vn 1 0 0
vn 1 0 0
vn 0 1 0
vn 0 1 0
vn 0 1 0
vn 0 1 0
vn 0 1 0
vn 0 1 0
vn 0 1 0
vn 0 1 0
vn 0 1 0
vn 0 1 0
vn 0 1 0
vn 0 1 0
vn 0 1 0
vn 0 1 0
vn 0 1 0
vn 0 1 0
vn 0 1 0
vn 0 1 0
vn 0 1 0
vn 0 1 0
vn 0 1 0
vn 0 1 0
vn 0 1 0
vn 0 1 0
vn 0 1 0
usemtl App0
f 1//1 2//2 3//3
f 4//4 5//5 6//6
f 7//7 8//8 9//9
f 10//10 7//7 11//11
f 12//12 3//3 2//2
f 8//8 4//4 6//6
f 2//2 10//10 12//12
f 3//3 13//13 1//1
f 9//9 11//11 7//7
f 6//6 9//9 8//8
f 11//11 12//12 10//10
f 14//14 15//15 16//16
f 17//17 18//18 19//19
f 20//20 21//21 22//22
f 23//23 24//24 25//25
f 26//26 25//25 27//27
f 22//22 19//19 20//20
f 25//25 26//26 23//23
f 28//28 27//27 18//18
f 20//20 29//29 21//21
f 18//18 17//17 28//28
f 27//27 28//28 26//26
f 19//19 22//22 17//17
f 30//30 31//31 32//32
f 33//33 34//34 35//35
f 33//33 36//36 37//37
f 38//38 37//37 36//36
f 32//32 39//39 30//30
f 40//40 35//35 39//39
f 36//36 41//41 38//38
f 41//41 42//42 43//43
f 35//35 40//40 33//33
f 43//43 38//38 41//41
f 39//39 32//32 40//40
f 37//37 34//34 33//33
f 349//349 350//350 351//351
f 352//352 353//353 354//354
f 355//355 356//356 357//357
f 358//358 359//359 360//360
f 360//360 361//361 362//362
f 362//362 363//363 360//360
f 359//359 358//358 356//356
f 356//356 355//355 359//359
f 360//360 363//363 358//358
f 364//364 365//365 366//366
f 365//365 367//367 357//357
f 357//357 366//366 365//365
f 354//354 368//368 352//352
f 369//369 349//349 370//370
f 371//371 372//372 373//373
f 373//373 364//364 371//371
f 366//366 371//371 364//364
f 351//351 370//370 349//349
f 357//357 367//367 355//355
f 372//372 351//351 350//350
f 374//374 352//352 368//368
f 368//368 369//369 374//374
f 350//350 373//373 372//372
f 370//370 374//374 369//369
f 375//375 376//376 377//377
f 378//378 379//379 380//380
f 381//381 382//382 383//383
f 380//380 384//384 378//378
f 385//385 386//386 380//380
f 387//387 388//388 386//386
f 383//383 382//382 378//378
f 386//386 385//385 387//387
f 380//380 379//379 385//385
f 389//389 390//390 388//388
f 388//388 387//387 389//389
f 383//383 391//391 381//381
f 378//378 384//384 383//383
f 454//454 455//455 456//456
f 457//457 458//458 459//459
f 460//460 461//461 462//462
f 463//463 462//462 464//464
f 461//461 460//460 465//465
f 458//458 457//457 454//454
f 459//459 464//464 457//457
f 464//464 459//459 463//463
f 462//462 463//463 460//460
f 465//465 466//466 461//461
f 454//454 456//456 458//458
f 467//467 468//468 469//469
f 469//469 470//470 467//467
f 471//471 472//472 473//473
f 474//474 475//475 472//472
f 476//476 473//473 477//477
f 472//472 471//471 474//474
f 473//473 476//476 471//471
f 477//477 478//478 476//476
f 479//479 478//478 477//477
f 477//477 480//480 479//479
f 470//470 479//479 480//480
f 480//480 467//467 470//470
f 481//481 482//482 483//483
f 483//483 484//484 481//481
f 485//485 483//483 482//482
f 486//486 487//487 488//488
f 482//482 486//486 485//485
f 488//488 485//485 486//486
f 489//489 488//488 487//487
f 490//490 481//481 484//484
f 487//487 491//491 489//489
f 492//492 493//493 490//490
f 484//484 492//492 490//490
f 494//494 495//495 496//496
f 497//497 498//498 499//499
f 498//498 497//497 500//500
f 500//500 501//501 498//498
f 502//502 503//503 501//501
f 501//501 500//500 502//502
f 504//504 505//505 503//503
f 503//503 502//502 504//504
f 506//506 507//507 505//505
f 508//508 509//509 510//510
f 505//505 504//504 506//506
f 510//510 507//507 508//508
f 507//507 506//506 508//508
f 509//509 511//511 512//512
f 512//512 510//510 509//509
f 513//513 512//512 511//511
f 513//513 514//514 515//515
f 516//516 517//517 518//518
f 519//519 520//520 517//517
f 518//518 515//515 516//516
f 519//519 521//521 520//520
f 521//521 522//522 523//523
f 515//515 518//518 513//513
f 523//523 520//520 521//521
f 523//523 522//522 524//524
f 517//517 516//516 519//519
f 524//524 525//525 523//523
f 525//525 526//526 523//523
f 527//527 528//528 499//499
f 528//528 497//497 499//499
f 511//511 514//514 513//513
f 499//499 529//529 527//527
f 530//530 531//531 532//532
f 530//530 533//533 534//534
f 535//535 534//534 533//533
f 536//536 537//537 538//538
f 539//539 538//538 540//540
f 540//540 541//541 539//539
f 541//541 540//540 542//542
f 542//542 543//543 541//541
f 543//543 542//542 544//544
f 545//545 546//546 547//547
f 548//548 549//549 550//550
f 544//544 551//551 552//552
f 553//553 543//543 544//544
f 554//554 555//555 556//556
f 533//533 557//557 535//535
f 556//556 558//558 554//554
f 558//558 559//559 554//554
f 552//552 553//553 544//544
f 560//560 561//561 549//549
f 538//538 539//539 536//536
f 546//546 545//545 537//537
f 549//549 548//548 560//560
f 534//534 531//531 530//530
f 550//550 532//532 548//548
f 560//560 562//562 561//561
f 562//562 555//555 554//554
f 537//537 536//536 546//546
f 557//557 545//545 547//547
f 532//532 550//550 530//530
f 554//554 561//561 562//562
f 547//547 535//535 557//557
f 563//563 564//564 565//565
v 0.0364 -0.0015 0.01475
v 0.0364 -0.001823 0.014792
v 0.0364 -0.001815 0.014792
v 0.0364 -0.002707 0.015676
v 0.0364 -0.002749 0.01598
v 0.0364 -0.002703 0.015667
v 0.0364 -0.002383 0.015116
v 0.0364 -0.002582 0.015375
v 0.0364 -0.002575 0.015368
v 0.0364 -0.002125 0.014917
v 0.0364 -0.002375 0.015111
v 0.0364 -0.002116 0.014915
v 0.0364 -0.001496 0.01475
v 0.0364 -0.001482 0.017249
v 0.0364 -0.001489 0.017249
v 0.0364 -0.001494 0.017249
v 0.0364 -0.000616 0.016883
v 0.0364 -0.000611 0.016873
v 0.0364 -0.000867 0.017074
v 0.0364 -0.001167 0.017202
v 0.0364 -0.001176 0.017207
v 0.0364 -0.000875 0.017082
v 0.0364 -0.00025 0.016
v 0.0364 -0.00025 0.015995
v 0.0364 -0.000292 0.016312
v 0.0364 -0.000292 0.016323
v 0.0364 -0.000415 0.016614
v 0.0364 -0.000417 0.016625
v 0.0364 -0.001482 0.017249
v 0.0364 -0.0015 0.017249
v 0.0364 -0.001494 0.017249
v 0.0364 -0.001815 0.017207
v 0.0364 -0.00238 0.01688
v 0.0364 -0.002383 0.016883
v 0.0364 -0.002125 0.017082
v 0.0364 -0.002581 0.016619
v 0.0364 -0.002582 0.016625
v 0.0364 -0.002707 0.016323
v 0.0364 -0.001823 0.017207
v 0.0364 -0.002119 0.017081
v 0.0364 -0.002707 0.016315
v 0.0364 -0.002749 0.015994
v 0.0364 -0.002749 0.016
v 0.092 -0.002125 0.017082
v 0.0364 -0.002125 0.017082
v 0.0364 -0.002383 0.016883
v 0.092 -0.001823 0.017207
v 0.0364 -0.001823 0.017207
v 0.092 -0.0015 0.017249
v 0.0364 -0.0015 0.017249
v 0.092 -0.002383 0.016883
v 0.0364 -0.002582 0.016625
v 0.092 -0.002582 0.016625
v 0.0364 -0.002707 0.016323
v 0.092 -0.002707 0.016323
v 0.0364 -0.002749 0.016
v 0.092 -0.002749 0.016
v 0.0364 -0.002749 0.01598
v 0.0364 -0.002707 0.015676
v 0.092 -0.002707 0.015676
v 0.0364 -0.002749 0.015994
v 0.0364 -0.002582 0.015375
v 0.092 -0.002582 0.015375
v 0.0364 -0.002383 0.015116
v 0.092 -0.002383 0.015116
v 0.0364 -0.002125 0.014917
v 0.092 -0.002125 0.014917
v 0.0364 -0.001823 0.014792
v 0.092 -0.001823 0.014792
v 0.0364 -0.0015 0.01475
v 0.092 -0.0015 0.01475
v 0.0364 -0.001496 0.01475
v 0.092 -0.001176 0.014792
v 0.0364 -0.001476 0.01475
v 0.0364 -0.001456 0.01475
v 0.0364 -0.001335 0.01476
v 0.0364 -0.001176 0.014792
v 0.0364 -0.001415 0.014752
v 0.0364 -0.001021 0.014845
v 0.092 -0.000875 0.014917
v 0.0364 -0.000739 0.015008
v 0.092 -0.000616 0.015116
v 0.0364 -0.000875 0.014917
v 0.0364 -0.000508 0.015239
v 0.092 -0.000417 0.015375
v 0.0364 -0.000616 0.015116
v 0.0364 -0.000345 0.015521
v 0.092 -0.000292 0.015676
v 0.0364 -0.000417 0.015375
v 0.0364 -0.00025 0.015995
v 0.092 -0.00025 0.016
v 0.0364 -0.000292 0.015676
v 0.0364 -0.000292 0.016323
v 0.092 -0.000292 0.016323
v 0.0364 -0.000417 0.016625
v 0.092 -0.000417 0.016625
v 0.0364 -0.000616 0.016883
v 0.092 -0.000616 0.016883
v 0.0364 -0.000875 0.017082
v 0.092 -0.000875 0.017082
v 0.0364 -0.001176 0.017207
v 0.092 -0.001176 0.017207
v 0.0364 -0.001482 0.017249
v 0.0364 -0.001494 0.017249
v 0.0364 -0.00025 0.016
v 0.03586 -0.000118 0.015988
v 0.036076 -0.000207 0.015988
v 0.036068 -0.000237 0.015713
v 0.035627 0.000031 0.015988
v 0.035774 -0.000082 0.015988
v 0.035759 -0.000109 0.015713
v 0.035431 0.000227 0.015988
v 0.035516 0.000116 0.015988
v 0.035494 0.000094 0.015713
v 0.035281 0.00046 0.015988
v 0.035317 0.000375 0.015988
v 0.03529 0.000359 0.015713
v 0.035186 0.000722 0.015988
v 0.035192 0.000676 0.015988
v 0.035149 0.001 0.015954
v 0.034913 0.000141 0.01502
v 0.035083 0.000239 0.015216
v 0.035324 -0.000075 0.015216
v 0.034741 0.000555 0.01502
v 0.034931 0.000606 0.015216
v 0.034683 0.001 0.01502
v 0.034787 0.001 0.015112
v 0.0364 -0.000439 0.015329
v 0.036006 -0.000468 0.015216
v 0.036044 -0.000325 0.015451
v 0.0364 -0.000372 0.015451
v 0.035639 -0.000316 0.015216
v 0.035713 -0.000188 0.015451
v 0.035429 0.000029 0.015451
v 0.035211 0.000313 0.015451
v 0.035074 0.000644 0.015451
v 0.034879 0.001 0.015216
v 0.03496 0.001 0.015329
v 0.0364 -0.000319 0.015579
v 0.0364 -0.000281 0.015713
v 0.035162 0.000668 0.015713
v 0.03432 0.001 0.014819
v 0.034448 0.001 0.014872
v 0.034515 0.000494 0.014872
v 0.035027 0.001 0.015451
v 0.03508 0.001 0.015579
v 0.036122 -0.000213 0.015988
v 0.035118 0.001 0.015713
v 0.035142 0.001 0.01585
v 0.035148 0.001 0.015919
v 0.0364 -0.00135 0.014757
v 0.035755 -0.001404 0.01475
v 0.035827 -0.001137 0.014781
v 0.035149 0.001 0.015988
v 0.035541 -0.000486 0.01502
v 0.035186 -0.000213 0.01502
v 0.0364 -0.00052 0.015216
v 0.035955 -0.000658 0.01502
v 0.0364 -0.000612 0.015112
v 0.0364 -0.000716 0.01502
v 0.03457 0.001 0.014939
v 0.03471 0.000024 0.014872
v 0.03502 -0.000379 0.014872
v 0.035424 -0.000689 0.014872
v 0.035894 -0.000884 0.014872
v 0.0364 -0.000829 0.014939
v 0.0364 -0.000951 0.014872
v 0.034262 0.000427 0.014781
v 0.034483 -0.000106 0.014781
v 0.034834 -0.000565 0.014781
v 0.035293 -0.000916 0.014781
v 0.0364 -0.001079 0.014819
v 0.0364 -0.001213 0.014781
v 0.033995 0.000355 0.01475
v 0.033911 0.001 0.01475
v 0.034244 -0.000244 0.01475
v 0.03464 -0.000759 0.01475
v 0.035155 -0.001155 0.01475
v 0.0364 -0.001454 0.01475
v 0.0364 -0.001489 0.01475
v 0.0364 -0.001419 0.014751
v 0.034186 0.001 0.014781
v 0.0364 -0.00025 0.015988
v 0.0364 -0.002749 0.01598
v 0.0364 -0.002749 0.015988
v 0.035429 -0.002622 0.015988
v 0.034524 -0.002247 0.015988
v 0.034548 -0.002207 0.015667
v 0.035441 -0.002577 0.015667
v 0.033748 -0.001651 0.015988
v 0.033781 -0.001618 0.015667
v 0.033152 -0.000875 0.015988
v 0.033192 -0.000851 0.015667
v 0.032777 0.000029 0.015988
v 0.032822 0.000041 0.015667
v 0.032696 0.001 0.015667
v 0.035474 -0.002453 0.015368
v 0.0364 -0.002575 0.015368
v 0.034612 -0.002096 0.015368
v 0.033871 -0.001528 0.015368
v 0.033303 -0.000787 0.015368
v 0.032946 0.000074 0.015368
v 0.032824 0.001 0.015368
v 0.035526 -0.00226 0.015111
v 0.0364 -0.002375 0.015111
v 0.034712 -0.001923 0.015111
v 0.034013 -0.001386 0.015111
v 0.033476 -0.000687 0.015111
v 0.033139 0.000126 0.015111
v 0.033024 0.001 0.015111
v 0.035593 -0.00201 0.014915
v 0.0364 -0.002116 0.014915
v 0.034841 -0.001698 0.014915
v 0.034196 -0.001203 0.014915
v 0.033701 -0.000558 0.014915
v 0.033283 0.001 0.014915
v 0.033389 0.000193 0.014915
v 0.035671 -0.001719 0.014792
v 0.0364 -0.001815 0.014792
v 0.034992 -0.001438 0.014792
v 0.034409 -0.00099 0.014792
v 0.033961 -0.000407 0.014792
v 0.03368 0.000271 0.014792
v 0.033584 0.001 0.014792
v 0.0364 -0.001496 0.01475
v 0.035153 -0.001159 0.01475
v 0.035754 -0.001408 0.01475
v 0.034637 -0.000762 0.01475
v 0.03424 -0.000246 0.01475
v 0.033991 0.000354 0.01475
v 0.033903 0.001 0.01475
v 0.033906 0.001 0.01475
v 0.0364 -0.001493 0.01475
v 0.03265 0.001 0.01598
v 0.03265 0.001 0.015988
v 0.0364 -0.002703 0.015667
v 0.035982 -0.000556 0.016873
v 0.035916 -0.000804 0.017074
v 0.0364 -0.000867 0.017074
v 0.034984 0.001 0.016614
v 0.034788 0.001 0.016873
v 0.034843 0.000582 0.016873
v 0.035032 0.000633 0.016614
v 0.035004 0.000194 0.016873
v 0.035174 0.000292 0.016614
v 0.03526 -0.000139 0.016873
v 0.035399 -0.785684E-6 0.016614
v 0.035594 -0.000395 0.016873
v 0.035692 -0.000225 0.016614
v 0.036033 -0.000367 0.016614
v 0.0364 -0.000611 0.016873
v 0.035107 0.001 0.016312
v 0.035151 0.000665 0.016312
v 0.035281 0.000353 0.016312
v 0.035486 0.000086 0.016312
v 0.035753 -0.000118 0.016312
v 0.036065 -0.000248 0.016312
v 0.0364 -0.000415 0.016614
v 0.035192 0.000676 0.01599
v 0.035149 0.001 0.015995
v 0.035186 0.000722 0.01599
v 0.035149 0.001 0.01599
v 0.035281 0.00046 0.01599
v 0.035317 0.000375 0.01599
v 0.035431 0.000227 0.01599
v 0.035516 0.000116 0.01599
v 0.035774 -0.000082 0.01599
v 0.035627 0.000031 0.01599
v 0.036076 -0.000207 0.01599
v 0.03586 -0.000118 0.01599
v 0.0364 -0.00025 0.015995
v 0.0364 -0.00025 0.01599
v 0.036122 -0.000213 0.01599
v 0.0364 -0.000292 0.016312
v 0.035466 -0.000617 0.017074
v 0.035079 -0.00032 0.017074
v 0.034782 0.000066 0.017074
v 0.034595 0.000516 0.017074
v 0.0364 -0.001167 0.017202
v 0.035839 -0.001093 0.017202
v 0.035316 -0.000876 0.017202
v 0.034867 -0.000532 0.017202
v 0.034523 -0.000083 0.017202
v 0.034306 0.000439 0.017202
v 0.034532 0.001 0.017074
v 0.035755 -0.001404 0.017249
v 0.0364 -0.001482 0.017249
v 0.035155 -0.001155 0.017249
v 0.03464 -0.000759 0.017249
v 0.034244 -0.000244 0.017249
v 0.033917 0.001 0.017249
v 0.033911 0.001 0.017249
v 0.033995 0.000355 0.017249
v 0.034232 0.001 0.017202
v 0.0364 -0.001489 0.017249
v 0.03265 0.001 0.015994
v 0.03265 0.001 0.015988
v 0.032777 0.000029 0.015988
v 0.034992 -0.001438 0.017207
v 0.035155 -0.001155 0.017249
v 0.03464 -0.000759 0.017249
v 0.035671 -0.001719 0.017207
v 0.035755 -0.001404 0.017249
v 0.0364 -0.001494 0.017249
v 0.0364 -0.001489 0.017249
v 0.0364 -0.001815 0.017207
v 0.034409 -0.00099 0.017207
v 0.034244 -0.000244 0.017249
v 0.033961 -0.000407 0.017207
v 0.033995 0.000355 0.017249
v 0.03368 0.000271 0.017207
v 0.033911 0.001 0.017249
v 0.033905 0.001 0.017249
v 0.035592 -0.002013 0.017081
v 0.0364 -0.002119 0.017081
v 0.03484 -0.001701 0.017081
v 0.034194 -0.001205 0.017081
v 0.033698 -0.000559 0.017081
v 0.033386 0.000192 0.017081
v 0.033584 0.001 0.017207
v 0.03328 0.001 0.017081
v 0.035525 -0.002265 0.01688
v 0.0364 -0.00238 0.01688
v 0.034709 -0.001927 0.01688
v 0.034009 -0.00139 0.01688
v 0.033472 -0.00069 0.01688
v 0.033134 0.000125 0.01688
v 0.033019 0.001 0.01688
v 0.035473 -0.002459 0.016619
v 0.0364 -0.002581 0.016619
v 0.034609 -0.002101 0.016619
v 0.033867 -0.001532 0.016619
v 0.033298 -0.00079 0.016619
v 0.03294 0.000073 0.016619
v 0.032818 0.001 0.016619
v 0.03544 -0.00258 0.016315
v 0.0364 -0.002707 0.016315
v 0.034546 -0.00221 0.016315
v 0.033778 -0.001621 0.016315
v 0.033189 -0.000853 0.016315
v 0.032819 0.00004 0.016315
v 0.032692 0.001 0.016315
v 0.035429 -0.002622 0.015988
v 0.0364 -0.002749 0.015988
v 0.0364 -0.002749 0.015994
v 0.034524 -0.002247 0.015988
v 0.033748 -0.001651 0.015988
v 0.033152 -0.000875 0.015988
v 0.035281 0.00046 0.01599
v 0.035317 0.000375 0.01599
v 0.035317 0.000375 0.015988
v 0.035186 0.000722 0.015988
v 0.035149 0.001 0.015988
v 0.035149 0.001 0.01599
v 0.03586 -0.000118 0.01599
v 0.03586 -0.000118 0.015988
v 0.035774 -0.000082 0.015988
v 0.036076 -0.000207 0.015988
v 0.036076 -0.000207 0.01599
v 0.036122 -0.000213 0.01599
v 0.0364 -0.00025 0.01599
v 0.0364 -0.00025 0.015988
v 0.036122 -0.000213 0.015988
v 0.035516 0.000116 0.01599
v 0.035627 0.000031 0.01599
v 0.035627 0.000031 0.015988
v 0.035774 -0.000082 0.01599
v 0.035186 0.000722 0.01599
v 0.035192 0.000676 0.01599
v 0.035281 0.00046 0.015988
v 0.035516 0.000116 0.015988
v 0.035431 0.000227 0.015988
v 0.035431 0.000227 0.01599
v 0.035192 0.000676 0.015988
v 0.03265 0.001 0.01598
v 0.03265 0.001 0.015988
v 0.03265 0.001 0.015994
v 0.035153 -0.001159 0.01475
v 0.034637 -0.000762 0.01475
v 0.03464 -0.000759 0.01475
v 0.0364 -0.001493 0.01475
v 0.035754 -0.001408 0.01475
v 0.035755 -0.001404 0.01475
v 0.035155 -0.001155 0.01475
v 0.03424 -0.000246 0.01475
v 0.034244 -0.000244 0.01475
v 0.033991 0.000354 0.01475
v 0.033995 0.000355 0.01475
v 0.033906 0.001 0.01475
v 0.033911 0.001 0.01475
v 0.0364 -0.001489 0.01475
v 0.03265 0.001 0.015994
v 0.03265 0.001 0.016
v 0.03265 0.0566 0.016
v 0.032817 0.0566 0.015375
v 0.032817 0.001 0.015375
v 0.032692 0.001 0.015676
v 0.033016 0.0566 0.015116
v 0.033016 0.001 0.015116
v 0.033275 0.0566 0.014917
v 0.033275 0.001 0.014917
v 0.033576 0.0566 0.014792
v 0.033576 0.001 0.014792
v 0.0339 0.0566 0.01475
v 0.0339 0.001 0.01475
v 0.032692 0.0566 0.015676
v 0.03265 0.001 0.01598
v 0.032692 0.001 0.016323
v 0.032692 0.0566 0.016323
v 0.032817 0.001 0.016625
v 0.032817 0.0566 0.016625
v 0.033016 0.001 0.016883
v 0.033016 0.0566 0.016883
v 0.033275 0.001 0.017082
v 0.033275 0.0566 0.017082
v 0.033576 0.001 0.017207
v 0.033576 0.0566 0.017207
v 0.0339 0.001 0.017249
v 0.0339 0.0566 0.017249
v 0.033917 0.001 0.017249
v 0.034223 0.001 0.017207
v 0.034223 0.0566 0.017207
v 0.033905 0.001 0.017249
v 0.034524 0.001 0.017082
v 0.034524 0.0566 0.017082
v 0.034783 0.001 0.016883
v 0.034783 0.0566 0.016883
v 0.034982 0.001 0.016625
v 0.034982 0.0566 0.016625
v 0.035107 0.001 0.016323
v 0.035107 0.0566 0.016323
v 0.033903 0.001 0.01475
v 0.035149 0.001 0.016
v 0.035149 0.0566 0.016
v 0.035149 0.001 0.015995
v 0.035107 0.0566 0.015676
v 0.035149 0.001 0.015974
v 0.035149 0.001 0.015954
v 0.035138 0.001 0.015834
v 0.035107 0.001 0.015676
v 0.035147 0.001 0.015914
v 0.035054 0.001 0.015521
v 0.034982 0.0566 0.015375
v 0.034891 0.001 0.015239
v 0.034783 0.0566 0.015116
v 0.034982 0.001 0.015375
v 0.03466 0.001 0.015008
v 0.034524 0.0566 0.014917
v 0.034783 0.001 0.015116
v 0.034378 0.001 0.014845
v 0.034223 0.0566 0.014792
v 0.034524 0.001 0.014917
v 0.034223 0.001 0.014792
v 0.032696 0.001 0.015667
v 0.03265 0.001 0.01598
v 0.032692 0.001 0.015676
v 0.032824 0.001 0.015368
v 0.032817 0.001 0.015375
v 0.033016 0.001 0.015116
v 0.033576 0.001 0.014792
v 0.033584 0.001 0.014792
v 0.033283 0.001 0.014915
v 0.033275 0.001 0.014917
v 0.033024 0.001 0.015111
v 0.0339 0.001 0.01475
v 0.033903 0.001 0.01475
v 0.033584 0.001 0.017207
v 0.033905 0.001 0.017249
v 0.0339 0.001 0.017249
v 0.033576 0.001 0.017207
v 0.032692 0.001 0.016323
v 0.032692 0.001 0.016315
v 0.032818 0.001 0.016619
v 0.03265 0.001 0.016
v 0.03265 0.001 0.015994
v 0.032817 0.001 0.016625
v 0.033019 0.001 0.01688
v 0.033016 0.001 0.016883
v 0.033275 0.001 0.017082
v 0.03328 0.001 0.017081
v 0.034532 0.001 0.017074
v 0.034788 0.001 0.016873
v 0.034783 0.001 0.016883
v 0.034524 0.001 0.017082
v 0.034982 0.001 0.016625
v 0.034984 0.001 0.016614
v 0.035107 0.001 0.016312
v 0.035107 0.001 0.016323
v 0.035149 0.001 0.016
v 0.034232 0.001 0.017202
v 0.035149 0.001 0.015995
v 0.034223 0.001 0.017207
v 0.033917 0.001 0.017249
v 0.033905 0.001 0.017249
v 0.033911 0.001 0.017249
v 0.033917 0.001 0.017249
v 0.035149 0.001 0.015954
v 0.035149 0.001 0.015954
v 0.035149 0.001 0.015974
v 0.035148 0.001 0.015919
v 0.035147 0.001 0.015914
v 0.035142 0.001 0.01585
v 0.035138 0.001 0.015834
v 0.035118 0.001 0.015713
v 0.035107 0.001 0.015676
v 0.03508 0.001 0.015579
v 0.035054 0.001 0.015521
v 0.035027 0.001 0.015451
v 0.03496 0.001 0.015329
v 0.034982 0.001 0.015375
v 0.034879 0.001 0.015216
v 0.034891 0.001 0.015239
v 0.034783 0.001 0.015116
v 0.034787 0.001 0.015112
v 0.034683 0.001 0.01502
v 0.03457 0.001 0.014939
v 0.034524 0.001 0.014917
v 0.03466 0.001 0.015008
v 0.034448 0.001 0.014872
v 0.034378 0.001 0.014845
v 0.03432 0.001 0.014819
v 0.034186 0.001 0.014781
v 0.034223 0.001 0.014792
v 0.033911 0.001 0.01475
v 0.033906 0.001 0.01475
v 0.033903 0.001 0.01475
v 0.035149 0.001 0.01599
v 0.035149 0.001 0.015988
v 0.035149 0.001 0.015995
v 0.0364 -0.000616 0.015116
v 0.0364 -0.000612 0.015112
v 0.0364 -0.00052 0.015216
v 0.0364 -0.000739 0.015008
v 0.0364 -0.000716 0.01502
v 0.0364 -0.000829 0.014939
v 0.0364 -0.001213 0.014781
v 0.0364 -0.001176 0.014792
v 0.0364 -0.001335 0.01476
v 0.0364 -0.00135 0.014757
v 0.0364 -0.001415 0.014752
v 0.0364 -0.001419 0.014751
v 0.0364 -0.001456 0.01475
v 0.0364 -0.001454 0.01475
v 0.0364 -0.001476 0.01475
v 0.0364 -0.001021 0.014845
v 0.0364 -0.001079 0.014819
v 0.0364 -0.000951 0.014872
v 0.0364 -0.000439 0.015329
v 0.0364 -0.000417 0.015375
v 0.0364 -0.000508 0.015239
v 0.0364 -0.001496 0.01475
v 0.0364 -0.001493 0.01475
v 0.0364 -0.001489 0.01475
v 0.0364 -0.000292 0.015676
v 0.0364 -0.000281 0.015713
v 0.0364 -0.00025 0.015988
v 0.0364 -0.000875 0.014917
v 0.0364 -0.00025 0.01599
v 0.0364 -0.00025 0.015995
v 0.0364 -0.000372 0.015451
v 0.0364 -0.000345 0.015521
v 0.0364 -0.000319 0.015579
v 0.0364 -0.002749 0.015994
v 0.0364 -0.002749 0.015988
v 0.0364 -0.002749 0.01598
v 0.092 -0.0015 0.017249
v 0.092 -0.001823 0.017207
v 0.092 -0.0015 0.016
v 0.092 -0.0015 0.01475
v 0.092 -0.001176 0.014792
v 0.092 -0.000292 0.016323
v 0.092 -0.000417 0.016625
v 0.092 -0.000616 0.016883
v 0.092 -0.000875 0.017082
v 0.092 -0.001176 0.017207
v 0.092 -0.002125 0.017082
v 0.092 -0.002383 0.016883
v 0.092 -0.002582 0.016625
v 0.092 -0.002707 0.016323
v 0.092 -0.002749 0.016
v 0.092 -0.002707 0.015676
v 0.092 -0.002582 0.015375
v 0.092 -0.002383 0.015116
v 0.092 -0.002125 0.014917
v 0.092 -0.001823 0.014792
v 0.092 -0.000875 0.014917
v 0.092 -0.000616 0.015116
v 0.092 -0.000417 0.015375
v 0.092 -0.000292 0.015676
v 0.092 -0.00025 0.016
v 0.03265 0.0566 0.016
v 0.032692 0.0566 0.016323
v 0.0339 0.0566 0.016
v 0.032692 0.0566 0.015676
v 0.032817 0.0566 0.015375
v 0.033016 0.0566 0.015116
v 0.033275 0.0566 0.014917
v 0.032817 0.0566 0.016625
v 0.0339 0.0566 0.01475
v 0.033576 0.0566 0.014792
v 0.034223 0.0566 0.014792
v 0.034524 0.0566 0.014917
v 0.034783 0.0566 0.015116
v 0.034982 0.0566 0.015375
v 0.035107 0.0566 0.015676
v 0.035149 0.0566 0.016
v 0.035107 0.0566 0.016323
v 0.034982 0.0566 0.016625
v 0.034783 0.0566 0.016883
v 0.034524 0.0566 0.017082
v 0.0339 0.0566 0.017249
v 0.034223 0.0566 0.017207
v 0.033576 0.0566 0.017207
v 0.033275 0.0566 0.017082
v 0.033016 0.0566 0.016883
vn -1 0 0
vn -1 0 0
vn -1 0 0
vn -1 0 0
vn -1 0 0
vn -1 0 0
vn -1 0 0
vn -1 0 0
vn -1 0 0
vn -1 0 0
vn -1 0 0
vn -1 0 0
vn -1 0 0
vn 1 -0 0
vn 1 -0 0
vn 1 -0 0
vn -1 0 0
vn -1 0 0
vn -1 0 0
vn -1 0 0
vn -1 0 0
vn -1 0 0
vn -1 0 0
vn -1 0 0
vn -1 0 0
vn -1 0 0
vn -1 0 0
vn -1 0 0
vn -1 0 0
vn -1 0 0
vn -1 0 0
vn -1 0 0
vn -1 0 0
vn -1 0 0
vn -1 0 0
vn -1 0 0
vn -1 0 0
vn -1 0 0
vn -1 0 0
vn -1 0 0
vn -1 0 0
vn -1 0 0
vn -1 0 0
vn 0 -0.5 0.866025
vn 0 -0.5 0.866025
vn 0 -0.707106 0.707106
vn 0 -0.258819 0.965925
vn 0 -0.258819 0.965925
vn 0 0 1
vn 0 0 1
vn 0 -0.707106 0.707106
vn 0 -0.866025 0.5
vn 0 -0.866025 0.5
vn 0 -0.965925 0.258819
vn 0 -0.965925 0.258819
vn 0 -1 -0
vn 0 -1 -0
vn 0 -0.999874 -0.015837
vn 0 -0.965925 -0.258819
vn 0 -0.965925 -0.258819
vn 0 -0.99999 -0.00439
vn 0 -0.866025 -0.5
vn 0 -0.866025 -0.5
vn 0 -0.707106 -0.707106
vn 0 -0.707106 -0.707106
vn 0 -0.5 -0.866025
vn 0 -0.5 -0.866025
vn 0 -0.258819 -0.965925
vn 0 -0.258819 -0.965925
vn 0 0 -1
vn 0 0 -1
vn 0 0.002744 -0.999996
vn 0 0.258819 -0.965925
vn 0 0.018934 -0.99982
vn 0 0.035119 -0.999383
vn 0 0.131886 -0.991264
vn 0 0.258819 -0.965925
vn 0 0.067457 -0.997722
vn 0 0.382683 -0.923879
vn 0 0.5 -0.866025
vn 0 0.608761 -0.793353
vn 0 0.707106 -0.707106
vn 0 0.5 -0.866025
vn 0 0.793353 -0.608761
vn 0 0.866025 -0.5
vn 0 0.707106 -0.707106
vn 0 0.923879 -0.382683
vn 0 0.965925 -0.258819
vn 0 0.866025 -0.5
vn 0 0.999992 -0.003922
vn 0 1 0
vn 0 0.965925 -0.258819
vn 0 0.965925 0.258819
vn 0 0.965925 0.258819
vn 0 0.866025 0.5
vn 0 0.866025 0.5
vn 0 0.707106 0.707106
vn 0 0.707106 0.707106
vn 0 0.5 0.866025
vn 0 0.5 0.866025
vn 0 0.258819 0.965925
vn 0 0.258819 0.965925
vn 0 0.013732 0.999905
vn 0 0.00439 0.99999
vn 0 1 0
vn 0.434238 0.900797 0
vn 0.258819 0.965925 -0
vn 0.252329 0.941708 -0.22252
vn 0.623613 0.781732 0
vn 0.5 0.866025 -0
vn 0.487463 0.844312 -0.22252
vn 0.781732 0.623613 0
vn 0.707106 0.707106 -0
vn 0.689378 0.689378 -0.22252
vn 0.900797 0.434238 0
vn 0.866025 0.5 -0
vn 0.844312 0.487463 -0.22252
vn 0.97484 0.222903 0
vn 0.965925 0.258819 -0
vn 0.999606 -0 -0.028046
vn 0.539958 0.311744 -0.781831
vn 0.677085 0.390915 -0.623489
vn 0.552838 0.552838 -0.623489
vn 0.602244 0.161371 -0.781831
vn 0.755191 0.202352 -0.623489
vn 0.623489 -0 -0.781831
vn 0.707106 -0 -0.707106
vn 0 0.846724 -0.532032
vn 0.202352 0.755191 -0.623489
vn 0.233187 0.870269 -0.433883
vn 0 0.900968 -0.433883
vn 0.390915 0.677085 -0.623489
vn 0.450484 0.780261 -0.433883
vn 0.637081 0.637081 -0.433883
vn 0.780261 0.450484 -0.433883
vn 0.870269 0.233187 -0.433883
vn 0.781831 -0 -0.623489
vn 0.846724 -0 -0.532032
vn 0 0.943883 -0.330279
vn 0 0.974927 -0.22252
vn 0.941708 0.252329 -0.22252
vn 0.330279 -0 -0.943883
vn 0.433883 -0 -0.900968
vn 0.419099 0.112297 -0.900968
vn 0.900968 -0 -0.433883
vn 0.943883 -0 -0.330279
vn 0.222903 0.97484 0
vn 0.974927 -0 -0.22252
vn 0.993712 -0 -0.111964
vn 0.998426 -0 -0.05607
vn 0 0.111964 -0.993712
vn -0 0 -1
vn 0.057592 0.214938 -0.974927
vn 1 -0 -0
vn 0.311744 0.539958 -0.781831
vn 0.440873 0.440873 -0.781831
vn 0 0.781831 -0.623489
vn 0.161371 0.602244 -0.781831
vn 0 0.707106 -0.707106
vn 0 0.623489 -0.781831
vn 0.532032 -0 -0.846724
vn 0.375754 0.216941 -0.900968
vn 0.306802 0.306802 -0.900968
vn 0.216941 0.375754 -0.900968
vn 0.112297 0.419099 -0.900968
vn 0 0.532032 -0.846724
vn 0 0.433883 -0.900968
vn 0.214938 0.057592 -0.974927
vn 0.192708 0.11126 -0.974927
vn 0.157346 0.157346 -0.974927
vn 0.11126 0.192708 -0.974927
vn 0 0.330279 -0.943883
vn 0 0.22252 -0.974927
vn -0 0 -1
vn -0 0 -1
vn -0 0 -1
vn -0 0 -1
vn -0 0 -1
vn 0 0.028046 -0.999606
vn -0 -0 -1
vn 0 0.05607 -0.998426
vn 0.22252 -0 -0.974927
vn 0 1 -0
vn 0 -0.999772 -0.021318
vn 0 -0.999897 -0.014319
vn -0.258792 -0.965826 -0.014319
vn -0.499948 -0.865936 -0.014319
vn -0.481384 -0.833781 -0.270327
vn -0.249182 -0.929962 -0.270327
vn -0.707034 -0.707034 -0.014319
vn -0.68078 -0.68078 -0.270327
vn -0.865936 -0.499948 -0.014319
vn -0.833781 -0.481384 -0.270327
vn -0.965826 -0.258792 -0.014319
vn -0.929962 -0.249182 -0.270327
vn -0.962768 -0 -0.270327
vn -0.222898 -0.831867 -0.508244
vn 0 -0.861212 -0.508244
vn -0.430606 -0.745831 -0.508244
vn -0.608969 -0.608969 -0.508244
vn -0.745831 -0.430606 -0.508244
vn -0.831867 -0.222898 -0.508244
vn -0.861212 -0 -0.508244
vn -0.181697 -0.678104 -0.712151
vn 0 -0.702025 -0.712151
vn -0.351012 -0.607972 -0.712151
vn -0.496407 -0.496407 -0.712151
vn -0.607972 -0.351012 -0.712151
vn -0.678104 -0.181697 -0.712151
vn -0.702025 -0 -0.712151
vn -0.128338 -0.478964 -0.868402
vn 0 -0.49586 -0.868402
vn -0.24793 -0.429427 -0.868402
vn -0.350626 -0.350626 -0.868402
vn -0.429427 -0.24793 -0.868402
vn -0.49586 -0 -0.868402
vn -0.478964 -0.128338 -0.868402
vn -0.06639 -0.247772 -0.96654
vn 0 -0.256512 -0.96654
vn -0.128256 -0.222146 -0.96654
vn -0.181382 -0.181382 -0.96654
vn -0.222146 -0.128256 -0.96654
vn -0.247772 -0.06639 -0.96654
vn -0.256512 -0 -0.96654
vn 0 -0.002736 -0.999996
vn -0 -0 -1
vn -0 -0 -1
vn -0 -0 -1
vn -0 -0 -1
vn -0 -0 -1
vn -0.002736 0 -0.999996
vn -0 -0 -1
vn -0 -0 -1
vn -0.999772 0 -0.021318
vn -0.999897 -0 -0.014319
vn 0 -0.962768 -0.270327
vn 0.184531 0.68868 0.701189
vn 0.131892 0.492227 0.860416
vn 0 0.509591 0.860416
vn 0.868789 -0 0.49518
vn 0.712974 -0 0.701189
vn 0.68868 0.184531 0.701189
vn 0.839186 0.224859 0.49518
vn 0.617454 0.356487 0.701189
vn 0.752394 0.434394 0.49518
vn 0.504149 0.504149 0.701189
vn 0.614327 0.614327 0.49518
vn 0.356487 0.617454 0.701189
vn 0.434394 0.752394 0.49518
vn 0.224859 0.839186 0.49518
vn 0 0.712974 0.701189
vn 0.966641 -0 0.256134
vn 0.933703 0.250185 0.256134
vn 0.837135 0.48332 0.256134
vn 0.683518 0.683518 0.256134
vn 0.48332 0.837135 0.256134
vn 0.250185 0.933703 0.256134
vn 0 0.868789 0.49518
vn 0.965925 0.258819 0
vn 0.999992 -0 0.003906
vn 0.97484 0.222903 0
vn 1 -0 0
vn 0.900797 0.434238 0
vn 0.866025 0.5 0
vn 0.781732 0.623613 0
vn 0.707106 0.707106 0
vn 0.5 0.866025 0
vn 0.623613 0.781732 0
vn 0.258819 0.965925 0
vn 0.434238 0.900797 0
vn 0 0.999992 0.003906
vn 0 1 0
vn 0.222903 0.97484 0
vn 0 0.966641 0.256134
vn 0.254795 0.441319 0.860416
vn 0.360335 0.360335 0.860416
vn 0.441319 0.254795 0.860416
vn 0.492227 0.131892 0.860416
vn 0 0.272209 0.962237
vn 0.070453 0.262934 0.962237
vn 0.136104 0.23574 0.962237
vn 0.192481 0.192481 0.962237
vn 0.23574 0.136104 0.962237
vn 0.262934 0.070453 0.962237
vn 0.509591 -0 0.860416
vn 0.004313 0.016098 0.999861
vn 0 0.02156 0.999767
vn 0.008333 0.014433 0.999861
vn 0.011785 0.011785 0.999861
vn 0.014433 0.008333 0.999861
vn 0.02156 -0 0.999767
vn 0.016666 -0 0.999861
vn 0.016098 0.004313 0.999861
vn 0.272209 -0 0.962237
vn 0 0.016666 0.999861
vn -0.99999 0 0.004371
vn -1 0 0
vn -0.965925 -0.258819 0
vn -0.129409 -0.224143 0.965925
vn -0 -0 1
vn -0 -0 1
vn -0.066987 -0.25 0.965925
vn -0 -0 1
vn -0 -0.004371 0.99999
vn -0 -0 1
vn -0 -0.258819 0.965925
vn -0.183012 -0.183012 0.965925
vn -0 -0 1
vn -0.224143 -0.129409 0.965925
vn -0 -0 1
vn -0.25 -0.066987 0.965925
vn -0 -0 1
vn -0.004371 0 0.99999
vn -0.129409 -0.482962 0.866025
vn -0 -0.5 0.866025
vn -0.25 -0.433012 0.866025
vn -0.353553 -0.353553 0.866025
vn -0.433012 -0.25 0.866025
vn -0.482962 -0.129409 0.866025
vn -0.258819 0 0.965925
vn -0.5 0 0.866025
vn -0.183012 -0.683012 0.707106
vn -0 -0.707106 0.707106
vn -0.353553 -0.612372 0.707106
vn -0.5 -0.5 0.707106
vn -0.612372 -0.353553 0.707106
vn -0.683012 -0.183012 0.707106
vn -0.707106 0 0.707106
vn -0.224143 -0.836516 0.5
vn -0 -0.866025 0.5
vn -0.433012 -0.75 0.5
vn -0.612372 -0.612372 0.5
vn -0.75 -0.433012 0.5
vn -0.836516 -0.224143 0.5
vn -0.866025 0 0.5
vn -0.25 -0.933012 0.258819
vn -0 -0.965925 0.258819
vn -0.482962 -0.836516 0.258819
vn -0.683012 -0.683012 0.258819
vn -0.836516 -0.482962 0.258819
vn -0.933012 -0.25 0.258819
vn -0.965925 0 0.258819
vn -0.258819 -0.965925 0
vn -0 -1 0
vn -0 -0.99999 0.004371
vn -0.5 -0.866025 0
vn -0.707106 -0.707106 0
vn -0.866025 -0.5 0
vn 0.900797 0.434238 0
vn 0.866025 0.5 0
vn 0.866025 0.5 0
vn 0.97484 0.222903 0
vn 1 0 0
vn 1 0 0
vn 0.434238 0.900797 0
vn 0.434238 0.900797 0
vn 0.5 0.866025 0
vn 0.258819 0.965925 0
vn 0.258819 0.965925 0
vn 0.222903 0.97484 0
vn -0 1 0
vn -0 1 0
vn 0.222903 0.97484 0
vn 0.707106 0.707106 0
vn 0.623613 0.781732 0
vn 0.623613 0.781732 0
vn 0.5 0.866025 0
vn 0.97484 0.222903 0
vn 0.965925 0.258819 0
vn 0.900797 0.434238 0
vn 0.707106 0.707106 0
vn 0.781732 0.623613 0
vn 0.781732 0.623613 0
vn 0.965925 0.258819 0
vn 0 1 0
vn 0 1 0
vn 0 1 0
vn 0 0 -1
vn 0 0 -1
vn 0 0 -1
vn 0 0 -1
vn 0 0 -1
vn 0 0 -1
vn 0 0 -1
vn 0 0 -1
vn 0 0 -1
vn 0 0 -1
vn 0 0 -1
vn 0 0 -1
vn 0 0 -1
vn 0 0 -1
vn -0.99999 0 -0.00439
vn -1 0 0
vn -1 0 0
vn -0.866025 0 -0.5
vn -0.866025 0 -0.5
vn -0.965925 0 -0.258819
vn -0.707106 0 -0.707106
vn -0.707106 0 -0.707106
vn -0.5 0 -0.866025
vn -0.5 0 -0.866025
vn -0.258819 0 -0.965925
vn -0.258819 0 -0.965925
vn 0 0 -1
vn 0 0 -1
vn -0.965925 0 -0.258819
vn -0.999874 0 -0.015837
vn -0.965925 0 0.258819
vn -0.965925 0 0.258819
vn -0.866025 0 0.5
vn -0.866025 0 0.5
vn -0.707106 0 0.707106
vn -0.707106 0 0.707106
vn -0.5 0 0.866025
vn -0.5 0 0.866025
vn -0.258819 0 0.965925
vn -0.258819 0 0.965925
vn 0 0 1
vn 0 0 1
vn 0.013732 0 0.999905
vn 0.258819 0 0.965925
vn 0.258819 0 0.965925
vn 0.00439 0 0.99999
vn 0.5 0 0.866025
vn 0.5 0 0.866025
vn 0.707106 0 0.707106
vn 0.707106 0 0.707106
vn 0.866025 0 0.5
vn 0.866025 0 0.5
vn 0.965925 0 0.258819
vn 0.965925 0 0.258819
vn 0.002744 0 -0.999996
vn 1 0 -0
vn 1 0 -0
vn 0.999992 0 -0.003922
vn 0.965925 0 -0.258819
vn 0.999799 0 -0.020038
vn 0.999346 0 -0.036148
vn 0.991186 0 -0.13247
vn 0.965925 0 -0.258819
vn 0.997662 0 -0.068338
vn 0.923879 0 -0.382683
vn 0.866025 0 -0.5
vn 0.793353 0 -0.608761
vn 0.707106 0 -0.707106
vn 0.866025 0 -0.5
vn 0.608761 0 -0.793353
vn 0.5 0 -0.866025
vn 0.707106 0 -0.707106
vn 0.382683 0 -0.923879
vn 0.258819 0 -0.965925
vn 0.5 0 -0.866025
vn 0.258819 0 -0.965925
vn 0 -1 0
vn 0 -1 0
vn 0 -1 0
vn 0 -1 0
vn 0 -1 0
vn 0 -1 0
vn 0 -1 0
vn 0 -1 0
vn 0 -1 0
vn 0 -1 0
vn 0 -1 0
vn 0 -1 0
vn 0 -1 0
vn 0 -1 0
vn 0 -1 0
vn 0 -1 0
vn 0 -1 0
vn 0 -1 0
vn 0 -1 0
vn 0 -1 0
vn 0 -1 0
vn 0 -1 0
vn 0 -1 0
vn 0 -1 0
vn 0 -1 0
vn 0 -1 0
vn 0 -1 0
vn 0 -1 0
vn 0 -1 0
vn 0 -1 0
vn 0 -1 0
vn 0 -1 0
vn 0 -1 0
vn 0 -1 0
vn 0 -1 0
vn 0 -1 0
vn 0 -1 0
vn 0 -1 0
vn 0 -1 0
vn 0 -1 0
vn 0 1 0
vn 0 1 0
vn 0 1 0
vn -0 1 0
vn -0 1 0
vn -0 1 0
vn -0 1 0
vn -0 1 0
vn -0 1 0
vn -0 1 0
vn -0 1 0
vn -0 1 0
vn -0 1 0
vn -0 1 0
vn -0 1 0
vn -0 1 0
vn -0 1 0
vn -0 1 0
vn -0 1 0
vn -0 1 0
vn -0 1 0
vn -0 1 0
vn -0 1 0
vn -0 1 0
vn -0 1 0
vn -0 1 0
vn -0 1 0
vn -0 1 0
vn -0 1 0
vn -0 1 0
vn -0 1 0
vn -0 1 0
vn -0 1 0
vn -0 1 0
vn -0 1 0
vn -0 1 0
vn 1 -0 0
vn 1 -0 0
vn 1 -0 0
vn 1 -0 0
vn 1 -0 0
vn 1 -0 0
vn 1 -0 0
vn 1 -0 0
vn 1 -0 0
vn 1 -0 0
vn 1 -0 0
vn 1 -0 0
vn 1 -0 0
vn 1 -0 0
vn 1 -0 0
vn 1 -0 0
vn 1 -0 0
vn 1 -0 0
vn 1 -0 0
vn 1 -0 0
vn 1 -0 0
vn 1 -0 0
vn 1 -0 0
vn 1 -0 0
vn 1 -0 0
vn 1 -0 0
vn 1 -0 0
vn 1 -0 0
vn 1 -0 0
vn 1 -0 0
vn 1 -0 0
vn 1 -0 0
vn 1 -0 0
vn 1 -0 0
vn 1 -0 0
vn 1 -0 0
vn 1 0 0
vn 1 0 0
vn 1 0 0
vn 1 0 0
vn 1 0 0
vn 1 0 0
vn 1 0 0
vn 1 0 0
vn 1 0 0
vn 1 0 0
vn 1 0 0
vn 1 0 0
vn 1 0 0
vn 1 0 0
vn 1 0 0
vn 1 0 0
vn 1 0 0
vn 1 0 0
vn 1 0 0
vn 1 0 0
vn 1 0 0
vn 1 0 0
vn 1 0 0
vn 1 0 0
vn 1 0 0
vn 0 1 0
vn 0 1 0
vn 0 1 0
vn 0 1 0
vn 0 1 0
vn 0 1 0
vn 0 1 0
vn 0 1 0
vn 0 1 0
vn 0 1 0
vn 0 1 0
vn 0 1 0
vn 0 1 0
vn 0 1 0
vn 0 1 0
vn 0 1 0
vn 0 1 0
vn 0 1 0
vn 0 1 0
vn 0 1 0
vn 0 1 0
vn 0 1 0
vn 0 1 0
vn 0 1 0
vn 0 1 0
usemtl App1
f 659//659 660//660 661//661
f 662//662 663//663 660//660
f 664//664 665//665 663//663
f 663//663 662//662 664//664
f 660//660 659//659 662//662
f 661//661 666//666 659//659
f 667//667 668//668 666//666
f 669//669 670//670 668//668
f 671//671 672//672 670//670
f 673//673 674//674 675//675
f 676//676 673//673 675//675
f 676//676 675//675 672//672
f 672//672 671//671 676//676
f 677//677 678//678 675//675
f 679//679 680//680 678//678
f 681//681 682//682 680//680
f 683//683 684//684 682//682
f 685//685 686//686 684//684
f 687//687 688//688 686//686
f 686//686 685//685 687//687
f 689//689 690//690 688//688
f 688//688 687//687 689//689
f 691//691 692//692 688//688
f 688//688 690//690 693//693
f 688//688 693//693 691//691
f 694//694 695//695 688//688
f 688//688 692//692 694//694
f 696//696 697//697 695//695
f 695//695 698//698 696//696
f 699//699 700//700 697//697
f 697//697 701//701 699//699
f 702//702 703//703 700//700
f 700//700 704//704 702//702
f 705//705 706//706 703//703
f 703//703 707//707 705//705
f 708//708 709//709 706//706
f 710//710 711//711 709//709
f 712//712 713//713 711//711
f 714//714 715//715 713//713
f 716//716 717//717 715//715
f 718//718 664//664 717//717
f 717//717 716//716 718//718
f 715//715 714//714 716//716
f 664//664 718//718 719//719
f 719//719 665//665 664//664
f 666//666 661//661 667//667
f 668//668 667//667 669//669
f 670//670 669//669 671//671
f 675//675 674//674 677//677
f 678//678 677//677 679//679
f 680//680 679//679 681//681
f 682//682 681//681 683//683
f 684//684 683//683 685//685
f 694//694 698//698 695//695
f 696//696 701//701 697//697
f 699//699 704//704 700//700
f 702//702 707//707 703//703
f 705//705 720//720 706//706
f 706//706 720//720 708//708
f 709//709 708//708 710//710
f 711//711 710//710 712//712
f 713//713 712//712 714//714
f 911//911 912//912 913//913
f 914//914 915//915 916//916
f 917//917 918//918 915//915
f 919//919 920//920 918//918
f 919//919 918//918 917//917
f 917//917 921//921 919//919
f 915//915 914//914 917//917
f 916//916 922//922 914//914
f 923//923 924//924 922//922
f 925//925 926//926 924//924
f 925//925 927//927 928//928
f 926//926 925//925 928//928
f 917//917 929//929 930//930
f 914//914 931//931 929//929
f 922//922 932//932 931//931
f 924//924 933//933 932//932
f 926//926 934//934 933//933
f 935//935 936//936 934//934
f 929//929 937//937 938//938
f 931//931 939//939 937//937
f 932//932 940//940 939//939
f 933//933 941//941 940//940
f 934//934 942//942 941//941
f 936//936 943//943 942//942
f 937//937 944//944 945//945
f 939//939 946//946 944//944
f 940//940 947//947 946//946
f 941//941 948//948 947//947
f 942//942 949//949 948//948
f 943//943 950//950 949//949
f 945//945 938//938 937//937
f 941//941 933//933 934//934
f 940//940 932//932 933//933
f 939//939 931//931 932//932
f 937//937 929//929 931//931
f 938//938 930//930 929//929
f 934//934 926//926 935//935
f 933//933 924//924 926//926
f 932//932 922//922 924//924
f 929//929 917//917 914//914
f 930//930 921//921 917//917
f 928//928 935//935 926//926
f 944//944 951//951 952//952
f 946//946 953//953 951//951
f 947//947 954//954 953//953
f 948//948 955//955 954//954
f 949//949 956//956 955//955
f 950//950 957//957 956//956
f 958//958 959//959 960//960
f 958//958 960//960 952//952
f 953//953 961//961 958//958
f 954//954 962//962 961//961
f 955//955 963//963 962//962
f 956//956 913//913 963//963
f 924//924 923//923 925//925
f 922//922 916//916 923//923
f 942//942 934//934 936//936
f 957//957 911//911 913//913
f 913//913 956//956 957//957
f 931//931 914//914 922//922
f 963//963 955//955 956//956
f 962//962 954//954 955//955
f 961//961 953//953 954//954
f 958//958 951//951 953//953
f 952//952 951//951 958//958
f 956//956 949//949 950//950
f 955//955 948//948 949//949
f 954//954 947//947 948//948
f 953//953 946//946 947//947
f 951//951 944//944 946//946
f 952//952 945//945 944//944
f 949//949 942//942 943//943
f 948//948 941//941 942//942
f 947//947 940//940 941//941
f 946//946 939//939 940//940
f 944//944 937//937 939//939
f 852//852 853//853 854//854
f 855//855 856//856 857//857
f 858//858 857//857 859//859
f 860//860 859//859 861//861
f 862//862 861//861 863//863
f 864//864 863//863 852//852
f 865//865 852//852 866//866
f 867//867 855//855 858//858
f 868//868 858//858 860//860
f 869//869 860//860 862//862
f 870//870 862//862 864//864
f 871//871 864//864 865//865
f 872//872 865//865 873//873
f 868//868 874//874 875//875
f 875//875 874//874 876//876
f 876//876 877//877 875//875
f 868//868 869//869 878//878
f 869//869 879//879 878//878
f 869//869 870//870 880//880
f 870//870 881//881 880//880
f 871//871 882//882 883//883
f 883//883 870//870 871//871
f 872//872 884//884 885//885
f 885//885 871//871 872//872
f 886//886 887//887 888//888
f 886//886 884//884 872//872
f 888//888 884//884 886//886
f 885//885 882//882 871//871
f 883//883 881//881 870//870
f 880//880 879//879 869//869
f 878//878 874//874 868//868
f 875//875 867//867 868//868
f 873//873 889//889 872//872
f 865//865 872//872 871//871
f 864//864 871//871 870//870
f 862//862 870//870 869//869
f 860//860 869//869 868//868
f 858//858 868//868 867//867
f 866//866 873//873 865//865
f 852//852 865//865 864//864
f 863//863 864//864 862//862
f 861//861 862//862 860//860
f 859//859 860//860 858//858
f 857//857 858//858 855//855
f 854//854 866//866 852//852
f 853//853 852//852 863//863
f 890//890 863//863 861//861
f 891//891 861//861 859//859
f 892//892 859//859 857//857
f 893//893 857//857 856//856
f 894//894 854//854 853//853
f 895//895 853//853 890//890
f 896//896 890//890 891//891
f 897//897 891//891 892//892
f 898//898 892//892 893//893
f 899//899 893//893 900//900
f 895//895 901//901 902//902
f 901//901 895//895 896//896
f 903//903 896//896 897//897
f 904//904 897//897 898//898
f 905//905 898//898 899//899
f 906//906 907//907 908//908
f 872//872 889//889 886//886
f 906//906 908//908 899//899
f 899//899 909//909 906//906
f 899//899 908//908 905//905
f 898//898 905//905 904//904
f 897//897 904//904 903//903
f 896//896 903//903 901//901
f 902//902 894//894 895//895
f 901//901 910//910 902//902
f 900//900 909//909 899//899
f 893//893 899//899 898//898
f 892//892 898//898 897//897
f 891//891 897//897 896//896
f 890//890 896//896 895//895
f 853//853 895//895 894//894
f 856//856 900//900 893//893
f 857//857 893//893 892//892
f 859//859 892//892 891//891
f 861//861 891//891 890//890
f 863//863 890//890 853//853
f 799//799 800//800 801//801
f 802//802 803//803 804//804
f 805//805 806//806 803//803
f 807//807 808//808 806//806
f 809//809 810//810 808//808
f 811//811 810//810 809//809
f 804//804 812//812 813//813
f 803//803 814//814 812//812
f 806//806 815//815 814//814
f 808//808 816//816 815//815
f 810//810 817//817 816//816
f 811//811 818//818 817//817
f 812//812 819//819 820//820
f 814//814 821//821 819//819
f 815//815 822//822 821//821
f 816//816 823//823 822//822
f 817//817 824//824 823//823
f 818//818 825//825 824//824
f 819//819 826//826 827//827
f 821//821 828//828 826//826
f 822//822 829//829 828//828
f 823//823 830//830 829//829
f 825//825 831//831 832//832
f 826//826 833//833 834//834
f 828//828 835//835 833//833
f 829//829 836//836 835//835
f 830//830 837//837 836//836
f 832//832 838//838 837//837
f 831//831 839//839 838//838
f 840//840 834//834 833//833
f 835//835 841//841 842//842
f 804//804 801//801 802//802
f 836//836 843//843 841//841
f 837//837 844//844 843//843
f 838//838 845//845 844//844
f 846//846 847//847 845//845
f 846//846 845//845 838//838
f 838//838 839//839 846//846
f 844//844 837//837 838//838
f 843//843 836//836 837//837
f 841//841 835//835 836//836
f 842//842 833//833 835//835
f 842//842 848//848 840//840
f 833//833 842//842 840//840
f 838//838 832//832 831//831
f 837//837 830//830 832//832
f 836//836 829//829 830//830
f 835//835 828//828 829//829
f 833//833 826//826 828//828
f 834//834 827//827 826//826
f 832//832 824//824 825//825
f 829//829 822//822 823//823
f 828//828 821//821 822//822
f 826//826 819//819 821//821
f 827//827 820//820 819//819
f 824//824 817//817 818//818
f 823//823 816//816 817//817
f 822//822 815//815 816//816
f 821//821 814//814 815//815
f 830//830 823//823 824//824
f 809//809 849//849 811//811
f 809//809 850//850 849//849
f 813//813 851//851 804//804
f 812//812 804//804 803//803
f 814//814 803//803 806//806
f 815//815 806//806 808//808
f 816//816 808//808 810//810
f 817//817 810//810 811//811
f 820//820 813//813 812//812
f 824//824 832//832 830//830
f 819//819 812//812 814//814
f 803//803 802//802 805//805
f 806//806 805//805 807//807
f 801//801 804//804 851//851
f 851//851 799//799 801//801
f 808//808 807//807 809//809
f 721//721 722//722 723//723
f 724//724 725//725 726//726
f 727//727 728//728 729//729
f 730//730 731//731 732//732
f 733//733 734//734 735//735
f 736//736 737//737 738//738
f 739//739 740//740 737//737
f 739//739 741//741 742//742
f 740//740 739//739 742//742
f 743//743 744//744 745//745
f 745//745 746//746 743//743
f 747//747 748//748 745//745
f 738//738 749//749 748//748
f 737//737 750//750 749//749
f 740//740 751//751 750//750
f 740//740 752//752 753//753
f 754//754 745//745 723//723
f 723//723 755//755 754//754
f 748//748 726//726 723//723
f 749//749 729//729 726//726
f 750//750 732//732 729//729
f 751//751 756//756 732//732
f 757//757 758//758 759//759
f 751//751 760//760 761//761
f 756//756 751//751 761//761
f 723//723 722//722 762//762
f 755//755 723//723 762//762
f 726//726 725//725 721//721
f 723//723 726//726 721//721
f 729//729 728//728 724//724
f 726//726 729//729 724//724
f 727//727 729//729 732//732
f 732//732 731//731 727//727
f 730//730 732//732 756//756
f 756//756 734//734 730//730
f 756//756 763//763 764//764
f 764//764 765//765 734//734
f 734//734 756//756 764//764
f 766//766 767//767 768//768
f 735//735 769//769 733//733
f 770//770 747//747 744//744
f 771//771 738//738 747//747
f 723//723 745//745 748//748
f 754//754 746//746 745//745
f 753//753 760//760 751//751
f 750//750 737//737 740//740
f 749//749 738//738 737//737
f 748//748 747//747 738//738
f 745//745 744//744 747//747
f 743//743 772//772 744//744
f 742//742 752//752 740//740
f 737//737 736//736 739//739
f 726//726 748//748 749//749
f 738//738 771//771 736//736
f 747//747 770//770 771//771
f 744//744 773//773 770//770
f 774//774 775//775 773//773
f 776//776 741//741 739//739
f 736//736 777//777 759//759
f 771//771 778//778 777//777
f 770//770 779//779 778//778
f 773//773 780//780 779//779
f 781//781 782//782 780//780
f 759//759 783//783 757//757
f 777//777 784//784 783//783
f 778//778 785//785 784//784
f 779//779 786//786 785//785
f 780//780 768//768 786//786
f 787//787 788//788 768//768
f 783//783 789//789 790//790
f 784//784 791//791 789//789
f 785//785 792//792 791//791
f 786//786 793//793 792//792
f 768//768 767//767 793//793
f 794//794 795//795 767//767
f 768//768 788//788 766//766
f 734//734 765//765 735//735
f 767//767 766//766 796//796
f 767//767 796//796 794//794
f 793//793 786//786 768//768
f 792//792 785//785 786//786
f 791//791 784//784 785//785
f 789//789 783//783 784//784
f 790//790 797//797 783//783
f 780//780 782//782 787//787
f 787//787 768//768 780//780
f 786//786 779//779 780//780
f 785//785 778//778 779//779
f 784//784 777//777 778//778
f 783//783 759//759 777//777
f 783//783 797//797 757//757
f 751//751 740//740 753//753
f 781//781 780//780 773//773
f 773//773 775//775 781//781
f 779//779 770//770 773//773
f 778//778 771//771 770//770
f 777//777 736//736 771//771
f 759//759 739//739 736//736
f 759//759 758//758 776//776
f 739//739 759//759 776//776
f 774//774 773//773 744//744
f 729//729 749//749 750//750
f 744//744 772//772 774//774
f 732//732 750//750 751//751
f 761//761 763//763 756//756
f 762//762 798//798 755//755
f 1007//1007 1008//1008 1009//1009
f 1010//1010 1011//1011 1012//1012
f 1013//1013 1014//1014 1011//1011
f 1015//1015 1016//1016 1014//1014
f 1017//1017 1018//1018 1016//1016
f 1019//1019 1020//1020 1018//1018
f 1018//1018 1017//1017 1019//1019
f 1016//1016 1015//1015 1017//1017
f 1014//1014 1013//1013 1015//1015
f 1011//1011 1010//1010 1013//1013
f 1012//1012 1021//1021 1010//1010
f 1022//1022 1009//1009 1021//1021
f 1021//1021 1012//1012 1022//1022
f 1009//1009 1022//1022 1007//1007
f 1023//1023 1024//1024 1009//1009
f 1025//1025 1026//1026 1024//1024
f 1027//1027 1028//1028 1026//1026
f 1029//1029 1030//1030 1028//1028
f 1031//1031 1032//1032 1030//1030
f 1033//1033 1034//1034 1032//1032
f 1035//1035 1036//1036 1037//1037
f 1038//1038 1037//1037 1034//1034
f 1034//1034 1033//1033 1038//1038
f 1037//1037 1038//1038 1035//1035
f 1039//1039 1040//1040 1037//1037
f 1041//1041 1042//1042 1040//1040
f 1043//1043 1044//1044 1042//1042
f 1045//1045 1046//1046 1044//1044
f 1047//1047 1020//1020 1019//1019
f 1048//1048 1049//1049 1046//1046
f 1050//1050 1051//1051 1049//1049
f 1049//1049 1048//1048 1050//1050
f 1052//1052 1053//1053 1051//1051
f 1051//1051 1050//1050 1052//1052
f 1054//1054 1055//1055 1051//1051
f 1051//1051 1053//1053 1056//1056
f 1051//1051 1056//1056 1054//1054
f 1057//1057 1058//1058 1051//1051
f 1051//1051 1055//1055 1057//1057
f 1059//1059 1060//1060 1058//1058
f 1058//1058 1061//1061 1059//1059
f 1062//1062 1063//1063 1060//1060
f 1060//1060 1064//1064 1062//1062
f 1065//1065 1066//1066 1063//1063
f 1063//1063 1067//1067 1065//1065
f 1047//1047 1019//1019 1066//1066
f 1066//1066 1068//1068 1047//1047
f 1037//1037 1036//1036 1039//1039
f 1065//1065 1068//1068 1066//1066
f 1062//1062 1067//1067 1063//1063
f 1059//1059 1064//1064 1060//1060
f 1057//1057 1061//1061 1058//1058
f 1046//1046 1045//1045 1048//1048
f 1044//1044 1043//1043 1045//1045
f 1042//1042 1041//1041 1043//1043
f 1040//1040 1039//1039 1041//1041
f 1032//1032 1031//1031 1033//1033
f 1030//1030 1029//1029 1031//1031
f 1028//1028 1027//1027 1029//1029
f 1026//1026 1025//1025 1027//1027
f 1024//1024 1023//1023 1025//1025
f 1009//1009 1008//1008 1023//1023
v 0.0364 -0.0015 0.01475
v 0.0364 -0.001823 0.014792
v 0.0364 -0.001815 0.014792
v 0.0364 -0.002707 0.015676
v 0.0364 -0.002749 0.01598
v 0.0364 -0.002703 0.015667
v 0.0364 -0.002383 0.015116
v 0.0364 -0.002582 0.015375
v 0.0364 -0.002575 0.015368
v 0.0364 -0.002125 0.014917
v 0.0364 -0.002375 0.015111
v 0.0364 -0.002116 0.014915
v 0.0364 -0.001496 0.01475
v 0.0364 -0.001482 0.017249
v 0.0364 -0.001489 0.017249
v 0.0364 -0.001494 0.017249
v 0.0364 -0.000616 0.016883
v 0.0364 -0.000611 0.016873
v 0.0364 -0.000867 0.017074
v 0.0364 -0.001167 0.017202
v 0.0364 -0.001176 0.017207
v 0.0364 -0.000875 0.017082
v 0.0364 -0.00025 0.016
v 0.0364 -0.00025 0.015995
v 0.0364 -0.000292 0.016312
v 0.0364 -0.000292 0.016323
v 0.0364 -0.000415 0.016614
v 0.0364 -0.000417 0.016625
v 0.0364 -0.001482 0.017249
v 0.0364 -0.0015 0.017249
v 0.0364 -0.001494 0.017249
v 0.0364 -0.001815 0.017207
v 0.0364 -0.00238 0.01688
v 0.0364 -0.002383 0.016883
v 0.0364 -0.002125 0.017082
v 0.0364 -0.002581 0.016619
v 0.0364 -0.002582 0.016625
v 0.0364 -0.002707 0.016323
v 0.0364 -0.001823 0.017207
v 0.0364 -0.002119 0.017081
v 0.0364 -0.002707 0.016315
v 0.0364 -0.002749 0.015994
v 0.0364 -0.002749 0.016
v 0.092 -0.002125 0.017082
v 0.0364 -0.002125 0.017082
v 0.0364 -0.002383 0.016883
v 0.092 -0.001823 0.017207
v 0.0364 -0.001823 0.017207
v 0.092 -0.0015 0.017249
v 0.0364 -0.0015 0.017249
v 0.092 -0.002383 0.016883
v 0.0364 -0.002582 0.016625
v 0.092 -0.002582 0.016625
v 0.0364 -0.002707 0.016323
v 0.092 -0.002707 0.016323
v 0.0364 -0.002749 0.016
v 0.092 -0.002749 0.016
v 0.0364 -0.002749 0.01598
v 0.0364 -0.002707 0.015676
v 0.092 -0.002707 0.015676
v 0.0364 -0.002749 0.015994
v 0.0364 -0.002582 0.015375
v 0.092 -0.002582 0.015375
v 0.0364 -0.002383 0.015116
v 0.092 -0.002383 0.015116
v 0.0364 -0.002125 0.014917
v 0.092 -0.002125 0.014917
v 0.0364 -0.001823 0.014792
v 0.092 -0.001823 0.014792
v 0.0364 -0.0015 0.01475
v 0.092 -0.0015 0.01475
v 0.0364 -0.001496 0.01475
v 0.092 -0.001176 0.014792
v 0.0364 -0.001476 0.01475
v 0.0364 -0.001456 0.01475
v 0.0364 -0.001335 0.01476
v 0.0364 -0.001176 0.014792
v 0.0364 -0.001415 0.014752
v 0.0364 -0.001021 0.014845
v 0.092 -0.000875 0.014917
v 0.0364 -0.000739 0.015008
v 0.092 -0.000616 0.015116
v 0.0364 -0.000875 0.014917
v 0.0364 -0.000508 0.015239
v 0.092 -0.000417 0.015375
v 0.0364 -0.000616 0.015116
v 0.0364 -0.000345 0.015521
v 0.092 -0.000292 0.015676
v 0.0364 -0.000417 0.015375
v 0.0364 -0.00025 0.015995
v 0.092 -0.00025 0.016
v 0.0364 -0.000292 0.015676
v 0.0364 -0.000292 0.016323
v 0.092 -0.000292 0.016323
v 0.0364 -0.000417 0.016625
v 0.092 -0.000417 0.016625
v 0.0364 -0.000616 0.016883
v 0.092 -0.000616 0.016883
v 0.0364 -0.000875 0.017082
v 0.092 -0.000875 0.017082
v 0.0364 -0.001176 0.017207
v 0.092 -0.001176 0.017207
v 0.0364 -0.001482 0.017249
v 0.0364 -0.001494 0.017249
v 0.0364 -0.00025 0.016
v 0.03586 -0.000118 0.015988
v 0.036076 -0.000207 0.015988
v 0.036068 -0.000237 0.015713
v 0.035627 0.000031 0.015988
v 0.035774 -0.000082 0.015988
v 0.035759 -0.000109 0.015713
v 0.035431 0.000227 0.015988
v 0.035516 0.000116 0.015988
v 0.035494 0.000094 0.015713
v 0.035281 0.00046 0.015988
v 0.035317 0.000375 0.015988
v 0.03529 0.000359 0.015713
v 0.035186 0.000722 0.015988
v 0.035192 0.000676 0.015988
v 0.035149 0.001 0.015954
v 0.034913 0.000141 0.01502
v 0.035083 0.000239 0.015216
v 0.035324 -0.000075 0.015216
v 0.034741 0.000555 0.01502
v 0.034931 0.000606 0.015216
v 0.034683 0.001 0.01502
v 0.034787 0.001 0.015112
v 0.0364 -0.000439 0.015329
v 0.036006 -0.000468 0.015216
v 0.036044 -0.000325 0.015451
v 0.0364 -0.000372 0.015451
v 0.035639 -0.000316 0.015216
v 0.035713 -0.000188 0.015451
v 0.035429 0.000029 0.015451
v 0.035211 0.000313 0.015451
v 0.035074 0.000644 0.015451
v 0.034879 0.001 0.015216
v 0.03496 0.001 0.015329
v 0.0364 -0.000319 0.015579
v 0.0364 -0.000281 0.015713
v 0.035162 0.000668 0.015713
v 0.03432 0.001 0.014819
v 0.034448 0.001 0.014872
v 0.034515 0.000494 0.014872
v 0.035027 0.001 0.015451
v 0.03508 0.001 0.015579
v 0.036122 -0.000213 0.015988
v 0.035118 0.001 0.015713
v 0.035142 0.001 0.01585
v 0.035148 0.001 0.015919
v 0.0364 -0.00135 0.014757
v 0.035755 -0.001404 0.01475
v 0.035827 -0.001137 0.014781
v 0.035149 0.001 0.015988
v 0.035541 -0.000486 0.01502
v 0.035186 -0.000213 0.01502
v 0.0364 -0.00052 0.015216
v 0.035955 -0.000658 0.01502
v 0.0364 -0.000612 0.015112
v 0.0364 -0.000716 0.01502
v 0.03457 0.001 0.014939
v 0.03471 0.000024 0.014872
v 0.03502 -0.000379 0.014872
v 0.035424 -0.000689 0.014872
v 0.035894 -0.000884 0.014872
v 0.0364 -0.000829 0.014939
v 0.0364 -0.000951 0.014872
v 0.034262 0.000427 0.014781
v 0.034483 -0.000106 0.014781
v 0.034834 -0.000565 0.014781
v 0.035293 -0.000916 0.014781
v 0.0364 -0.001079 0.014819
v 0.0364 -0.001213 0.014781
v 0.033995 0.000355 0.01475
v 0.033911 0.001 0.01475
v 0.034244 -0.000244 0.01475
v 0.03464 -0.000759 0.01475
v 0.035155 -0.001155 0.01475
v 0.0364 -0.001454 0.01475
v 0.0364 -0.001489 0.01475
v 0.0364 -0.001419 0.014751
v 0.034186 0.001 0.014781
v 0.0364 -0.00025 0.015988
v 0.0364 -0.002749 0.01598
v 0.0364 -0.002749 0.015988
v 0.035429 -0.002622 0.015988
v 0.034524 -0.002247 0.015988
v 0.034548 -0.002207 0.015667
v 0.035441 -0.002577 0.015667
v 0.033748 -0.001651 0.015988
v 0.033781 -0.001618 0.015667
v 0.033152 -0.000875 0.015988
v 0.033192 -0.000851 0.015667
v 0.032777 0.000029 0.015988
v 0.032822 0.000041 0.015667
v 0.032696 0.001 0.015667
v 0.035474 -0.002453 0.015368
v 0.0364 -0.002575 0.015368
v 0.034612 -0.002096 0.015368
v 0.033871 -0.001528 0.015368
v 0.033303 -0.000787 0.015368
v 0.032946 0.000074 0.015368
v 0.032824 0.001 0.015368
v 0.035526 -0.00226 0.015111
v 0.0364 -0.002375 0.015111
v 0.034712 -0.001923 0.015111
v 0.034013 -0.001386 0.015111
v 0.033476 -0.000687 0.015111
v 0.033139 0.000126 0.015111
v 0.033024 0.001 0.015111
v 0.035593 -0.00201 0.014915
v 0.0364 -0.002116 0.014915
v 0.034841 -0.001698 0.014915
v 0.034196 -0.001203 0.014915
v 0.033701 -0.000558 0.014915
v 0.033283 0.001 0.014915
v 0.033389 0.000193 0.014915
v 0.035671 -0.001719 0.014792
v 0.0364 -0.001815 0.014792
v 0.034992 -0.001438 0.014792
v 0.034409 -0.00099 0.014792
v 0.033961 -0.000407 0.014792
v 0.03368 0.000271 0.014792
v 0.033584 0.001 0.014792
v 0.0364 -0.001496 0.01475
v 0.035153 -0.001159 0.01475
v 0.035754 -0.001408 0.01475
v 0.034637 -0.000762 0.01475
v 0.03424 -0.000246 0.01475
v 0.033991 0.000354 0.01475
v 0.033903 0.001 0.01475
v 0.033906 0.001 0.01475
v 0.0364 -0.001493 0.01475
v 0.03265 0.001 0.01598
v 0.03265 0.001 0.015988
v 0.0364 -0.002703 0.015667
v 0.035982 -0.000556 0.016873
v 0.035916 -0.000804 0.017074
v 0.0364 -0.000867 0.017074
v 0.034984 0.001 0.016614
v 0.034788 0.001 0.016873
v 0.034843 0.000582 0.016873
v 0.035032 0.000633 0.016614
v 0.035004 0.000194 0.016873
v 0.035174 0.000292 0.016614
v 0.03526 -0.000139 0.016873
v 0.035399 -0.785684E-6 0.016614
v 0.035594 -0.000395 0.016873
v 0.035692 -0.000225 0.016614
v 0.036033 -0.000367 0.016614
v 0.0364 -0.000611 0.016873
v 0.035107 0.001 0.016312
v 0.035151 0.000665 0.016312
v 0.035281 0.000353 0.016312
v 0.035486 0.000086 0.016312
v 0.035753 -0.000118 0.016312
v 0.036065 -0.000248 0.016312
v 0.0364 -0.000415 0.016614
v 0.035192 0.000676 0.01599
v 0.035149 0.001 0.015995
v 0.035186 0.000722 0.01599
v 0.035149 0.001 0.01599
v 0.035281 0.00046 0.01599
v 0.035317 0.000375 0.01599
v 0.035431 0.000227 0.01599
v 0.035516 0.000116 0.01599
v 0.035774 -0.000082 0.01599
v 0.035627 0.000031 0.01599
v 0.036076 -0.000207 0.01599
v 0.03586 -0.000118 0.01599
v 0.0364 -0.00025 0.015995
v 0.0364 -0.00025 0.01599
v 0.036122 -0.000213 0.01599
v 0.0364 -0.000292 0.016312
v 0.035466 -0.000617 0.017074
v 0.035079 -0.00032 0.017074
v 0.034782 0.000066 0.017074
v 0.034595 0.000516 0.017074
v 0.0364 -0.001167 0.017202
v 0.035839 -0.001093 0.017202
v 0.035316 -0.000876 0.017202
v 0.034867 -0.000532 0.017202
v 0.034523 -0.000083 0.017202
v 0.034306 0.000439 0.017202
v 0.034532 0.001 0.017074
v 0.035755 -0.001404 0.017249
v 0.0364 -0.001482 0.017249
v 0.035155 -0.001155 0.017249
v 0.03464 -0.000759 0.017249
v 0.034244 -0.000244 0.017249
v 0.033917 0.001 0.017249
v 0.033911 0.001 0.017249
v 0.033995 0.000355 0.017249
v 0.034232 0.001 0.017202
v 0.0364 -0.001489 0.017249
v 0.03265 0.001 0.015994
v 0.03265 0.001 0.015988
v 0.032777 0.000029 0.015988
v 0.034992 -0.001438 0.017207
v 0.035155 -0.001155 0.017249
v 0.03464 -0.000759 0.017249
v 0.035671 -0.001719 0.017207
v 0.035755 -0.001404 0.017249
v 0.0364 -0.001494 0.017249
v 0.0364 -0.001489 0.017249
v 0.0364 -0.001815 0.017207
v 0.034409 -0.00099 0.017207
v 0.034244 -0.000244 0.017249
v 0.033961 -0.000407 0.017207
v 0.033995 0.000355 0.017249
v 0.03368 0.000271 0.017207
v 0.033911 0.001 0.017249
v 0.033905 0.001 0.017249
v 0.035592 -0.002013 0.017081
v 0.0364 -0.002119 0.017081
v 0.03484 -0.001701 0.017081
v 0.034194 -0.001205 0.017081
v 0.033698 -0.000559 0.017081
v 0.033386 0.000192 0.017081
v 0.033584 0.001 0.017207
v 0.03328 0.001 0.017081
v 0.035525 -0.002265 0.01688
v 0.0364 -0.00238 0.01688
v 0.034709 -0.001927 0.01688
v 0.034009 -0.00139 0.01688
v 0.033472 -0.00069 0.01688
v 0.033134 0.000125 0.01688
v 0.033019 0.001 0.01688
v 0.035473 -0.002459 0.016619
v 0.0364 -0.002581 0.016619
v 0.034609 -0.002101 0.016619
v 0.033867 -0.001532 0.016619
v 0.033298 -0.00079 0.016619
v 0.03294 0.000073 0.016619
v 0.032818 0.001 0.016619
v 0.03544 -0.00258 0.016315
v 0.0364 -0.002707 0.016315
v 0.034546 -0.00221 0.016315
v 0.033778 -0.001621 0.016315
v 0.033189 -0.000853 0.016315
v 0.032819 0.00004 0.016315
v 0.032692 0.001 0.016315
v 0.035429 -0.002622 0.015988
v 0.0364 -0.002749 0.015988
v 0.0364 -0.002749 0.015994
v 0.034524 -0.002247 0.015988
v 0.033748 -0.001651 0.015988
v 0.033152 -0.000875 0.015988
v 0.035281 0.00046 0.01599
v 0.035317 0.000375 0.01599
v 0.035317 0.000375 0.015988
v 0.035186 0.000722 0.015988
v 0.035149 0.001 0.015988
v 0.035149 0.001 0.01599
v 0.03586 -0.000118 0.01599
v 0.03586 -0.000118 0.015988
v 0.035774 -0.000082 0.015988
v 0.036076 -0.000207 0.015988
v 0.036076 -0.000207 0.01599
v 0.036122 -0.000213 0.01599
v 0.0364 -0.00025 0.01599
v 0.0364 -0.00025 0.015988
v 0.036122 -0.000213 0.015988
v 0.035516 0.000116 0.01599
v 0.035627 0.000031 0.01599
v 0.035627 0.000031 0.015988
v 0.035774 -0.000082 0.01599
v 0.035186 0.000722 0.01599
v 0.035192 0.000676 0.01599
v 0.035281 0.00046 0.015988
v 0.035516 0.000116 0.015988
v 0.035431 0.000227 0.015988
v 0.035431 0.000227 0.01599
v 0.035192 0.000676 0.015988
v 0.03265 0.001 0.01598
v 0.03265 0.001 0.015988
v 0.03265 0.001 0.015994
v 0.035153 -0.001159 0.01475
v 0.034637 -0.000762 0.01475
v 0.03464 -0.000759 0.01475
v 0.0364 -0.001493 0.01475
v 0.035754 -0.001408 0.01475
v 0.035755 -0.001404 0.01475
v 0.035155 -0.001155 0.01475
v 0.03424 -0.000246 0.01475
v 0.034244 -0.000244 0.01475
v 0.033991 0.000354 0.01475
v 0.033995 0.000355 0.01475
v 0.033906 0.001 0.01475
v 0.033911 0.001 0.01475
v 0.0364 -0.001489 0.01475
v 0.03265 0.001 0.015994
v 0.03265 0.001 0.016
v 0.03265 0.0566 0.016
v 0.032817 0.0566 0.015375
v 0.032817 0.001 0.015375
v 0.032692 0.001 0.015676
v 0.033016 0.0566 0.015116
v 0.033016 0.001 0.015116
v 0.033275 0.0566 0.014917
v 0.033275 0.001 0.014917
v 0.033576 0.0566 0.014792
v 0.033576 0.001 0.014792
v 0.0339 0.0566 0.01475
v 0.0339 0.001 0.01475
v 0.032692 0.0566 0.015676
v 0.03265 0.001 0.01598
v 0.032692 0.001 0.016323
v 0.032692 0.0566 0.016323
v 0.032817 0.001 0.016625
v 0.032817 0.0566 0.016625
v 0.033016 0.001 0.016883
v 0.033016 0.0566 0.016883
v 0.033275 0.001 0.017082
v 0.033275 0.0566 0.017082
v 0.033576 0.001 0.017207
v 0.033576 0.0566 0.017207
v 0.0339 0.001 0.017249
v 0.0339 0.0566 0.017249
v 0.033917 0.001 0.017249
v 0.034223 0.001 0.017207
v 0.034223 0.0566 0.017207
v 0.033905 0.001 0.017249
v 0.034524 0.001 0.017082
v 0.034524 0.0566 0.017082
v 0.034783 0.001 0.016883
v 0.034783 0.0566 0.016883
v 0.034982 0.001 0.016625
v 0.034982 0.0566 0.016625
v 0.035107 0.001 0.016323
v 0.035107 0.0566 0.016323
v 0.033903 0.001 0.01475
v 0.035149 0.001 0.016
v 0.035149 0.0566 0.016
v 0.035149 0.001 0.015995
v 0.035107 0.0566 0.015676
v 0.035149 0.001 0.015974
v 0.035149 0.001 0.015954
v 0.035138 0.001 0.015834
v 0.035107 0.001 0.015676
v 0.035147 0.001 0.015914
v 0.035054 0.001 0.015521
v 0.034982 0.0566 0.015375
v 0.034891 0.001 0.015239
v 0.034783 0.0566 0.015116
v 0.034982 0.001 0.015375
v 0.03466 0.001 0.015008
v 0.034524 0.0566 0.014917
v 0.034783 0.001 0.015116
v 0.034378 0.001 0.014845
v 0.034223 0.0566 0.014792
v 0.034524 0.001 0.014917
v 0.034223 0.001 0.014792
v 0.032696 0.001 0.015667
v 0.03265 0.001 0.01598
v 0.032692 0.001 0.015676
v 0.032824 0.001 0.015368
v 0.032817 0.001 0.015375
v 0.033016 0.001 0.015116
v 0.033576 0.001 0.014792
v 0.033584 0.001 0.014792
v 0.033283 0.001 0.014915
v 0.033275 0.001 0.014917
v 0.033024 0.001 0.015111
v 0.0339 0.001 0.01475
v 0.033903 0.001 0.01475
v 0.033584 0.001 0.017207
v 0.033905 0.001 0.017249
v 0.0339 0.001 0.017249
v 0.033576 0.001 0.017207
v 0.032692 0.001 0.016323
v 0.032692 0.001 0.016315
v 0.032818 0.001 0.016619
v 0.03265 0.001 0.016
v 0.03265 0.001 0.015994
v 0.032817 0.001 0.016625
v 0.033019 0.001 0.01688
v 0.033016 0.001 0.016883
v 0.033275 0.001 0.017082
v 0.03328 0.001 0.017081
v 0.034532 0.001 0.017074
v 0.034788 0.001 0.016873
v 0.034783 0.001 0.016883
v 0.034524 0.001 0.017082
v 0.034982 0.001 0.016625
v 0.034984 0.001 0.016614
v 0.035107 0.001 0.016312
v 0.035107 0.001 0.016323
v 0.035149 0.001 0.016
v 0.034232 0.001 0.017202
v 0.035149 0.001 0.015995
v 0.034223 0.001 0.017207
v 0.033917 0.001 0.017249
v 0.033905 0.001 0.017249
v 0.033911 0.001 0.017249
v 0.033917 0.001 0.017249
v 0.035149 0.001 0.015954
v 0.035149 0.001 0.015954
v 0.035149 0.001 0.015974
v 0.035148 0.001 0.015919
v 0.035147 0.001 0.015914
v 0.035142 0.001 0.01585
v 0.035138 0.001 0.015834
v 0.035118 0.001 0.015713
v 0.035107 0.001 0.015676
v 0.03508 0.001 0.015579
v 0.035054 0.001 0.015521
v 0.035027 0.001 0.015451
v 0.03496 0.001 0.015329
v 0.034982 0.001 0.015375
v 0.034879 0.001 0.015216
v 0.034891 0.001 0.015239
v 0.034783 0.001 0.015116
v 0.034787 0.001 0.015112
v 0.034683 0.001 0.01502
v 0.03457 0.001 0.014939
v 0.034524 0.001 0.014917
v 0.03466 0.001 0.015008
v 0.034448 0.001 0.014872
v 0.034378 0.001 0.014845
v 0.03432 0.001 0.014819
v 0.034186 0.001 0.014781
v 0.034223 0.001 0.014792
v 0.033911 0.001 0.01475
v 0.033906 0.001 0.01475
v 0.033903 0.001 0.01475
v 0.035149 0.001 0.01599
v 0.035149 0.001 0.015988
v 0.035149 0.001 0.015995
v 0.0364 -0.000616 0.015116
v 0.0364 -0.000612 0.015112
v 0.0364 -0.00052 0.015216
v 0.0364 -0.000739 0.015008
v 0.0364 -0.000716 0.01502
v 0.0364 -0.000829 0.014939
v 0.0364 -0.001213 0.014781
v 0.0364 -0.001176 0.014792
v 0.0364 -0.001335 0.01476
v 0.0364 -0.00135 0.014757
v 0.0364 -0.001415 0.014752
v 0.0364 -0.001419 0.014751
v 0.0364 -0.001456 0.01475
v 0.0364 -0.001454 0.01475
v 0.0364 -0.001476 0.01475
v 0.0364 -0.001021 0.014845
v 0.0364 -0.001079 0.014819
v 0.0364 -0.000951 0.014872
v 0.0364 -0.000439 0.015329
v 0.0364 -0.000417 0.015375
v 0.0364 -0.000508 0.015239
v 0.0364 -0.001496 0.01475
v 0.0364 -0.001493 0.01475
v 0.0364 -0.001489 0.01475
v 0.0364 -0.000292 0.015676
v 0.0364 -0.000281 0.015713
v 0.0364 -0.00025 0.015988
v 0.0364 -0.000875 0.014917
v 0.0364 -0.00025 0.01599
v 0.0364 -0.00025 0.015995
v 0.0364 -0.000372 0.015451
v 0.0364 -0.000345 0.015521
v 0.0364 -0.000319 0.015579
v 0.0364 -0.002749 0.015994
v 0.0364 -0.002749 0.015988
v 0.0364 -0.002749 0.01598
v 0.092 -0.0015 0.017249
v 0.092 -0.001823 0.017207
v 0.092 -0.0015 0.016
v 0.092 -0.0015 0.01475
v 0.092 -0.001176 0.014792
v 0.092 -0.000292 0.016323
v 0.092 -0.000417 0.016625
v 0.092 -0.000616 0.016883
v 0.092 -0.000875 0.017082
v 0.092 -0.001176 0.017207
v 0.092 -0.002125 0.017082
v 0.092 -0.002383 0.016883
v 0.092 -0.002582 0.016625
v 0.092 -0.002707 0.016323
v 0.092 -0.002749 0.016
v 0.092 -0.002707 0.015676
v 0.092 -0.002582 0.015375
v 0.092 -0.002383 0.015116
v 0.092 -0.002125 0.014917
v 0.092 -0.001823 0.014792
v 0.092 -0.000875 0.014917
v 0.092 -0.000616 0.015116
v 0.092 -0.000417 0.015375
v 0.092 -0.000292 0.015676
v 0.092 -0.00025 0.016
v 0.03265 0.0566 0.016
v 0.032692 0.0566 0.016323
v 0.0339 0.0566 0.016
v 0.032692 0.0566 0.015676
v 0.032817 0.0566 0.015375
v 0.033016 0.0566 0.015116
v 0.033275 0.0566 0.014917
v 0.032817 0.0566 0.016625
v 0.0339 0.0566 0.01475
v 0.033576 0.0566 0.014792
v 0.034223 0.0566 0.014792
v 0.034524 0.0566 0.014917
v 0.034783 0.0566 0.015116
v 0.034982 0.0566 0.015375
v 0.035107 0.0566 0.015676
v 0.035149 0.0566 0.016
v 0.035107 0.0566 0.016323
v 0.034982 0.0566 0.016625
v 0.034783 0.0566 0.016883
v 0.034524 0.0566 0.017082
v 0.0339 0.0566 0.017249
v 0.034223 0.0566 0.017207
v 0.033576 0.0566 0.017207
v 0.033275 0.0566 0.017082
v 0.033016 0.0566 0.016883
vn -1 0 0
vn -1 0 0
vn -1 0 0
vn -1 0 0
vn -1 0 0
vn -1 0 0
vn -1 0 0
vn -1 0 0
vn -1 0 0
vn -1 0 0
vn -1 0 0
vn -1 0 0
vn -1 0 0
vn 1 -0 0
vn 1 -0 0
vn 1 -0 0
vn -1 0 0
vn -1 0 0
vn -1 0 0
vn -1 0 0
vn -1 0 0
vn -1 0 0
vn -1 0 0
vn -1 0 0
vn -1 0 0
vn -1 0 0
vn -1 0 0
vn -1 0 0
vn -1 0 0
vn -1 0 0
vn -1 0 0
vn -1 0 0
vn -1 0 0
vn -1 0 0
vn -1 0 0
vn -1 0 0
vn -1 0 0
vn -1 0 0
vn -1 0 0
vn -1 0 0
vn -1 0 0
vn -1 0 0
vn -1 0 0
vn 0 -0.5 0.866025
vn 0 -0.5 0.866025
vn 0 -0.707106 0.707106
vn 0 -0.258819 0.965925
vn 0 -0.258819 0.965925
vn 0 0 1
vn 0 0 1
vn 0 -0.707106 0.707106
vn 0 -0.866025 0.5
vn 0 -0.866025 0.5
vn 0 -0.965925 0.258819
vn 0 -0.965925 0.258819
vn 0 -1 -0
vn 0 -1 -0
vn 0 -0.999874 -0.015837
vn 0 -0.965925 -0.258819
vn 0 -0.965925 -0.258819
vn 0 -0.99999 -0.00439
vn 0 -0.866025 -0.5
vn 0 -0.866025 -0.5
vn 0 -0.707106 -0.707106
vn 0 -0.707106 -0.707106
vn 0 -0.5 -0.866025
vn 0 -0.5 -0.866025
vn 0 -0.258819 -0.965925
vn 0 -0.258819 -0.965925
vn 0 0 -1
vn 0 0 -1
vn 0 0.002744 -0.999996
vn 0 0.258819 -0.965925
vn 0 0.018934 -0.99982
vn 0 0.035119 -0.999383
vn 0 0.131886 -0.991264
vn 0 0.258819 -0.965925
vn 0 0.067457 -0.997722
vn 0 0.382683 -0.923879
vn 0 0.5 -0.866025
vn 0 0.608761 -0.793353
vn 0 0.707106 -0.707106
vn 0 0.5 -0.866025
vn 0 0.793353 -0.608761
vn 0 0.866025 -0.5
vn 0 0.707106 -0.707106
vn 0 0.923879 -0.382683
vn 0 0.965925 -0.258819
vn 0 0.866025 -0.5
vn 0 0.999992 -0.003922
vn 0 1 0
vn 0 0.965925 -0.258819
vn 0 0.965925 0.258819
vn 0 0.965925 0.258819
vn 0 0.866025 0.5
vn 0 0.866025 0.5
vn 0 0.707106 0.707106
vn 0 0.707106 0.707106
vn 0 0.5 0.866025
vn 0 0.5 0.866025
vn 0 0.258819 0.965925
vn 0 0.258819 0.965925
vn 0 0.013732 0.999905
vn 0 0.00439 0.99999
vn 0 1 0
vn 0.434238 0.900797 0
vn 0.258819 0.965925 -0
vn 0.252329 0.941708 -0.22252
vn 0.623613 0.781732 0
vn 0.5 0.866025 -0
vn 0.487463 0.844312 -0.22252
vn 0.781732 0.623613 0
vn 0.707106 0.707106 -0
vn 0.689378 0.689378 -0.22252
vn 0.900797 0.434238 0
vn 0.866025 0.5 -0
vn 0.844312 0.487463 -0.22252
vn 0.97484 0.222903 0
vn 0.965925 0.258819 -0
vn 0.999606 -0 -0.028046
vn 0.539958 0.311744 -0.781831
vn 0.677085 0.390915 -0.623489
vn 0.552838 0.552838 -0.623489
vn 0.602244 0.161371 -0.781831
vn 0.755191 0.202352 -0.623489
vn 0.623489 -0 -0.781831
vn 0.707106 -0 -0.707106
vn 0 0.846724 -0.532032
vn 0.202352 0.755191 -0.623489
vn 0.233187 0.870269 -0.433883
vn 0 0.900968 -0.433883
vn 0.390915 0.677085 -0.623489
vn 0.450484 0.780261 -0.433883
vn 0.637081 0.637081 -0.433883
vn 0.780261 0.450484 -0.433883
vn 0.870269 0.233187 -0.433883
vn 0.781831 -0 -0.623489
vn 0.846724 -0 -0.532032
vn 0 0.943883 -0.330279
vn 0 0.974927 -0.22252
vn 0.941708 0.252329 -0.22252
vn 0.330279 -0 -0.943883
vn 0.433883 -0 -0.900968
vn 0.419099 0.112297 -0.900968
vn 0.900968 -0 -0.433883
vn 0.943883 -0 -0.330279
vn 0.222903 0.97484 0
vn 0.974927 -0 -0.22252
vn 0.993712 -0 -0.111964
vn 0.998426 -0 -0.05607
vn 0 0.111964 -0.993712
vn -0 0 -1
vn 0.057592 0.214938 -0.974927
vn 1 -0 -0
vn 0.311744 0.539958 -0.781831
vn 0.440873 0.440873 -0.781831
vn 0 0.781831 -0.623489
vn 0.161371 0.602244 -0.781831
vn 0 0.707106 -0.707106
vn 0 0.623489 -0.781831
vn 0.532032 -0 -0.846724
vn 0.375754 0.216941 -0.900968
vn 0.306802 0.306802 -0.900968
vn 0.216941 0.375754 -0.900968
vn 0.112297 0.419099 -0.900968
vn 0 0.532032 -0.846724
vn 0 0.433883 -0.900968
vn 0.214938 0.057592 -0.974927
vn 0.192708 0.11126 -0.974927
vn 0.157346 0.157346 -0.974927
vn 0.11126 0.192708 -0.974927
vn 0 0.330279 -0.943883
vn 0 0.22252 -0.974927
vn -0 0 -1
vn -0 0 -1
vn -0 0 -1
vn -0 0 -1
vn -0 0 -1
vn 0 0.028046 -0.999606
vn -0 -0 -1
vn 0 0.05607 -0.998426
vn 0.22252 -0 -0.974927
vn 0 1 -0
vn 0 -0.999772 -0.021318
vn 0 -0.999897 -0.014319
vn -0.258792 -0.965826 -0.014319
vn -0.499948 -0.865936 -0.014319
vn -0.481384 -0.833781 -0.270327
vn -0.249182 -0.929962 -0.270327
vn -0.707034 -0.707034 -0.014319
vn -0.68078 -0.68078 -0.270327
vn -0.865936 -0.499948 -0.014319
vn -0.833781 -0.481384 -0.270327
vn -0.965826 -0.258792 -0.014319
vn -0.929962 -0.249182 -0.270327
vn -0.962768 -0 -0.270327
vn -0.222898 -0.831867 -0.508244
vn 0 -0.861212 -0.508244
vn -0.430606 -0.745831 -0.508244
vn -0.608969 -0.608969 -0.508244
vn -0.745831 -0.430606 -0.508244
vn -0.831867 -0.222898 -0.508244
vn -0.861212 -0 -0.508244
vn -0.181697 -0.678104 -0.712151
vn 0 -0.702025 -0.712151
vn -0.351012 -0.607972 -0.712151
vn -0.496407 -0.496407 -0.712151
vn -0.607972 -0.351012 -0.712151
vn -0.678104 -0.181697 -0.712151
vn -0.702025 -0 -0.712151
vn -0.128338 -0.478964 -0.868402
vn 0 -0.49586 -0.868402
vn -0.24793 -0.429427 -0.868402
vn -0.350626 -0.350626 -0.868402
vn -0.429427 -0.24793 -0.868402
vn -0.49586 -0 -0.868402
vn -0.478964 -0.128338 -0.868402
vn -0.06639 -0.247772 -0.96654
vn 0 -0.256512 -0.96654
vn -0.128256 -0.222146 -0.96654
vn -0.181382 -0.181382 -0.96654
vn -0.222146 -0.128256 -0.96654
vn -0.247772 -0.06639 -0.96654
vn -0.256512 -0 -0.96654
vn 0 -0.002736 -0.999996
vn -0 -0 -1
vn -0 -0 -1
vn -0 -0 -1
vn -0 -0 -1
vn -0 -0 -1
vn -0.002736 0 -0.999996
vn -0 -0 -1
vn -0 -0 -1
vn -0.999772 0 -0.021318
vn -0.999897 -0 -0.014319
vn 0 -0.962768 -0.270327
vn 0.184531 0.68868 0.701189
vn 0.131892 0.492227 0.860416
vn 0 0.509591 0.860416
vn 0.868789 -0 0.49518
vn 0.712974 -0 0.701189
vn 0.68868 0.184531 0.701189
vn 0.839186 0.224859 0.49518
vn 0.617454 0.356487 0.701189
vn 0.752394 0.434394 0.49518
vn 0.504149 0.504149 0.701189
vn 0.614327 0.614327 0.49518
vn 0.356487 0.617454 0.701189
vn 0.434394 0.752394 0.49518
vn 0.224859 0.839186 0.49518
vn 0 0.712974 0.701189
vn 0.966641 -0 0.256134
vn 0.933703 0.250185 0.256134
vn 0.837135 0.48332 0.256134
vn 0.683518 0.683518 0.256134
vn 0.48332 0.837135 0.256134
vn 0.250185 0.933703 0.256134
vn 0 0.868789 0.49518
vn 0.965925 0.258819 0
vn 0.999992 -0 0.003906
vn 0.97484 0.222903 0
vn 1 -0 0
vn 0.900797 0.434238 0
vn 0.866025 0.5 0
vn 0.781732 0.623613 0
vn 0.707106 0.707106 0
vn 0.5 0.866025 0
vn 0.623613 0.781732 0
vn 0.258819 0.965925 0
vn 0.434238 0.900797 0
vn 0 0.999992 0.003906
vn 0 1 0
vn 0.222903 0.97484 0
vn 0 0.966641 0.256134
vn 0.254795 0.441319 0.860416
vn 0.360335 0.360335 0.860416
vn 0.441319 0.254795 0.860416
vn 0.492227 0.131892 0.860416
vn 0 0.272209 0.962237
vn 0.070453 0.262934 0.962237
vn 0.136104 0.23574 0.962237
vn 0.192481 0.192481 0.962237
vn 0.23574 0.136104 0.962237
vn 0.262934 0.070453 0.962237
vn 0.509591 -0 0.860416
vn 0.004313 0.016098 0.999861
vn 0 0.02156 0.999767
vn 0.008333 0.014433 0.999861
vn 0.011785 0.011785 0.999861
vn 0.014433 0.008333 0.999861
vn 0.02156 -0 0.999767
vn 0.016666 -0 0.999861
vn 0.016098 0.004313 0.999861
vn 0.272209 -0 0.962237
vn 0 0.016666 0.999861
vn -0.99999 0 0.004371
vn -1 0 0
vn -0.965925 -0.258819 0
vn -0.129409 -0.224143 0.965925
vn -0 -0 1
vn -0 -0 1
vn -0.066987 -0.25 0.965925
vn -0 -0 1
vn -0 -0.004371 0.99999
vn -0 -0 1
vn -0 -0.258819 0.965925
vn -0.183012 -0.183012 0.965925
vn -0 -0 1
vn -0.224143 -0.129409 0.965925
vn -0 -0 1
vn -0.25 -0.066987 0.965925
vn -0 -0 1
vn -0.004371 0 0.99999
vn -0.129409 -0.482962 0.866025
vn -0 -0.5 0.866025
vn -0.25 -0.433012 0.866025
vn -0.353553 -0.353553 0.866025
vn -0.433012 -0.25 0.866025
vn -0.482962 -0.129409 0.866025
vn -0.258819 0 0.965925
vn -0.5 0 0.866025
vn -0.183012 -0.683012 0.707106
vn -0 -0.707106 0.707106
vn -0.353553 -0.612372 0.707106
vn -0.5 -0.5 0.707106
vn -0.612372 -0.353553 0.707106
vn -0.683012 -0.183012 0.707106
vn -0.707106 0 0.707106
vn -0.224143 -0.836516 0.5
vn -0 -0.866025 0.5
vn -0.433012 -0.75 0.5
vn -0.612372 -0.612372 0.5
vn -0.75 -0.433012 0.5
vn -0.836516 -0.224143 0.5
vn -0.866025 0 0.5
vn -0.25 -0.933012 0.258819
vn -0 -0.965925 0.258819
vn -0.482962 -0.836516 0.258819
vn -0.683012 -0.683012 0.258819
vn -0.836516 -0.482962 0.258819
vn -0.933012 -0.25 0.258819
vn -0.965925 0 0.258819
vn -0.258819 -0.965925 0
vn -0 -1 0
vn -0 -0.99999 0.004371
vn -0.5 -0.866025 0
vn -0.707106 -0.707106 0
vn -0.866025 -0.5 0
vn 0.900797 0.434238 0
vn 0.866025 0.5 0
vn 0.866025 0.5 0
vn 0.97484 0.222903 0
vn 1 0 0
vn 1 0 0
vn 0.434238 0.900797 0
vn 0.434238 0.900797 0
vn 0.5 0.866025 0
vn 0.258819 0.965925 0
vn 0.258819 0.965925 0
vn 0.222903 0.97484 0
vn -0 1 0
vn -0 1 0
vn 0.222903 0.97484 0
vn 0.707106 0.707106 0
vn 0.623613 0.781732 0
vn 0.623613 0.781732 0
vn 0.5 0.866025 0
vn 0.97484 0.222903 0
vn 0.965925 0.258819 0
vn 0.900797 0.434238 0
vn 0.707106 0.707106 0
vn 0.781732 0.623613 0
vn 0.781732 0.623613 0
vn 0.965925 0.258819 0
vn 0 1 0
vn 0 1 0
vn 0 1 0
vn 0 0 -1
vn 0 0 -1
vn 0 0 -1
vn 0 0 -1
vn 0 0 -1
vn 0 0 -1
vn 0 0 -1
vn 0 0 -1
vn 0 0 -1
vn 0 0 -1
vn 0 0 -1
vn 0 0 -1
vn 0 0 -1
vn 0 0 -1
vn -0.99999 0 -0.00439
vn -1 0 0
vn -1 0 0
vn -0.866025 0 -0.5
vn -0.866025 0 -0.5
vn -0.965925 0 -0.258819
vn -0.707106 0 -0.707106
vn -0.707106 0 -0.707106
vn -0.5 0 -0.866025
vn -0.5 0 -0.866025
vn -0.258819 0 -0.965925
vn -0.258819 0 -0.965925
vn 0 0 -1
vn 0 0 -1
vn -0.965925 0 -0.258819
vn -0.999874 0 -0.015837
vn -0.965925 0 0.258819
vn -0.965925 0 0.258819
vn -0.866025 0 0.5
vn -0.866025 0 0.5
vn -0.707106 0 0.707106
vn -0.707106 0 0.707106
vn -0.5 0 0.866025
vn -0.5 0 0.866025
vn -0.258819 0 0.965925
vn -0.258819 0 0.965925
vn 0 0 1
vn 0 0 1
vn 0.013732 0 0.999905
vn 0.258819 0 0.965925
vn 0.258819 0 0.965925
vn 0.00439 0 0.99999
vn 0.5 0 0.866025
vn 0.5 0 0.866025
vn 0.707106 0 0.707106
vn 0.707106 0 0.707106
vn 0.866025 0 0.5
vn 0.866025 0 0.5
vn 0.965925 0 0.258819
vn 0.965925 0 0.258819
vn 0.002744 0 -0.999996
vn 1 0 -0
vn 1 0 -0
vn 0.999992 0 -0.003922
vn 0.965925 0 -0.258819
vn 0.999799 0 -0.020038
vn 0.999346 0 -0.036148
vn 0.991186 0 -0.13247
vn 0.965925 0 -0.258819
vn 0.997662 0 -0.068338
vn 0.923879 0 -0.382683
vn 0.866025 0 -0.5
vn 0.793353 0 -0.608761
vn 0.707106 0 -0.707106
vn 0.866025 0 -0.5
vn 0.608761 0 -0.793353
vn 0.5 0 -0.866025
vn 0.707106 0 -0.707106
vn 0.382683 0 -0.923879
vn 0.258819 0 -0.965925
vn 0.5 0 -0.866025
vn 0.258819 0 -0.965925
vn 0 -1 0
vn 0 -1 0
vn 0 -1 0
vn 0 -1 0
vn 0 -1 0
vn 0 -1 0
vn 0 -1 0
vn 0 -1 0
vn 0 -1 0
vn 0 -1 0
vn 0 -1 0
vn 0 -1 0
vn 0 -1 0
vn 0 -1 0
vn 0 -1 0
vn 0 -1 0
vn 0 -1 0
vn 0 -1 0
vn 0 -1 0
vn 0 -1 0
vn 0 -1 0
vn 0 -1 0
vn 0 -1 0
vn 0 -1 0
vn 0 -1 0
vn 0 -1 0
vn 0 -1 0
vn 0 -1 0
vn 0 -1 0
vn 0 -1 0
vn 0 -1 0
vn 0 -1 0
vn 0 -1 0
vn 0 -1 0
vn 0 -1 0
vn 0 -1 0
vn 0 -1 0
vn 0 -1 0
vn 0 -1 0
vn 0 -1 0
vn 0 1 0
vn 0 1 0
vn 0 1 0
vn -0 1 0
vn -0 1 0
vn -0 1 0
vn -0 1 0
vn -0 1 0
vn -0 1 0
vn -0 1 0
vn -0 1 0
vn -0 1 0
vn -0 1 0
vn -0 1 0
vn -0 1 0
vn -0 1 0
vn -0 1 0
vn -0 1 0
vn -0 1 0
vn -0 1 0
vn -0 1 0
vn -0 1 0
vn -0 1 0
vn -0 1 0
vn -0 1 0
vn -0 1 0
vn -0 1 0
vn -0 1 0
vn -0 1 0
vn -0 1 0
vn -0 1 0
vn -0 1 0
vn -0 1 0
vn -0 1 0
vn -0 1 0
vn -0 1 0
vn 1 -0 0
vn 1 -0 0
vn 1 -0 0
vn 1 -0 0
vn 1 -0 0
vn 1 -0 0
vn 1 -0 0
vn 1 -0 0
vn 1 -0 0
vn 1 -0 0
vn 1 -0 0
vn 1 -0 0
vn 1 -0 0
vn 1 -0 0
vn 1 -0 0
vn 1 -0 0
vn 1 -0 0
vn 1 -0 0
vn 1 -0 0
vn 1 -0 0
vn 1 -0 0
vn 1 -0 0
vn 1 -0 0
vn 1 -0 0
vn 1 -0 0
vn 1 -0 0
vn 1 -0 0
vn 1 -0 0
vn 1 -0 0
vn 1 -0 0
vn 1 -0 0
vn 1 -0 0
vn 1 -0 0
vn 1 -0 0
vn 1 -0 0
vn 1 -0 0
vn 1 0 0
vn 1 0 0
vn 1 0 0
vn 1 0 0
vn 1 0 0
vn 1 0 0
vn 1 0 0
vn 1 0 0
vn 1 0 0
vn 1 0 0
vn 1 0 0
vn 1 0 0
vn 1 0 0
vn 1 0 0
vn 1 0 0
vn 1 0 0
vn 1 0 0
vn 1 0 0
vn 1 0 0
vn 1 0 0
vn 1 0 0
vn 1 0 0
vn 1 0 0
vn 1 0 0
vn 1 0 0
vn 0 1 0
vn 0 1 0
vn 0 1 0
vn 0 1 0
vn 0 1 0
vn 0 1 0
vn 0 1 0
vn 0 1 0
vn 0 1 0
vn 0 1 0
vn 0 1 0
vn 0 1 0
vn 0 1 0
vn 0 1 0
vn 0 1 0
vn 0 1 0
vn 0 1 0
vn 0 1 0
vn 0 1 0
vn 0 1 0
vn 0 1 0
vn 0 1 0
vn 0 1 0
vn 0 1 0
vn 0 1 0
usemtl App2
f 1796//1796 1797//1797 1798//1798
f 1799//1799 1800//1800 1798//1798
f 1798//1798 1801//1801 1802//1802
f 1802//1802 1803//1803 1798//1798
f 1803//1803 1804//1804 1798//1798
f 1804//1804 1805//1805 1798//1798
f 1805//1805 1796//1796 1798//1798
f 1797//1797 1806//1806 1798//1798
f 1806//1806 1807//1807 1798//1798
f 1807//1807 1808//1808 1798//1798
f 1808//1808 1809//1809 1798//1798
f 1809//1809 1810//1810 1798//1798
f 1810//1810 1811//1811 1798//1798
f 1811//1811 1812//1812 1798//1798
f 1812//1812 1813//1813 1798//1798
f 1813//1813 1814//1814 1798//1798
f 1814//1814 1815//1815 1798//1798
f 1815//1815 1799//1799 1798//1798
f 1800//1800 1816//1816 1798//1798
f 1816//1816 1817//1817 1798//1798
f 1817//1817 1818//1818 1798//1798
f 1818//1818 1819//1819 1798//1798
f 1819//1819 1820//1820 1798//1798
f 1820//1820 1801//1801 1798//1798
f 1821//1821 1822//1822 1823//1823
f 1824//1824 1821//1821 1823//1823
f 1825//1825 1824//1824 1823//1823
f 1826//1826 1825//1825 1823//1823
f 1827//1827 1826//1826 1823//1823
f 1823//1823 1822//1822 1828//1828
f 1829//1829 1830//1830 1823//1823
f 1831//1831 1829//1829 1823//1823
f 1832//1832 1831//1831 1823//1823
f 1833//1833 1832//1832 1823//1823
f 1834//1834 1833//1833 1823//1823
f 1835//1835 1834//1834 1823//1823
f 1836//1836 1835//1835 1823//1823
f 1837//1837 1836//1836 1823//1823
f 1838//1838 1837//1837 1823//1823
f 1839//1839 1838//1838 1823//1823
f 1840//1840 1839//1839 1823//1823
f 1841//1841 1842//1842 1823//1823
f 1843//1843 1841//1841 1823//1823
f 1844//1844 1843//1843 1823//1823
f 1845//1845 1844//1844 1823//1823
f 1828//1828 1845//1845 1823//1823
f 1842//1842 1840//1840 1823//1823
f 1830//1830 1827//1827 1823//1823
v 0.031399 0.0566 0.001
v 0.031399 0.0566 0
v 0.031399 0.001 0
v 0.031399 0.001 0.001
v 0.031399 0.001 0.001
v 0.031399 0.001 0
v 0.031399 -0.004 0
v 0.031399 -0.004 0.001
v 0.092 -0.004 0
v 0.0364 -0.004 0
v 0.0364 0.001 0
v 0.031399 0.001 0
v 0.031399 0.0566 0
v 0.0364 0.0566 0
v 0.092 0.001 -0
v 0.031399 -0.004 0
v 0.0364 0.001 0
v 0.0364 0.001 0.001
v 0.092 0.001 0.001
v 0.092 0.001 -0
v 0.0364 0.001 0.001
v 0.0364 0.001 0
v 0.0364 0.0566 0
v 0.0364 0.0566 0.001
v 0.031399 0.001 0.001
v 0.0364 0.001 0.001
v 0.0364 0.0566 0.001
v 0.092 0.001 0.001
v 0.0364 -0.004 0.001
v 0.031399 0.0566 0.001
v 0.031399 -0.004 0.001
v 0.092 -0.004 0.001
v 0.0364 -0.004 0.001
v 0.0364 -0.004 0
v 0.092 -0.004 0
v 0.092 -0.004 0.001
v 0.031399 -0.004 0.001
v 0.031399 -0.004 0
v 0.0364 -0.004 0
v 0.0364 -0.004 0.001
v 0.092 -0.004 0
v 0.092 0.001 -0
v 0.092 0.001 0.001
v 0.092 -0.004 0.001
v 0.031399 0.0566 0.001
v 0.0364 0.0566 0.001
v 0.0364 0.0566 0
v 0.031399 0.0566 0
vn -1 0 0
vn -1 0 0
vn -1 0 0
vn -1 0 0
vn -1 0 0
vn -1 0 0
vn -1 0 0
vn -1 0 0
vn 0 0 -1
vn 0 0 -1
vn 0 0 -1
vn 0 0 -1
vn 0 0 -1
vn 0 0 -1
vn 0 0 -1
vn 0 0 -1
vn 0 1 0
vn 0 1 0
vn 0 1 0
vn 0 1 0
vn 1 0 0
vn 1 0 0
vn 1 0 0
vn 1 0 0
vn 0 0 1
vn 0 0 1
vn 0 0 1
vn 0 0 1
vn 0 0 1
vn 0 0 1
vn 0 0 1
vn 0 0 1
vn 0 -1 0
vn 0 -1 0
vn 0 -1 0
vn 0 -1 0
vn 0 -1 0
vn 0 -1 0
vn 0 -1 0
vn 0 -1 0
vn 1 0 0
vn 1 0 0
vn 1 0 0
vn 1 0 0
vn 0 1 0
vn 0 1 0
vn 0 1 0
vn 0 1 0
usemtl App3
f 1862//1862 1863//1863 1864//1864
f 1864//1864 1865//1865 1862//1862
f 1846//1846 1847//1847 1848//1848
f 1848//1848 1849//1849 1846//1846
f 1850//1850 1851//1851 1852//1852
f 1852//1852 1853//1853 1850//1850
f 1882//1882 1883//1883 1884//1884
f 1884//1884 1885//1885 1882//1882
f 1878//1878 1879//1879 1880//1880
f 1880//1880 1881//1881 1878//1878
f 1866//1866 1867//1867 1868//1868
f 1868//1868 1869//1869 1866//1866
f 1854//1854 1855//1855 1856//1856
f 1857//1857 1858//1858 1859//1859
f 1856//1856 1860//1860 1854//1854
f 1856//1856 1861//1861 1857//1857
f 1859//1859 1856//1856 1857//1857
f 1855//1855 1861//1861 1856//1856
v 0.031399 0.0566 0.001
v 0.031399 0.0566 0
v 0.031399 0.001 0
v 0.031399 0.001 0.001
v 0.031399 0.001 0.001
v 0.031399 0.001 0
v 0.031399 -0.004 0
v 0.031399 -0.004 0.001
v 0.092 -0.004 0
v 0.0364 -0.004 0
v 0.0364 0.001 0
v 0.031399 0.001 0
v 0.031399 0.0566 0
v 0.0364 0.0566 0
v 0.092 0.001 -0
v 0.031399 -0.004 0
v 0.0364 0.001 0
v 0.0364 0.001 0.001
v 0.092 0.001 0.001
v 0.092 0.001 -0
v 0.0364 0.001 0.001
v 0.0364 0.001 0
v 0.0364 0.0566 0
v 0.0364 0.0566 0.001
v 0.031399 0.001 0.001
v 0.0364 0.001 0.001
v 0.0364 0.0566 0.001
v 0.092 0.001 0.001
v 0.0364 -0.004 0.001
v 0.031399 0.0566 0.001
v 0.031399 -0.004 0.001
v 0.092 -0.004 0.001
v 0.0364 -0.004 0.001
v 0.0364 -0.004 0
v 0.092 -0.004 0
v 0.092 -0.004 0.001
v 0.031399 -0.004 0.001
v 0.031399 -0.004 0
v 0.0364 -0.004 0
v 0.0364 -0.004 0.001
v 0.092 -0.004 0
v 0.092 0.001 -0
v 0.092 0.001 0.001
v 0.092 -0.004 0.001
v 0.031399 0.0566 0.001
v 0.0364 0.0566 0.001
v 0.0364 0.0566 0
v 0.031399 0.0566 0
vn -1 0 0
vn -1 0 0
vn -1 0 0
vn -1 0 0
vn -1 0 0
vn -1 0 0
vn -1 0 0
vn -1 0 0
vn 0 0 -1
vn 0 0 -1
vn 0 0 -1
vn 0 0 -1
vn 0 0 -1
vn 0 0 -1
vn 0 0 -1
vn 0 0 -1
vn 0 1 0
vn 0 1 0
vn 0 1 0
vn 0 1 0
vn 1 0 0
vn 1 0 0
vn 1 0 0
vn 1 0 0
vn 0 0 1
vn 0 0 1
vn 0 0 1
vn 0 0 1
vn 0 0 1
vn 0 0 1
vn 0 0 1
vn 0 0 1
vn 0 -1 0
vn 0 -1 0
vn 0 -1 0
vn 0 -1 0
vn 0 -1 0
vn 0 -1 0
vn 0 -1 0
vn 0 -1 0
vn 1 0 0
vn 1 0 0
vn 1 0 0
vn 1 0 0
vn 0 1 0
vn 0 1 0
vn 0 1 0
vn 0 1 0
usemtl App4
f 1918//1918 1919//1919 1920//1920
f 1921//1921 1919//1919 1922//1922
f 1920//1920 1923//1923 1918//1918
f 1919//1919 1924//1924 1922//1922
f 1922//1922 1925//1925 1921//1921
f 1918//1918 1924//1924 1919//1919
f 1934//1934 1935//1935 1936//1936
f 1936//1936 1937//1937 1934//1934
f 1938//1938 1939//1939 1940//1940
f 1940//1940 1941//1941 1938//1938
v 0.034607 0.047707 0.001
v 0.034766 0.047499 0.001
v 0.0339 0.046999 0.001
v 0.033192 0.047707 0.001
v 0.033399 0.047866 0.001
v 0.033033 0.047499 0.001
v 0.032934 0.047258 0.001
v 0.034865 0.046741 0.001
v 0.034766 0.0465 0.001
v 0.032934 0.046741 0.001
v 0.0329 0.046999 0.001
v 0.033033 0.0465 0.001
v 0.033192 0.046292 0.001
v 0.033399 0.046133 0.001
v 0.033641 0.046034 0.001
v 0.0339 0.046 0.001
v 0.034158 0.046034 0.001
v 0.0344 0.046133 0.001
v 0.034607 0.046292 0.001
v 0.034899 0.046999 0.001
v 0.034865 0.047258 0.001
v 0.0344 0.047866 0.001
v 0.034158 0.047965 0.001
v 0.0339 0.048 0.001
v 0.033641 0.047965 0.001
v 0.0344 0.046133 0.016
v 0.034607 0.046292 0.016
v 0.0339 0.046999 0.016
v 0.034766 0.047499 0.016
v 0.034607 0.047707 0.016
v 0.0329 0.046999 0.016
v 0.032934 0.046741 0.016
v 0.0344 0.047866 0.016
v 0.034158 0.047965 0.016
v 0.0339 0.048 0.016
v 0.033641 0.047965 0.016
v 0.033399 0.047866 0.016
v 0.033192 0.047707 0.016
v 0.033033 0.047499 0.016
v 0.032934 0.047258 0.016
v 0.033033 0.0465 0.016
v 0.033192 0.046292 0.016
v 0.033399 0.046133 0.016
v 0.033641 0.046034 0.016
v 0.0339 0.046 0.016
v 0.034158 0.046034 0.016
v 0.034766 0.0465 0.016
v 0.034865 0.046741 0.016
v 0.034899 0.046999 0.016
v 0.034865 0.047258 0.016
v 0.033033 0.047499 0.016
v 0.033033 0.047499 0.001
v 0.032934 0.047258 0.001
v 0.033192 0.047707 0.016
v 0.033192 0.047707 0.001
v 0.033399 0.047866 0.016
v 0.033399 0.047866 0.001
v 0.033641 0.047965 0.016
v 0.033641 0.047965 0.001
v 0.0339 0.048 0.016
v 0.0339 0.048 0.001
v 0.034158 0.047965 0.016
v 0.034158 0.047965 0.001
v 0.0344 0.047866 0.016
v 0.0344 0.047866 0.001
v 0.034607 0.047707 0.016
v 0.034607 0.047707 0.001
v 0.032934 0.047258 0.016
v 0.0329 0.046999 0.001
v 0.034865 0.047258 0.016
v 0.034865 0.047258 0.001
v 0.034766 0.047499 0.001
v 0.034766 0.047499 0.016
v 0.034865 0.046741 0.016
v 0.034865 0.046741 0.001
v 0.034899 0.046999 0.001
v 0.0329 0.046999 0.016
v 0.0344 0.046133 0.016
v 0.0344 0.046133 0.001
v 0.034607 0.046292 0.001
v 0.034899 0.046999 0.016
v 0.034766 0.0465 0.016
v 0.034766 0.0465 0.001
v 0.034607 0.046292 0.016
v 0.034158 0.046034 0.016
v 0.034158 0.046034 0.001
v 0.0339 0.046 0.016
v 0.0339 0.046 0.001
v 0.033641 0.046034 0.016
v 0.033641 0.046034 0.001
v 0.033399 0.046133 0.016
v 0.033399 0.046133 0.001
v 0.033192 0.046292 0.016
v 0.033192 0.046292 0.001
v 0.033033 0.0465 0.016
v 0.033033 0.0465 0.001
v 0.032934 0.046741 0.016
v 0.032934 0.046741 0.001
v 0.034899 0.039999 0.001
v 0.034865 0.039741 0.001
v 0.0339 0.039999 0.001
v 0.034865 0.040258 0.001
v 0.034766 0.0405 0.001
v 0.034607 0.040707 0.001
v 0.0344 0.040866 0.001
v 0.034158 0.040965 0.001
v 0.0339 0.041 0.001
v 0.033641 0.040965 0.001
v 0.033192 0.040707 0.001
v 0.033399 0.040866 0.001
v 0.033033 0.0405 0.001
v 0.032934 0.040258 0.001
v 0.0339 0.039 0.001
v 0.033641 0.039034 0.001
v 0.0329 0.039999 0.001
v 0.032934 0.039741 0.001
v 0.033033 0.0395 0.001
v 0.033192 0.039292 0.001
v 0.033399 0.039133 0.001
v 0.034158 0.039034 0.001
v 0.0344 0.039133 0.001
v 0.034607 0.039292 0.001
v 0.034766 0.0395 0.001
v 0.0339 0.039999 0.016
v 0.032934 0.039741 0.016
v 0.033033 0.0395 0.016
v 0.0329 0.039999 0.016
v 0.034766 0.0405 0.016
v 0.034607 0.040707 0.016
v 0.0344 0.040866 0.016
v 0.034158 0.040965 0.016
v 0.0339 0.041 0.016
v 0.033641 0.040965 0.016
v 0.033399 0.040866 0.016
v 0.033192 0.040707 0.016
v 0.033033 0.0405 0.016
v 0.032934 0.040258 0.016
v 0.034865 0.040258 0.016
v 0.033192 0.039292 0.016
v 0.033399 0.039133 0.016
v 0.033641 0.039034 0.016
v 0.0339 0.039 0.016
v 0.034158 0.039034 0.016
v 0.0344 0.039133 0.016
v 0.034607 0.039292 0.016
v 0.034766 0.0395 0.016
v 0.034865 0.039741 0.016
v 0.034899 0.039999 0.016
v 0.032934 0.039741 0.001
v 0.032934 0.039741 0.016
v 0.0329 0.039999 0.016
v 0.033033 0.0395 0.001
v 0.033033 0.0395 0.016
v 0.033192 0.039292 0.001
v 0.033192 0.039292 0.016
v 0.033399 0.039133 0.001
v 0.033399 0.039133 0.016
v 0.033641 0.039034 0.001
v 0.033641 0.039034 0.016
v 0.0339 0.039 0.001
v 0.0339 0.039 0.016
v 0.034158 0.039034 0.001
v 0.034158 0.039034 0.016
v 0.0344 0.039133 0.001
v 0.0344 0.039133 0.016
v 0.034607 0.039292 0.001
v 0.034607 0.039292 0.016
v 0.034766 0.0395 0.001
v 0.034766 0.0395 0.016
v 0.0329 0.039999 0.001
v 0.032934 0.040258 0.016
v 0.032934 0.040258 0.001
v 0.033033 0.0405 0.016
v 0.033033 0.0405 0.001
v 0.033192 0.040707 0.016
v 0.033192 0.040707 0.001
v 0.033399 0.040866 0.016
v 0.033399 0.040866 0.001
v 0.033641 0.040965 0.016
v 0.033641 0.040965 0.001
v 0.0339 0.041 0.016
v 0.0339 0.041 0.001
v 0.034158 0.040965 0.016
v 0.034158 0.040965 0.001
v 0.0344 0.040866 0.016
v 0.0344 0.040866 0.001
v 0.034607 0.040707 0.016
v 0.034607 0.040707 0.001
v 0.034766 0.0405 0.016
v 0.034766 0.0405 0.001
v 0.034865 0.040258 0.016
v 0.034865 0.040258 0.001
v 0.034899 0.039999 0.016
v 0.034899 0.039999 0.001
v 0.034865 0.039741 0.016
v 0.034865 0.039741 0.001
v 0.0329 0.032999 0.001
v 0.032934 0.033258 0.001
v 0.0339 0.032999 0.001
v 0.033399 0.033866 0.001
v 0.033641 0.033965 0.001
v 0.0339 0.034 0.001
v 0.034158 0.033965 0.001
v 0.033033 0.0335 0.001
v 0.033192 0.033707 0.001
v 0.0344 0.033866 0.001
v 0.034607 0.033707 0.001
v 0.034766 0.0335 0.001
v 0.034865 0.033258 0.001
v 0.034899 0.032999 0.001
v 0.034865 0.032741 0.001
v 0.034766 0.032499 0.001
v 0.034607 0.032292 0.001
v 0.0344 0.032133 0.001
v 0.034158 0.032034 0.001
v 0.0339 0.032 0.001
v 0.033641 0.032034 0.001
v 0.033399 0.032133 0.001
v 0.032934 0.032741 0.001
v 0.033192 0.032292 0.001
v 0.033033 0.032499 0.001
v 0.0329 0.032999 0.016
v 0.032934 0.032741 0.016
v 0.0339 0.032999 0.016
v 0.032934 0.033258 0.016
v 0.033033 0.0335 0.016
v 0.033192 0.033707 0.016
v 0.033399 0.033866 0.016
v 0.033641 0.033965 0.016
v 0.0339 0.034 0.016
v 0.034158 0.033965 0.016
v 0.0344 0.033866 0.016
v 0.034607 0.033707 0.016
v 0.034766 0.0335 0.016
v 0.034865 0.033258 0.016
v 0.034899 0.032999 0.016
v 0.034865 0.032741 0.016
v 0.034766 0.032499 0.016
v 0.034607 0.032292 0.016
v 0.0344 0.032133 0.016
v 0.034158 0.032034 0.016
v 0.0339 0.032 0.016
v 0.033641 0.032034 0.016
v 0.033399 0.032133 0.016
v 0.033192 0.032292 0.016
v 0.033033 0.032499 0.016
v 0.0339 0.034 0.001
v 0.0339 0.034 0.016
v 0.034158 0.033965 0.016
v 0.034899 0.032999 0.001
v 0.034899 0.032999 0.016
v 0.034865 0.032741 0.016
v 0.034865 0.032741 0.001
v 0.034766 0.032499 0.016
v 0.034766 0.032499 0.001
v 0.034607 0.032292 0.016
v 0.034607 0.032292 0.001
v 0.0344 0.032133 0.016
v 0.0344 0.032133 0.001
v 0.034158 0.032034 0.016
v 0.034158 0.032034 0.001
v 0.0339 0.032 0.016
v 0.0339 0.032 0.001
v 0.033641 0.032034 0.016
v 0.033641 0.032034 0.001
v 0.033399 0.032133 0.016
v 0.033399 0.032133 0.001
v 0.033192 0.032292 0.016
v 0.033192 0.032292 0.001
v 0.033033 0.032499 0.016
v 0.033033 0.032499 0.001
v 0.032934 0.032741 0.016
v 0.032934 0.032741 0.001
v 0.0329 0.032999 0.016
v 0.034865 0.033258 0.001
v 0.0329 0.032999 0.001
v 0.032934 0.033258 0.016
v 0.032934 0.033258 0.001
v 0.033033 0.0335 0.016
v 0.033033 0.0335 0.001
v 0.033192 0.033707 0.016
v 0.033192 0.033707 0.001
v 0.033399 0.033866 0.016
v 0.033399 0.033866 0.001
v 0.033641 0.033965 0.016
v 0.033641 0.033965 0.001
v 0.034158 0.033965 0.001
v 0.0344 0.033866 0.016
v 0.0344 0.033866 0.001
v 0.034607 0.033707 0.016
v 0.034607 0.033707 0.001
v 0.034766 0.0335 0.016
v 0.034766 0.0335 0.001
v 0.034865 0.033258 0.016
v 0.033192 0.026707 0.001
v 0.033399 0.026866 0.001
v 0.0339 0.026 0.001
v 0.034766 0.026499 0.001
v 0.034865 0.026258 0.001
v 0.034607 0.026707 0.001
v 0.0344 0.026866 0.001
v 0.034158 0.026965 0.001
v 0.0339 0.027 0.001
v 0.032934 0.026258 0.001
v 0.033033 0.026499 0.001
v 0.034899 0.026 0.001
v 0.034865 0.025741 0.001
v 0.033641 0.026965 0.001
v 0.0329 0.026 0.001
v 0.032934 0.025741 0.001
v 0.033033 0.025499 0.001
v 0.033192 0.025292 0.001
v 0.033399 0.025133 0.001
v 0.0339 0.025 0.001
v 0.033641 0.025034 0.001
v 0.034158 0.025034 0.001
v 0.0344 0.025133 0.001
v 0.034607 0.025292 0.001
v 0.034766 0.025499 0.001
v 0.034766 0.026499 0.016
v 0.034607 0.026707 0.016
v 0.0339 0.026 0.016
v 0.034865 0.026258 0.016
v 0.034899 0.026 0.016
v 0.032934 0.026258 0.016
v 0.0329 0.026 0.016
v 0.032934 0.025741 0.016
v 0.033033 0.026499 0.016
v 0.033192 0.026707 0.016
v 0.033399 0.026866 0.016
v 0.033641 0.026965 0.016
v 0.0339 0.027 0.016
v 0.034158 0.026965 0.016
v 0.0344 0.026866 0.016
v 0.034865 0.025741 0.016
v 0.034766 0.025499 0.016
v 0.034607 0.025292 0.016
v 0.0344 0.025133 0.016
v 0.034158 0.025034 0.016
v 0.0339 0.025 0.016
v 0.033641 0.025034 0.016
v 0.033399 0.025133 0.016
v 0.033192 0.025292 0.016
v 0.033033 0.025499 0.016
v 0.033033 0.025499 0.001
v 0.033033 0.025499 0.016
v 0.032934 0.025741 0.016
v 0.032934 0.025741 0.001
v 0.0329 0.026 0.016
v 0.0329 0.026 0.001
v 0.033192 0.025292 0.001
v 0.033192 0.025292 0.016
v 0.033399 0.025133 0.001
v 0.033399 0.025133 0.016
v 0.033641 0.025034 0.001
v 0.033641 0.025034 0.016
v 0.0339 0.025 0.001
v 0.0339 0.025 0.016
v 0.034158 0.025034 0.001
v 0.034158 0.025034 0.016
v 0.0344 0.025133 0.001
v 0.0344 0.025133 0.016
v 0.034607 0.025292 0.001
v 0.034607 0.025292 0.016
v 0.034766 0.025499 0.001
v 0.034766 0.025499 0.016
v 0.034865 0.025741 0.001
v 0.034865 0.025741 0.016
v 0.034899 0.026 0.001
v 0.034899 0.026 0.016
v 0.034865 0.026258 0.001
v 0.034865 0.026258 0.016
v 0.034766 0.026499 0.001
v 0.034766 0.026499 0.016
v 0.034607 0.026707 0.001
v 0.0344 0.026866 0.016
v 0.0344 0.026866 0.001
v 0.034158 0.026965 0.001
v 0.034158 0.026965 0.016
v 0.0339 0.027 0.001
v 0.0339 0.027 0.016
v 0.033641 0.026965 0.001
v 0.033641 0.026965 0.016
v 0.033399 0.026866 0.001
v 0.033399 0.026866 0.016
v 0.033192 0.026707 0.001
v 0.033192 0.026707 0.016
v 0.033033 0.026499 0.001
v 0.032934 0.026258 0.016
v 0.032934 0.026258 0.001
v 0.033033 0.026499 0.016
v 0.034607 0.026707 0.016
v 0.034766 0.0195 0.001
v 0.034865 0.019258 0.001
v 0.0339 0.018999 0.001
v 0.034899 0.018999 0.001
v 0.034865 0.018741 0.001
v 0.032934 0.019258 0.001
v 0.033033 0.0195 0.001
v 0.033192 0.019707 0.001
v 0.033399 0.019866 0.001
v 0.033641 0.019965 0.001
v 0.0339 0.019999 0.001
v 0.034158 0.019965 0.001
v 0.0344 0.019866 0.001
v 0.034607 0.019707 0.001
v 0.0329 0.018999 0.001
v 0.032934 0.018741 0.001
v 0.033033 0.0185 0.001
v 0.033192 0.018292 0.001
v 0.033399 0.018133 0.001
v 0.033641 0.018034 0.001
v 0.0339 0.017999 0.001
v 0.034158 0.018034 0.001
v 0.0344 0.018133 0.001
v 0.034607 0.018292 0.001
v 0.034766 0.0185 0.001
v 0.033641 0.019965 0.016
v 0.033399 0.019866 0.016
v 0.0339 0.018999 0.016
v 0.0329 0.018999 0.016
v 0.032934 0.018741 0.016
v 0.032934 0.019258 0.016
v 0.033033 0.0195 0.016
v 0.033192 0.019707 0.016
v 0.034899 0.018999 0.016
v 0.034865 0.019258 0.016
v 0.0339 0.019999 0.016
v 0.034158 0.019965 0.016
v 0.0344 0.019866 0.016
v 0.034607 0.019707 0.016
v 0.034766 0.0195 0.016
v 0.034865 0.018741 0.016
v 0.034766 0.0185 0.016
v 0.034607 0.018292 0.016
v 0.0344 0.018133 0.016
v 0.034158 0.018034 0.016
v 0.0339 0.017999 0.016
v 0.033641 0.018034 0.016
v 0.033399 0.018133 0.016
v 0.033192 0.018292 0.016
v 0.033033 0.0185 0.016
v 0.034899 0.018999 0.001
v 0.034899 0.018999 0.016
v 0.034865 0.018741 0.016
v 0.034865 0.019258 0.001
v 0.034865 0.019258 0.016
v 0.034766 0.0195 0.001
v 0.034766 0.0195 0.016
v 0.032934 0.018741 0.016
v 0.032934 0.018741 0.001
v 0.033033 0.0185 0.001
v 0.0344 0.019866 0.001
v 0.0344 0.019866 0.016
v 0.034607 0.019707 0.016
v 0.034158 0.019965 0.001
v 0.034158 0.019965 0.016
v 0.0339 0.019999 0.001
v 0.0339 0.019999 0.016
v 0.033641 0.019965 0.001
v 0.033641 0.019965 0.016
v 0.033399 0.019866 0.001
v 0.033399 0.019866 0.016
v 0.033192 0.019707 0.001
v 0.033192 0.019707 0.016
v 0.033033 0.0195 0.001
v 0.033033 0.0195 0.016
v 0.032934 0.019258 0.001
v 0.032934 0.019258 0.016
v 0.0329 0.018999 0.001
v 0.0329 0.018999 0.016
v 0.034607 0.019707 0.001
v 0.034865 0.018741 0.001
v 0.034766 0.0185 0.016
v 0.034766 0.0185 0.001
v 0.034607 0.018292 0.016
v 0.034607 0.018292 0.001
v 0.0344 0.018133 0.016
v 0.0344 0.018133 0.001
v 0.034158 0.018034 0.016
v 0.034158 0.018034 0.001
v 0.0339 0.017999 0.016
v 0.0339 0.017999 0.001
v 0.033641 0.018034 0.016
v 0.033641 0.018034 0.001
v 0.033399 0.018133 0.016
v 0.033399 0.018133 0.001
v 0.033192 0.018292 0.016
v 0.033192 0.018292 0.001
v 0.033033 0.0185 0.016
v 0.0329 0.012 0.001
v 0.032934 0.012258 0.001
v 0.0339 0.012 0.001
v 0.032934 0.011741 0.001
v 0.033033 0.0115 0.001
v 0.033192 0.011292 0.001
v 0.033399 0.011133 0.001
v 0.033641 0.011034 0.001
v 0.0339 0.010999 0.001
v 0.034158 0.011034 0.001
v 0.0344 0.011133 0.001
v 0.034607 0.011292 0.001
v 0.034766 0.0115 0.001
v 0.034865 0.011741 0.001
v 0.034899 0.012 0.001
v 0.034865 0.012258 0.001
v 0.034766 0.0125 0.001
v 0.034607 0.012707 0.001
v 0.0344 0.012866 0.001
v 0.034158 0.012965 0.001
v 0.0339 0.013 0.001
v 0.033641 0.012965 0.001
v 0.033399 0.012866 0.001
v 0.033192 0.012707 0.001
v 0.033033 0.0125 0.001
v 0.0339 0.012 0.016
v 0.032934 0.011741 0.016
v 0.033033 0.0115 0.016
v 0.034865 0.011741 0.016
v 0.034899 0.012 0.016
v 0.0329 0.012 0.016
v 0.032934 0.012258 0.016
v 0.033033 0.0125 0.016
v 0.033192 0.012707 0.016
v 0.033399 0.012866 0.016
v 0.033641 0.012965 0.016
v 0.0339 0.013 0.016
v 0.034158 0.012965 0.016
v 0.0344 0.012866 0.016
v 0.034607 0.012707 0.016
v 0.034766 0.0125 0.016
v 0.034865 0.012258 0.016
v 0.034766 0.0115 0.016
v 0.034607 0.011292 0.016
v 0.0344 0.011133 0.016
v 0.034158 0.011034 0.016
v 0.0339 0.010999 0.016
v 0.033641 0.011034 0.016
v 0.033399 0.011133 0.016
v 0.033192 0.011292 0.016
v 0.032934 0.011741 0.016
v 0.032934 0.011741 0.001
v 0.033033 0.0115 0.001
v 0.0329 0.012 0.016
v 0.0329 0.012 0.001
v 0.033033 0.0115 0.016
v 0.033192 0.011292 0.001
v 0.033192 0.011292 0.016
v 0.033399 0.011133 0.001
v 0.033399 0.011133 0.016
v 0.033641 0.011034 0.001
v 0.033641 0.011034 0.016
v 0.0339 0.010999 0.001
v 0.0339 0.010999 0.016
v 0.034158 0.011034 0.001
v 0.034158 0.011034 0.016
v 0.0344 0.011133 0.001
v 0.0344 0.011133 0.016
v 0.034607 0.011292 0.001
v 0.034607 0.011292 0.016
v 0.034766 0.0115 0.001
v 0.034766 0.0115 0.016
v 0.034865 0.011741 0.001
v 0.034865 0.011741 0.016
v 0.034899 0.012 0.001
v 0.034899 0.012 0.016
v 0.034865 0.012258 0.001
v 0.034865 0.012258 0.016
v 0.034766 0.0125 0.001
v 0.034766 0.0125 0.016
v 0.034607 0.012707 0.001
v 0.034607 0.012707 0.016
v 0.0344 0.012866 0.001
v 0.0344 0.012866 0.016
v 0.034158 0.012965 0.001
v 0.034158 0.012965 0.016
v 0.0339 0.013 0.001
v 0.0339 0.013 0.016
v 0.033641 0.012965 0.001
v 0.033641 0.012965 0.016
v 0.033399 0.012866 0.001
v 0.033399 0.012866 0.016
v 0.033192 0.012707 0.001
v 0.033192 0.012707 0.016
v 0.033033 0.0125 0.001
v 0.033033 0.0125 0.016
v 0.032934 0.012258 0.001
v 0.032934 0.012258 0.016
v 0.034158 0.005965 0.001
v 0.0344 0.005866 0.001
v 0.0339 0.004999 0.001
v 0.0329 0.004999 0.001
v 0.032934 0.005258 0.001
v 0.034865 0.005258 0.001
v 0.034899 0.004999 0.001
v 0.034865 0.004741 0.001
v 0.034766 0.005499 0.001
v 0.034607 0.005707 0.001
v 0.032934 0.004741 0.001
v 0.0339 0.006 0.001
v 0.033641 0.005965 0.001
v 0.033399 0.005866 0.001
v 0.033192 0.005707 0.001
v 0.033033 0.005499 0.001
v 0.034766 0.004499 0.001
v 0.034607 0.004292 0.001
v 0.0344 0.004133 0.001
v 0.034158 0.004034 0.001
v 0.0339 0.004 0.001
v 0.033641 0.004034 0.001
v 0.033399 0.004133 0.001
v 0.033192 0.004292 0.001
v 0.033033 0.004499 0.001
v 0.034899 0.004999 0.016
v 0.034865 0.005258 0.016
v 0.0339 0.004999 0.016
v 0.034766 0.005499 0.016
v 0.034607 0.005707 0.016
v 0.0344 0.005866 0.016
v 0.034158 0.005965 0.016
v 0.0339 0.006 0.016
v 0.033641 0.005965 0.016
v 0.033399 0.005866 0.016
v 0.033192 0.005707 0.016
v 0.033033 0.005499 0.016
v 0.032934 0.005258 0.016
v 0.0329 0.004999 0.016
v 0.032934 0.004741 0.016
v 0.033033 0.004499 0.016
v 0.034766 0.004499 0.016
v 0.034865 0.004741 0.016
v 0.034607 0.004292 0.016
v 0.0344 0.004133 0.016
v 0.034158 0.004034 0.016
v 0.0339 0.004 0.016
v 0.033641 0.004034 0.016
v 0.033399 0.004133 0.016
v 0.033192 0.004292 0.016
v 0.034865 0.005258 0.001
v 0.034865 0.005258 0.016
v 0.034899 0.004999 0.016
v 0.034899 0.004999 0.001
v 0.034865 0.004741 0.016
v 0.034865 0.004741 0.001
v 0.034766 0.004499 0.016
v 0.034766 0.004499 0.001
v 0.034607 0.004292 0.016
v 0.034607 0.004292 0.001
v 0.0344 0.004133 0.016
v 0.0344 0.004133 0.001
v 0.034158 0.004034 0.016
v 0.034158 0.004034 0.001
v 0.0339 0.004 0.016
v 0.0339 0.004 0.001
v 0.033641 0.004034 0.016
v 0.033641 0.004034 0.001
v 0.033399 0.004133 0.016
v 0.033399 0.004133 0.001
v 0.033192 0.004292 0.016
v 0.033192 0.004292 0.001
v 0.033033 0.004499 0.016
v 0.032934 0.004741 0.001
v 0.032934 0.004741 0.016
v 0.0329 0.004999 0.016
v 0.033033 0.005499 0.001
v 0.033033 0.005499 0.016
v 0.033192 0.005707 0.016
v 0.033033 0.004499 0.001
v 0.0329 0.004999 0.001
v 0.032934 0.005258 0.016
v 0.032934 0.005258 0.001
v 0.033192 0.005707 0.001
v 0.033399 0.005866 0.016
v 0.033399 0.005866 0.001
v 0.033641 0.005965 0.016
v 0.033641 0.005965 0.001
v 0.0339 0.006 0.016
v 0.0339 0.006 0.001
v 0.034158 0.005965 0.016
v 0.034158 0.005965 0.001
v 0.0344 0.005866 0.016
v 0.0344 0.005866 0.001
v 0.034607 0.005707 0.016
v 0.034607 0.005707 0.001
v 0.034766 0.005499 0.016
v 0.034766 0.005499 0.001
v 0.041365 -0.001758 0.001
v 0.041266 -0.002 0.001
v 0.040399 -0.0015 0.001
v 0.0414 -0.0015 0.001
v 0.041365 -0.001241 0.001
v 0.041107 -0.000792 0.001
v 0.041266 -0.001 0.001
v 0.040899 -0.000633 0.001
v 0.040658 -0.000534 0.001
v 0.040399 -0.0005 0.001
v 0.040141 -0.000534 0.001
v 0.0399 -0.000633 0.001
v 0.039692 -0.000792 0.001
v 0.039533 -0.001 0.001
v 0.039434 -0.001241 0.001
v 0.041107 -0.002207 0.001
v 0.0394 -0.0015 0.001
v 0.039434 -0.001758 0.001
v 0.039533 -0.002 0.001
v 0.039692 -0.002207 0.001
v 0.0399 -0.002366 0.001
v 0.040141 -0.002465 0.001
v 0.040399 -0.002499 0.001
v 0.040658 -0.002465 0.001
v 0.040899 -0.002366 0.001
v 0.040399 -0.0015 0.016
v 0.039434 -0.001758 0.016
v 0.039533 -0.002 0.016
v 0.039692 -0.002207 0.016
v 0.0399 -0.002366 0.016
v 0.040141 -0.002465 0.016
v 0.040399 -0.002499 0.016
v 0.040658 -0.002465 0.016
v 0.040899 -0.002366 0.016
v 0.041107 -0.002207 0.016
v 0.041266 -0.002 0.016
v 0.041365 -0.001758 0.016
v 0.0414 -0.0015 0.016
v 0.041365 -0.001241 0.016
v 0.041266 -0.001 0.016
v 0.041107 -0.000792 0.016
v 0.040899 -0.000633 0.016
v 0.040658 -0.000534 0.016
v 0.040399 -0.0005 0.016
v 0.040141 -0.000534 0.016
v 0.0399 -0.000633 0.016
v 0.039692 -0.000792 0.016
v 0.039533 -0.001 0.016
v 0.039434 -0.001241 0.016
v 0.0394 -0.0015 0.016
v 0.040399 -0.002499 0.016
v 0.040399 -0.002499 0.001
v 0.040658 -0.002465 0.001
v 0.0394 -0.0015 0.001
v 0.0394 -0.0015 0.016
v 0.039434 -0.001241 0.016
v 0.039434 -0.001241 0.001
v 0.039533 -0.001 0.016
v 0.039533 -0.001 0.001
v 0.039692 -0.000792 0.016
v 0.039692 -0.000792 0.001
v 0.0399 -0.000633 0.016
v 0.0399 -0.000633 0.001
v 0.040141 -0.000534 0.016
v 0.040141 -0.000534 0.001
v 0.040399 -0.0005 0.016
v 0.040399 -0.0005 0.001
v 0.040658 -0.000534 0.016
v 0.040658 -0.000534 0.001
v 0.040899 -0.000633 0.016
v 0.040899 -0.000633 0.001
v 0.041107 -0.000792 0.016
v 0.041107 -0.000792 0.001
v 0.041266 -0.001 0.016
v 0.041266 -0.001 0.001
v 0.041365 -0.001241 0.016
v 0.041365 -0.001241 0.001
v 0.0414 -0.0015 0.016
v 0.041365 -0.001758 0.001
v 0.041365 -0.001758 0.016
v 0.041266 -0.002 0.016
v 0.041266 -0.002 0.001
v 0.041107 -0.002207 0.016
v 0.041107 -0.002207 0.001
v 0.040899 -0.002366 0.016
v 0.040899 -0.002366 0.001
v 0.040658 -0.002465 0.016
v 0.040141 -0.002465 0.016
v 0.040141 -0.002465 0.001
v 0.0399 -0.002366 0.016
v 0.0399 -0.002366 0.001
v 0.039692 -0.002207 0.016
v 0.039692 -0.002207 0.001
v 0.039533 -0.002 0.016
v 0.039533 -0.002 0.001
v 0.039434 -0.001758 0.016
v 0.039434 -0.001758 0.001
v 0.0414 -0.0015 0.001
v 0.046533 -0.001 0.001
v 0.046692 -0.000792 0.001
v 0.0474 -0.0015 0.001
v 0.046434 -0.001241 0.001
v 0.046399 -0.0015 0.001
v 0.046434 -0.001758 0.001
v 0.046533 -0.002 0.001
v 0.046692 -0.002207 0.001
v 0.0469 -0.002366 0.001
v 0.047141 -0.002465 0.001
v 0.0474 -0.002499 0.001
v 0.047658 -0.002465 0.001
v 0.047899 -0.002366 0.001
v 0.048107 -0.002207 0.001
v 0.048266 -0.002 0.001
v 0.048365 -0.001758 0.001
v 0.048399 -0.0015 0.001
v 0.048365 -0.001241 0.001
v 0.048266 -0.001 0.001
v 0.048107 -0.000792 0.001
v 0.047899 -0.000633 0.001
v 0.047658 -0.000534 0.001
v 0.0474 -0.0005 0.001
v 0.047141 -0.000534 0.001
v 0.0469 -0.000633 0.001
v 0.0474 -0.0015 0.016
v 0.046434 -0.001758 0.016
v 0.046533 -0.002 0.016
v 0.0474 -0.002499 0.016
v 0.047658 -0.002465 0.016
v 0.046399 -0.0015 0.016
v 0.046434 -0.001241 0.016
v 0.046533 -0.001 0.016
v 0.046692 -0.000792 0.016
v 0.0469 -0.000633 0.016
v 0.047141 -0.000534 0.016
v 0.0474 -0.0005 0.016
v 0.047658 -0.000534 0.016
v 0.047899 -0.000633 0.016
v 0.048107 -0.000792 0.016
v 0.048266 -0.001 0.016
v 0.048365 -0.001241 0.016
v 0.048365 -0.001758 0.016
v 0.048399 -0.0015 0.016
v 0.048266 -0.002 0.016
v 0.048107 -0.002207 0.016
v 0.047899 -0.002366 0.016
v 0.047141 -0.002465 0.016
v 0.0469 -0.002366 0.016
v 0.046692 -0.002207 0.016
v 0.046533 -0.002 0.001
v 0.046533 -0.002 0.016
v 0.046434 -0.001758 0.016
v 0.046692 -0.002207 0.001
v 0.046692 -0.002207 0.016
v 0.0469 -0.002366 0.001
v 0.0469 -0.002366 0.016
v 0.047141 -0.002465 0.001
v 0.047141 -0.002465 0.016
v 0.0474 -0.002499 0.001
v 0.0474 -0.002499 0.016
v 0.047658 -0.002465 0.001
v 0.047658 -0.002465 0.016
v 0.047899 -0.002366 0.001
v 0.047899 -0.002366 0.016
v 0.048107 -0.002207 0.001
v 0.048107 -0.002207 0.016
v 0.048266 -0.002 0.001
v 0.048266 -0.002 0.016
v 0.048365 -0.001758 0.001
v 0.048365 -0.001758 0.016
v 0.048399 -0.0015 0.001
v 0.048399 -0.0015 0.016
v 0.048365 -0.001241 0.001
v 0.048365 -0.001241 0.016
v 0.048266 -0.001 0.001
v 0.048266 -0.001 0.016
v 0.048107 -0.000792 0.001
v 0.048107 -0.000792 0.016
v 0.047899 -0.000633 0.001
v 0.047899 -0.000633 0.016
v 0.047658 -0.000534 0.001
v 0.047658 -0.000534 0.016
v 0.0474 -0.0005 0.001
v 0.0474 -0.0005 0.016
v 0.046434 -0.001758 0.001
v 0.046399 -0.0015 0.016
v 0.047141 -0.000534 0.001
v 0.047141 -0.000534 0.016
v 0.0469 -0.000633 0.001
v 0.0469 -0.000633 0.016
v 0.046692 -0.000792 0.001
v 0.046692 -0.000792 0.016
v 0.046533 -0.001 0.001
v 0.046533 -0.001 0.016
v 0.046434 -0.001241 0.001
v 0.046434 -0.001241 0.016
v 0.046399 -0.0015 0.001
v 0.053434 -0.001758 0.001
v 0.053399 -0.0015 0.001
v 0.0544 -0.0015 0.001
v 0.053434 -0.001241 0.001
v 0.053533 -0.001 0.001
v 0.053692 -0.000792 0.001
v 0.053899 -0.000633 0.001
v 0.054141 -0.000534 0.001
v 0.0544 -0.0005 0.001
v 0.054658 -0.000534 0.001
v 0.0549 -0.000633 0.001
v 0.055107 -0.000792 0.001
v 0.055266 -0.001 0.001
v 0.055365 -0.001241 0.001
v 0.055399 -0.0015 0.001
v 0.055365 -0.001758 0.001
v 0.055266 -0.002 0.001
v 0.055107 -0.002207 0.001
v 0.0549 -0.002366 0.001
v 0.054658 -0.002465 0.001
v 0.0544 -0.002499 0.001
v 0.054141 -0.002465 0.001
v 0.053899 -0.002366 0.001
v 0.053692 -0.002207 0.001
v 0.053533 -0.002 0.001
v 0.0549 -0.002366 0.016
v 0.055107 -0.002207 0.016
v 0.0544 -0.0015 0.016
v 0.053399 -0.0015 0.016
v 0.053434 -0.001758 0.016
v 0.053434 -0.001241 0.016
v 0.053533 -0.001 0.016
v 0.053692 -0.000792 0.016
v 0.054141 -0.000534 0.016
v 0.053899 -0.000633 0.016
v 0.0544 -0.0005 0.016
v 0.054658 -0.000534 0.016
v 0.0549 -0.000633 0.016
v 0.055107 -0.000792 0.016
v 0.055365 -0.001241 0.016
v 0.055266 -0.001 0.016
v 0.055399 -0.0015 0.016
v 0.055365 -0.001758 0.016
v 0.055266 -0.002 0.016
v 0.054658 -0.002465 0.016
v 0.0544 -0.002499 0.016
v 0.054141 -0.002465 0.016
v 0.053899 -0.002366 0.016
v 0.053692 -0.002207 0.016
v 0.053533 -0.002 0.016
v 0.053434 -0.001758 0.001
v 0.053434 -0.001758 0.016
v 0.053399 -0.0015 0.016
v 0.053533 -0.002 0.001
v 0.053533 -0.002 0.016
v 0.053692 -0.002207 0.001
v 0.053692 -0.002207 0.016
v 0.053899 -0.002366 0.001
v 0.053899 -0.002366 0.016
v 0.054141 -0.002465 0.001
v 0.054141 -0.002465 0.016
v 0.0544 -0.002499 0.001
v 0.0544 -0.002499 0.016
v 0.054658 -0.002465 0.001
v 0.054658 -0.002465 0.016
v 0.0549 -0.002366 0.001
v 0.0549 -0.002366 0.016
v 0.055107 -0.002207 0.001
v 0.055107 -0.002207 0.016
v 0.055266 -0.002 0.001
v 0.055266 -0.002 0.016
v 0.055399 -0.0015 0.001
v 0.055399 -0.0015 0.016
v 0.055365 -0.001758 0.016
v 0.055365 -0.001241 0.001
v 0.055365 -0.001241 0.016
v 0.055266 -0.001 0.001
v 0.055266 -0.001 0.016
v 0.055107 -0.000792 0.001
v 0.055107 -0.000792 0.016
v 0.0549 -0.000633 0.001
v 0.0549 -0.000633 0.016
v 0.054658 -0.000534 0.001
v 0.054658 -0.000534 0.016
v 0.0544 -0.0005 0.001
v 0.0544 -0.0005 0.016
v 0.054141 -0.000534 0.001
v 0.054141 -0.000534 0.016
v 0.053899 -0.000633 0.001
v 0.053899 -0.000633 0.016
v 0.053692 -0.000792 0.001
v 0.053692 -0.000792 0.016
v 0.053533 -0.001 0.001
v 0.053533 -0.001 0.016
v 0.053434 -0.001241 0.001
v 0.053434 -0.001241 0.016
v 0.053399 -0.0015 0.001
v 0.055365 -0.001758 0.001
v 0.060533 -0.002 0.001
v 0.060434 -0.001758 0.001
v 0.0614 -0.0015 0.001
v 0.062365 -0.001758 0.001
v 0.062266 -0.002 0.001
v 0.0604 -0.0015 0.001
v 0.060434 -0.001241 0.001
v 0.060533 -0.001 0.001
v 0.060692 -0.000792 0.001
v 0.060899 -0.000633 0.001
v 0.061141 -0.000534 0.001
v 0.0614 -0.0005 0.001
v 0.061658 -0.000534 0.001
v 0.0619 -0.000633 0.001
v 0.062107 -0.000792 0.001
v 0.062266 -0.001 0.001
v 0.062365 -0.001241 0.001
v 0.062399 -0.0015 0.001
v 0.062107 -0.002207 0.001
v 0.0619 -0.002366 0.001
v 0.061658 -0.002465 0.001
v 0.0614 -0.002499 0.001
v 0.061141 -0.002465 0.001
v 0.060899 -0.002366 0.001
v 0.060692 -0.002207 0.001
v 0.062365 -0.001758 0.016
v 0.062399 -0.0015 0.016
v 0.0614 -0.0015 0.016
v 0.060533 -0.001 0.016
v 0.060434 -0.001241 0.016
v 0.060692 -0.000792 0.016
v 0.060899 -0.000633 0.016
v 0.0604 -0.0015 0.016
v 0.060434 -0.001758 0.016
v 0.060533 -0.002 0.016
v 0.060692 -0.002207 0.016
v 0.060899 -0.002366 0.016
v 0.061141 -0.002465 0.016
v 0.0614 -0.002499 0.016
v 0.061658 -0.002465 0.016
v 0.0619 -0.002366 0.016
v 0.062107 -0.002207 0.016
v 0.062266 -0.002 0.016
v 0.062365 -0.001241 0.016
v 0.062266 -0.001 0.016
v 0.062107 -0.000792 0.016
v 0.0619 -0.000633 0.016
v 0.061658 -0.000534 0.016
v 0.0614 -0.0005 0.016
v 0.061141 -0.000534 0.016
v 0.060533 -0.001 0.016
v 0.060533 -0.001 0.001
v 0.060434 -0.001241 0.001
v 0.060692 -0.000792 0.016
v 0.060692 -0.000792 0.001
v 0.060899 -0.000633 0.016
v 0.060899 -0.000633 0.001
v 0.061141 -0.000534 0.016
v 0.060434 -0.001241 0.016
v 0.061141 -0.000534 0.001
v 0.0614 -0.0005 0.016
v 0.061658 -0.000534 0.001
v 0.061658 -0.000534 0.016
v 0.0619 -0.000633 0.016
v 0.0619 -0.000633 0.001
v 0.062107 -0.000792 0.016
v 0.062107 -0.000792 0.001
v 0.062266 -0.001 0.016
v 0.062266 -0.001 0.001
v 0.062365 -0.001241 0.016
v 0.062365 -0.001241 0.001
v 0.062399 -0.0015 0.016
v 0.062399 -0.0015 0.001
v 0.062365 -0.001758 0.016
v 0.062365 -0.001758 0.001
v 0.062266 -0.002 0.016
v 0.062266 -0.002 0.001
v 0.062107 -0.002207 0.016
v 0.062107 -0.002207 0.001
v 0.0619 -0.002366 0.016
v 0.0619 -0.002366 0.001
v 0.061658 -0.002465 0.016
v 0.0604 -0.0015 0.001
v 0.0614 -0.002499 0.001
v 0.0614 -0.002499 0.016
v 0.061141 -0.002465 0.016
v 0.061141 -0.002465 0.001
v 0.060899 -0.002366 0.016
v 0.060899 -0.002366 0.001
v 0.060692 -0.002207 0.016
v 0.060692 -0.002207 0.001
v 0.060533 -0.002 0.016
v 0.060533 -0.002 0.001
v 0.060434 -0.001758 0.016
v 0.061658 -0.002465 0.001
v 0.0604 -0.0015 0.016
v 0.0614 -0.0005 0.001
v 0.060434 -0.001758 0.001
v 0.0674 -0.0015 0.001
v 0.067434 -0.001241 0.001
v 0.0684 -0.0015 0.001
v 0.067434 -0.001758 0.001
v 0.067533 -0.002 0.001
v 0.067692 -0.002207 0.001
v 0.0679 -0.002366 0.001
v 0.068141 -0.002465 0.001
v 0.0684 -0.002499 0.001
v 0.068658 -0.002465 0.001
v 0.068899 -0.002366 0.001
v 0.069107 -0.002207 0.001
v 0.069266 -0.002 0.001
v 0.069365 -0.001758 0.001
v 0.069399 -0.0015 0.001
v 0.069365 -0.001241 0.001
v 0.069266 -0.001 0.001
v 0.069107 -0.000792 0.001
v 0.068899 -0.000633 0.001
v 0.068658 -0.000534 0.001
v 0.0684 -0.0005 0.001
v 0.068141 -0.000534 0.001
v 0.0679 -0.000633 0.001
v 0.067692 -0.000792 0.001
v 0.067533 -0.001 0.001
v 0.069399 -0.0015 0.016
v 0.069365 -0.001241 0.016
v 0.0684 -0.0015 0.016
v 0.067692 -0.002207 0.016
v 0.0679 -0.002366 0.016
v 0.067533 -0.002 0.016
v 0.0674 -0.0015 0.016
v 0.067434 -0.001758 0.016
v 0.067434 -0.001241 0.016
v 0.067533 -0.001 0.016
v 0.067692 -0.000792 0.016
v 0.0679 -0.000633 0.016
v 0.068141 -0.000534 0.016
v 0.0684 -0.0005 0.016
v 0.068658 -0.000534 0.016
v 0.068899 -0.000633 0.016
v 0.069107 -0.000792 0.016
v 0.069266 -0.001 0.016
v 0.069365 -0.001758 0.016
v 0.069266 -0.002 0.016
v 0.069107 -0.002207 0.016
v 0.068899 -0.002366 0.016
v 0.068658 -0.002465 0.016
v 0.0684 -0.002499 0.016
v 0.068141 -0.002465 0.016
v 0.0674 -0.0015 0.016
v 0.0674 -0.0015 0.001
v 0.067434 -0.001758 0.001
v 0.067434 -0.001758 0.016
v 0.067533 -0.002 0.001
v 0.067533 -0.002 0.016
v 0.067692 -0.002207 0.001
v 0.067692 -0.002207 0.016
v 0.0679 -0.002366 0.001
v 0.0679 -0.002366 0.016
v 0.068141 -0.002465 0.001
v 0.068141 -0.002465 0.016
v 0.0684 -0.002499 0.001
v 0.0684 -0.002499 0.016
v 0.068658 -0.002465 0.001
v 0.068658 -0.002465 0.016
v 0.068899 -0.002366 0.001
v 0.068899 -0.002366 0.016
v 0.069107 -0.002207 0.001
v 0.069107 -0.002207 0.016
v 0.069266 -0.002 0.001
v 0.069266 -0.002 0.016
v 0.069365 -0.001758 0.001
v 0.069365 -0.001758 0.016
v 0.069107 -0.000792 0.016
v 0.069107 -0.000792 0.001
v 0.068899 -0.000633 0.001
v 0.069365 -0.001241 0.001
v 0.069365 -0.001241 0.016
v 0.069399 -0.0015 0.016
v 0.069266 -0.001 0.001
v 0.069266 -0.001 0.016
v 0.068658 -0.000534 0.016
v 0.068658 -0.000534 0.001
v 0.0684 -0.0005 0.001
v 0.068899 -0.000633 0.016
v 0.0684 -0.0005 0.016
v 0.068141 -0.000534 0.001
v 0.068141 -0.000534 0.016
v 0.0679 -0.000633 0.001
v 0.0679 -0.000633 0.016
v 0.067692 -0.000792 0.001
v 0.067692 -0.000792 0.016
v 0.067533 -0.001 0.001
v 0.067533 -0.001 0.016
v 0.067434 -0.001241 0.001
v 0.067434 -0.001241 0.016
v 0.069399 -0.0015 0.001
v 0.0744 -0.0015 0.001
v 0.074434 -0.001241 0.001
v 0.0754 -0.0015 0.001
v 0.074434 -0.001758 0.001
v 0.074533 -0.002 0.001
v 0.074692 -0.002207 0.001
v 0.0749 -0.002366 0.001
v 0.075141 -0.002465 0.001
v 0.0754 -0.002499 0.001
v 0.075658 -0.002465 0.001
v 0.0759 -0.002366 0.001
v 0.076107 -0.002207 0.001
v 0.076266 -0.002 0.001
v 0.076365 -0.001758 0.001
v 0.076399 -0.0015 0.001
v 0.076365 -0.001241 0.001
v 0.076266 -0.001 0.001
v 0.076107 -0.000792 0.001
v 0.0759 -0.000633 0.001
v 0.075658 -0.000534 0.001
v 0.0754 -0.0005 0.001
v 0.075141 -0.000534 0.001
v 0.0749 -0.000633 0.001
v 0.074692 -0.000792 0.001
v 0.074533 -0.001 0.001
v 0.0744 -0.0015 0.016
v 0.074434 -0.001758 0.016
v 0.0754 -0.0015 0.016
v 0.076365 -0.001758 0.016
v 0.076399 -0.0015 0.016
v 0.076365 -0.001241 0.016
v 0.076266 -0.002 0.016
v 0.076107 -0.002207 0.016
v 0.0759 -0.002366 0.016
v 0.075658 -0.002465 0.016
v 0.0754 -0.002499 0.016
v 0.074692 -0.002207 0.016
v 0.0749 -0.002366 0.016
v 0.074533 -0.002 0.016
v 0.075141 -0.002465 0.016
v 0.076266 -0.001 0.016
v 0.076107 -0.000792 0.016
v 0.0759 -0.000633 0.016
v 0.075658 -0.000534 0.016
v 0.0754 -0.0005 0.016
v 0.075141 -0.000534 0.016
v 0.0749 -0.000633 0.016
v 0.074692 -0.000792 0.016
v 0.074533 -0.001 0.016
v 0.074434 -0.001241 0.016
v 0.075658 -0.002465 0.016
v 0.075658 -0.002465 0.001
v 0.0759 -0.002366 0.001
v 0.074692 -0.000792 0.016
v 0.074692 -0.000792 0.001
v 0.074533 -0.001 0.001
v 0.075141 -0.000534 0.016
v 0.075141 -0.000534 0.001
v 0.0749 -0.000633 0.001
v 0.0754 -0.0005 0.016
v 0.0754 -0.0005 0.001
v 0.075658 -0.000534 0.016
v 0.075658 -0.000534 0.001
v 0.0759 -0.000633 0.016
v 0.0759 -0.000633 0.001
v 0.076107 -0.000792 0.016
v 0.076107 -0.000792 0.001
v 0.076266 -0.001 0.016
v 0.076266 -0.001 0.001
v 0.076365 -0.001241 0.016
v 0.076365 -0.001241 0.001
v 0.076399 -0.0015 0.016
v 0.076399 -0.0015 0.001
v 0.076365 -0.001758 0.016
v 0.076365 -0.001758 0.001
v 0.076266 -0.002 0.016
v 0.076266 -0.002 0.001
v 0.076107 -0.002207 0.016
v 0.076107 -0.002207 0.001
v 0.0759 -0.002366 0.016
v 0.0754 -0.002499 0.016
v 0.0754 -0.002499 0.001
v 0.075141 -0.002465 0.016
v 0.075141 -0.002465 0.001
v 0.0749 -0.002366 0.016
v 0.0749 -0.002366 0.001
v 0.074692 -0.002207 0.016
v 0.074692 -0.002207 0.001
v 0.074533 -0.002 0.016
v 0.074533 -0.002 0.001
v 0.074434 -0.001758 0.016
v 0.074434 -0.001758 0.001
v 0.0744 -0.0015 0.016
v 0.0744 -0.0015 0.001
v 0.074434 -0.001241 0.016
v 0.0749 -0.000633 0.016
v 0.074434 -0.001241 0.001
v 0.074533 -0.001 0.016
v 0.0819 -0.002366 0.001
v 0.081692 -0.002207 0.001
v 0.0824 -0.0015 0.001
v 0.081434 -0.001758 0.001
v 0.081399 -0.0015 0.001
v 0.081533 -0.002 0.001
v 0.083365 -0.001241 0.001
v 0.0834 -0.0015 0.001
v 0.082141 -0.002465 0.001
v 0.0824 -0.002499 0.001
v 0.082658 -0.002465 0.001
v 0.0829 -0.002366 0.001
v 0.081692 -0.000792 0.001
v 0.0819 -0.000633 0.001
v 0.083107 -0.002207 0.001
v 0.083266 -0.002 0.001
v 0.081434 -0.001241 0.001
v 0.083365 -0.001758 0.001
v 0.083266 -0.001 0.001
v 0.083107 -0.000792 0.001
v 0.0829 -0.000633 0.001
v 0.082658 -0.000534 0.001
v 0.0824 -0.0005 0.001
v 0.082141 -0.000534 0.001
v 0.081533 -0.001 0.001
v 0.0824 -0.0015 0.016
v 0.081434 -0.001758 0.016
v 0.081533 -0.002 0.016
v 0.081399 -0.0015 0.016
v 0.081434 -0.001241 0.016
v 0.081533 -0.001 0.016
v 0.081692 -0.000792 0.016
v 0.0819 -0.000633 0.016
v 0.082141 -0.000534 0.016
v 0.0824 -0.0005 0.016
v 0.082658 -0.000534 0.016
v 0.0829 -0.000633 0.016
v 0.083107 -0.000792 0.016
v 0.083266 -0.001 0.016
v 0.083365 -0.001241 0.016
v 0.0834 -0.0015 0.016
v 0.083365 -0.001758 0.016
v 0.083266 -0.002 0.016
v 0.083107 -0.002207 0.016
v 0.0829 -0.002366 0.016
v 0.082658 -0.002465 0.016
v 0.0824 -0.002499 0.016
v 0.082141 -0.002465 0.016
v 0.0819 -0.002366 0.016
v 0.081692 -0.002207 0.016
v 0.081434 -0.001758 0.016
v 0.081434 -0.001758 0.001
v 0.081533 -0.002 0.001
v 0.081533 -0.002 0.016
v 0.081692 -0.002207 0.001
v 0.081692 -0.002207 0.016
v 0.0819 -0.002366 0.001
v 0.0819 -0.002366 0.016
v 0.082141 -0.002465 0.001
v 0.082141 -0.002465 0.016
v 0.0824 -0.002499 0.001
v 0.0824 -0.002499 0.016
v 0.082658 -0.002465 0.001
v 0.082658 -0.002465 0.016
v 0.0829 -0.002366 0.001
v 0.0829 -0.002366 0.016
v 0.083107 -0.002207 0.001
v 0.083107 -0.002207 0.016
v 0.083266 -0.002 0.001
v 0.083266 -0.002 0.016
v 0.083365 -0.001758 0.001
v 0.083365 -0.001758 0.016
v 0.0834 -0.0015 0.001
v 0.0834 -0.0015 0.016
v 0.083365 -0.001241 0.001
v 0.083365 -0.001241 0.016
v 0.083266 -0.001 0.001
v 0.083266 -0.001 0.016
v 0.083107 -0.000792 0.001
v 0.083107 -0.000792 0.016
v 0.0829 -0.000633 0.001
v 0.0829 -0.000633 0.016
v 0.082658 -0.000534 0.001
v 0.082658 -0.000534 0.016
v 0.0824 -0.0005 0.001
v 0.0824 -0.0005 0.016
v 0.082141 -0.000534 0.001
v 0.082141 -0.000534 0.016
v 0.0819 -0.000633 0.001
v 0.0819 -0.000633 0.016
v 0.081692 -0.000792 0.001
v 0.081692 -0.000792 0.016
v 0.081533 -0.001 0.001
v 0.081533 -0.001 0.016
v 0.081434 -0.001241 0.001
v 0.081434 -0.001241 0.016
v 0.081399 -0.0015 0.001
v 0.081399 -0.0015 0.016
v 0.088399 -0.0015 0.001
v 0.088434 -0.001241 0.001
v 0.0894 -0.0015 0.001
v 0.088434 -0.001758 0.001
v 0.088533 -0.002 0.001
v 0.088692 -0.002207 0.001
v 0.088899 -0.002366 0.001
v 0.089141 -0.002465 0.001
v 0.0894 -0.002499 0.001
v 0.089658 -0.002465 0.001
v 0.0899 -0.002366 0.001
v 0.090107 -0.002207 0.001
v 0.090266 -0.002 0.001
v 0.090365 -0.001758 0.001
v 0.0904 -0.0015 0.001
v 0.090365 -0.001241 0.001
v 0.090266 -0.001 0.001
v 0.090107 -0.000792 0.001
v 0.0899 -0.000633 0.001
v 0.089658 -0.000534 0.001
v 0.0894 -0.0005 0.001
v 0.089141 -0.000534 0.001
v 0.088899 -0.000633 0.001
v 0.088692 -0.000792 0.001
v 0.088533 -0.001 0.001
v 0.088399 -0.0015 0.016
v 0.088434 -0.001758 0.016
v 0.0894 -0.0015 0.016
v 0.088434 -0.001241 0.016
v 0.088533 -0.001 0.016
v 0.088692 -0.000792 0.016
v 0.088899 -0.000633 0.016
v 0.089141 -0.000534 0.016
v 0.0894 -0.0005 0.016
v 0.089658 -0.000534 0.016
v 0.0899 -0.000633 0.016
v 0.090107 -0.000792 0.016
v 0.090266 -0.001 0.016
v 0.090365 -0.001241 0.016
v 0.0904 -0.0015 0.016
v 0.090365 -0.001758 0.016
v 0.090266 -0.002 0.016
v 0.090107 -0.002207 0.016
v 0.0899 -0.002366 0.016
v 0.089658 -0.002465 0.016
v 0.0894 -0.002499 0.016
v 0.089141 -0.002465 0.016
v 0.088899 -0.002366 0.016
v 0.088692 -0.002207 0.016
v 0.088533 -0.002 0.016
v 0.088399 -0.0015 0.016
v 0.088399 -0.0015 0.001
v 0.088434 -0.001758 0.001
v 0.088434 -0.001758 0.016
v 0.088533 -0.002 0.001
v 0.088533 -0.002 0.016
v 0.088692 -0.002207 0.001
v 0.088692 -0.002207 0.016
v 0.088899 -0.002366 0.001
v 0.088899 -0.002366 0.016
v 0.089141 -0.002465 0.001
v 0.089141 -0.002465 0.016
v 0.0894 -0.002499 0.001
v 0.0894 -0.002499 0.016
v 0.089658 -0.002465 0.001
v 0.089658 -0.002465 0.016
v 0.0899 -0.002366 0.001
v 0.0899 -0.002366 0.016
v 0.090107 -0.002207 0.001
v 0.090107 -0.002207 0.016
v 0.090266 -0.002 0.001
v 0.090266 -0.002 0.016
v 0.090365 -0.001758 0.001
v 0.090365 -0.001758 0.016
v 0.0904 -0.0015 0.001
v 0.0904 -0.0015 0.016
v 0.090365 -0.001241 0.001
v 0.090365 -0.001241 0.016
v 0.090266 -0.001 0.001
v 0.090266 -0.001 0.016
v 0.0899 -0.000633 0.001
v 0.0899 -0.000633 0.016
v 0.090107 -0.000792 0.016
v 0.089658 -0.000534 0.001
v 0.089658 -0.000534 0.016
v 0.0894 -0.0005 0.001
v 0.0894 -0.0005 0.016
v 0.089141 -0.000534 0.001
v 0.089141 -0.000534 0.016
v 0.088899 -0.000633 0.001
v 0.088899 -0.000633 0.016
v 0.088692 -0.000792 0.001
v 0.088692 -0.000792 0.016
v 0.088533 -0.001 0.001
v 0.088533 -0.001 0.016
v 0.088434 -0.001241 0.001
v 0.088434 -0.001241 0.016
v 0.090107 -0.000792 0.001
v 0.0339 0.054 0.001
v 0.032934 0.054258 0.001
v 0.033033 0.054499 0.001
v 0.034158 0.054965 0.001
v 0.0344 0.054866 0.001
v 0.0329 0.054 0.001
v 0.032934 0.053741 0.001
v 0.033033 0.0535 0.001
v 0.033192 0.053292 0.001
v 0.033641 0.053034 0.001
v 0.033399 0.053133 0.001
v 0.0339 0.052999 0.001
v 0.034158 0.053034 0.001
v 0.0344 0.053133 0.001
v 0.034607 0.053292 0.001
v 0.034766 0.0535 0.001
v 0.034899 0.054 0.001
v 0.034865 0.053741 0.001
v 0.034865 0.054258 0.001
v 0.034766 0.054499 0.001
v 0.034607 0.054707 0.001
v 0.0339 0.054999 0.001
v 0.033641 0.054965 0.001
v 0.033399 0.054866 0.001
v 0.033192 0.054707 0.001
v 0.034899 0.054 0.016
v 0.034865 0.054258 0.016
v 0.0339 0.054 0.016
v 0.034865 0.053741 0.016
v 0.034766 0.0535 0.016
v 0.034607 0.053292 0.016
v 0.0344 0.053133 0.016
v 0.0339 0.052999 0.016
v 0.034158 0.053034 0.016
v 0.033641 0.053034 0.016
v 0.033399 0.053133 0.016
v 0.033192 0.053292 0.016
v 0.032934 0.053741 0.016
v 0.033033 0.0535 0.016
v 0.0329 0.054 0.016
v 0.032934 0.054258 0.016
v 0.033033 0.054499 0.016
v 0.033192 0.054707 0.016
v 0.033641 0.054965 0.016
v 0.033399 0.054866 0.016
v 0.0339 0.054999 0.016
v 0.034158 0.054965 0.016
v 0.0344 0.054866 0.016
v 0.034607 0.054707 0.016
v 0.034766 0.054499 0.016
v 0.034766 0.0535 0.016
v 0.034766 0.0535 0.001
v 0.034865 0.053741 0.001
v 0.034865 0.054258 0.001
v 0.034865 0.054258 0.016
v 0.034899 0.054 0.016
v 0.034766 0.054499 0.001
v 0.034766 0.054499 0.016
v 0.034607 0.054707 0.001
v 0.034607 0.054707 0.016
v 0.0344 0.054866 0.001
v 0.0344 0.054866 0.016
v 0.034158 0.054965 0.001
v 0.034158 0.054965 0.016
v 0.0339 0.054999 0.001
v 0.0339 0.054999 0.016
v 0.033641 0.054965 0.001
v 0.033641 0.054965 0.016
v 0.033399 0.054866 0.001
v 0.033399 0.054866 0.016
v 0.033192 0.054707 0.001
v 0.033192 0.054707 0.016
v 0.033033 0.054499 0.001
v 0.033033 0.054499 0.016
v 0.032934 0.054258 0.001
v 0.032934 0.054258 0.016
v 0.0329 0.054 0.001
v 0.0329 0.054 0.016
v 0.034899 0.054 0.001
v 0.034865 0.053741 0.016
v 0.034607 0.053292 0.016
v 0.034607 0.053292 0.001
v 0.0344 0.053133 0.016
v 0.0344 0.053133 0.001
v 0.034158 0.053034 0.016
v 0.034158 0.053034 0.001
v 0.0339 0.052999 0.016
v 0.0339 0.052999 0.001
v 0.033641 0.053034 0.016
v 0.033641 0.053034 0.001
v 0.033399 0.053133 0.016
v 0.033399 0.053133 0.001
v 0.033192 0.053292 0.016
v 0.033192 0.053292 0.001
v 0.033033 0.0535 0.016
v 0.033033 0.0535 0.001
v 0.032934 0.053741 0.016
v 0.032934 0.053741 0.001
vn 0 0 -1
vn 0 0 -1
vn 0 0 -1
vn 0 0 -1
vn 0 0 -1
vn 0 0 -1
vn 0 0 -1
vn 0 0 -1
vn 0 0 -1
vn 0 0 -1
vn 0 0 -1
vn 0 0 -1
vn 0 0 -1
vn 0 0 -1
vn 0 0 -1
vn 0 0 -1
vn 0 0 -1
vn 0 0 -1
vn 0 0 -1
vn 0 0 -1
vn 0 0 -1
vn 0 0 -1
vn 0 0 -1
vn 0 0 -1
vn 0 0 -1
vn 0 0 1
vn 0 0 1
vn 0 0 1
vn 0 0 1
vn 0 0 1
vn 0 0 1
vn 0 0 1
vn 0 0 1
vn 0 0 1
vn 0 0 1
vn 0 0 1
vn 0 0 1
vn 0 0 1
vn 0 0 1
vn 0 0 1
vn 0 0 1
vn 0 0 1
vn 0 0 1
vn 0 0 1
vn 0 0 1
vn 0 0 1
vn 0 0 1
vn 0 0 1
vn 0 0 1
vn 0 0 1
vn -0.866025 0.5 0
vn -0.866025 0.5 0
vn -0.965925 0.258819 0
vn -0.707106 0.707106 0
vn -0.707106 0.707106 0
vn -0.5 0.866025 0
vn -0.5 0.866025 0
vn -0.258819 0.965925 0
vn -0.258819 0.965925 0
vn -0 1 0
vn -0 1 0
vn 0.258819 0.965925 0
vn 0.258819 0.965925 0
vn 0.5 0.866025 0
vn 0.5 0.866025 0
vn 0.707106 0.707106 0
vn 0.707106 0.707106 0
vn -0.965925 0.258819 0
vn -1 0 0
vn 0.965925 0.258819 0
vn 0.965925 0.258819 0
vn 0.866025 0.5 0
vn 0.866025 0.5 0
vn 0.965925 -0.258819 0
vn 0.965925 -0.258819 0
vn 1 0 0
vn -1 0 0
vn 0.5 -0.866025 0
vn 0.5 -0.866025 0
vn 0.707106 -0.707106 0
vn 1 0 0
vn 0.866025 -0.5 0
vn 0.866025 -0.5 0
vn 0.707106 -0.707106 0
vn 0.258819 -0.965925 0
vn 0.258819 -0.965925 0
vn 0 -1 0
vn 0 -1 0
vn -0.258819 -0.965925 0
vn -0.258819 -0.965925 0
vn -0.5 -0.866025 0
vn -0.5 -0.866025 0
vn -0.707106 -0.707106 0
vn -0.707106 -0.707106 0
vn -0.866025 -0.5 0
vn -0.866025 -0.5 0
vn -0.965925 -0.258819 0
vn -0.965925 -0.258819 0
vn 0 0 -1
vn 0 0 -1
vn 0 0 -1
vn 0 0 -1
vn 0 0 -1
vn 0 0 -1
vn 0 0 -1
vn 0 0 -1
vn 0 0 -1
vn 0 0 -1
vn 0 0 -1
vn 0 0 -1
vn 0 0 -1
vn 0 0 -1
vn 0 0 -1
vn 0 0 -1
vn 0 0 -1
vn 0 0 -1
vn 0 0 -1
vn 0 0 -1
vn 0 0 -1
vn 0 0 -1
vn 0 0 -1
vn 0 0 -1
vn 0 0 -1
vn 0 0 1
vn 0 0 1
vn 0 0 1
vn 0 0 1
vn 0 0 1
vn 0 0 1
vn 0 0 1
vn 0 0 1
vn 0 0 1
vn 0 0 1
vn 0 0 1
vn 0 0 1
vn 0 0 1
vn 0 0 1
vn 0 0 1
vn 0 0 1
vn 0 0 1
vn 0 0 1
vn 0 0 1
vn 0 0 1
vn 0 0 1
vn 0 0 1
vn 0 0 1
vn 0 0 1
vn 0 0 1
vn -0.965925 -0.258819 0
vn -0.965925 -0.258819 0
vn -1 0 0
vn -0.866025 -0.5 0
vn -0.866025 -0.5 0
vn -0.707106 -0.707106 0
vn -0.707106 -0.707106 0
vn -0.5 -0.866025 0
vn -0.5 -0.866025 0
vn -0.258819 -0.965925 0
vn -0.258819 -0.965925 0
vn 0 -1 0
vn 0 -1 0
vn 0.258819 -0.965925 0
vn 0.258819 -0.965925 0
vn 0.5 -0.866025 0
vn 0.5 -0.866025 0
vn 0.707106 -0.707106 0
vn 0.707106 -0.707106 0
vn 0.866025 -0.5 0
vn 0.866025 -0.5 0
vn -1 0 0
vn -0.965925 0.258819 0
vn -0.965925 0.258819 0
vn -0.866025 0.5 0
vn -0.866025 0.5 0
vn -0.707106 0.707106 0
vn -0.707106 0.707106 0
vn -0.5 0.866025 0
vn -0.5 0.866025 0
vn -0.258819 0.965925 0
vn -0.258819 0.965925 0
vn -0 1 0
vn -0 1 0
vn 0.258819 0.965925 0
vn 0.258819 0.965925 0
vn 0.5 0.866025 0
vn 0.5 0.866025 0
vn 0.707106 0.707106 0
vn 0.707106 0.707106 0
vn 0.866025 0.5 0
vn 0.866025 0.5 0
vn 0.965925 0.258819 0
vn 0.965925 0.258819 0
vn 1 0 0
vn 1 0 0
vn 0.965925 -0.258819 0
vn 0.965925 -0.258819 0
vn 0 0 -1
vn 0 0 -1
vn 0 0 -1
vn 0 0 -1
vn 0 0 -1
vn 0 0 -1
vn 0 0 -1
vn 0 0 -1
vn 0 0 -1
vn 0 0 -1
vn 0 0 -1
vn 0 0 -1
vn 0 0 -1
vn 0 0 -1
vn 0 0 -1
vn 0 0 -1
vn 0 0 -1
vn 0 0 -1
vn 0 0 -1
vn 0 0 -1
vn 0 0 -1
vn 0 0 -1
vn 0 0 -1
vn 0 0 -1
vn 0 0 -1
vn 0 0 1
vn 0 0 1
vn 0 0 1
vn 0 0 1
vn 0 0 1
vn 0 0 1
vn 0 0 1
vn 0 0 1
vn 0 0 1
vn 0 0 1
vn 0 0 1
vn 0 0 1
vn 0 0 1
vn 0 0 1
vn 0 0 1
vn 0 0 1
vn 0 0 1
vn 0 0 1
vn 0 0 1
vn 0 0 1
vn 0 0 1
vn 0 0 1
vn 0 0 1
vn 0 0 1
vn 0 0 1
vn -0 1 0
vn -0 1 0
vn 0.258819 0.965925 0
vn 1 0 0
vn 1 0 0
vn 0.965925 -0.258819 0
vn 0.965925 -0.258819 0
vn 0.866025 -0.5 0
vn 0.866025 -0.5 0
vn 0.707106 -0.707106 0
vn 0.707106 -0.707106 0
vn 0.5 -0.866025 0
vn 0.5 -0.866025 0
vn 0.258819 -0.965925 0
vn 0.258819 -0.965925 0
vn 0 -1 0
vn 0 -1 0
vn -0.258819 -0.965925 0
vn -0.258819 -0.965925 0
vn -0.5 -0.866025 0
vn -0.5 -0.866025 0
vn -0.707106 -0.707106 0
vn -0.707106 -0.707106 0
vn -0.866025 -0.5 0
vn -0.866025 -0.5 0
vn -0.965925 -0.258819 0
vn -0.965925 -0.258819 0
vn -1 0 0
vn 0.965925 0.258819 0
vn -1 0 0
vn -0.965925 0.258819 0
vn -0.965925 0.258819 0
vn -0.866025 0.5 0
vn -0.866025 0.5 0
vn -0.707106 0.707106 0
vn -0.707106 0.707106 0
vn -0.5 0.866025 0
vn -0.5 0.866025 0
vn -0.258819 0.965925 0
vn -0.258819 0.965925 0
vn 0.258819 0.965925 0
vn 0.5 0.866025 0
vn 0.5 0.866025 0
vn 0.707106 0.707106 0
vn 0.707106 0.707106 0
vn 0.866025 0.5 0
vn 0.866025 0.5 0
vn 0.965925 0.258819 0
vn 0 0 -1
vn 0 0 -1
vn 0 0 -1
vn 0 0 -1
vn 0 0 -1
vn 0 0 -1
vn 0 0 -1
vn 0 0 -1
vn 0 0 -1
vn 0 0 -1
vn 0 0 -1
vn 0 0 -1
vn 0 0 -1
vn 0 0 -1
vn 0 0 -1
vn 0 0 -1
vn 0 0 -1
vn 0 0 -1
vn 0 0 -1
vn 0 0 -1
vn 0 0 -1
vn 0 0 -1
vn 0 0 -1
vn 0 0 -1
vn 0 0 -1
vn 0 0 1
vn 0 0 1
vn 0 0 1
vn 0 0 1
vn 0 0 1
vn 0 0 1
vn 0 0 1
vn 0 0 1
vn 0 0 1
vn 0 0 1
vn 0 0 1
vn 0 0 1
vn 0 0 1
vn 0 0 1
vn 0 0 1
vn 0 0 1
vn 0 0 1
vn 0 0 1
vn 0 0 1
vn 0 0 1
vn 0 0 1
vn 0 0 1
vn 0 0 1
vn 0 0 1
vn 0 0 1
vn -0.866025 -0.5 0
vn -0.866025 -0.5 0
vn -0.965925 -0.258819 0
vn -0.965925 -0.258819 0
vn -1 0 0
vn -1 0 0
vn -0.707106 -0.707106 0
vn -0.707106 -0.707106 0
vn -0.5 -0.866025 0
vn -0.5 -0.866025 0
vn -0.258819 -0.965925 0
vn -0.258819 -0.965925 0
vn 0 -1 0
vn 0 -1 0
vn 0.258819 -0.965925 0
vn 0.258819 -0.965925 0
vn 0.5 -0.866025 0
vn 0.5 -0.866025 0
vn 0.707106 -0.707106 0
vn 0.707106 -0.707106 0
vn 0.866025 -0.5 0
vn 0.866025 -0.5 0
vn 0.965925 -0.258819 0
vn 0.965925 -0.258819 0
vn 1 0 0
vn 1 0 0
vn 0.965925 0.258819 0
vn 0.965925 0.258819 0
vn 0.866025 0.5 0
vn 0.866025 0.5 0
vn 0.707106 0.707106 0
vn 0.5 0.866025 0
vn 0.5 0.866025 0
vn 0.258819 0.965925 0
vn 0.258819 0.965925 0
vn -0 1 0
vn -0 1 0
vn -0.258819 0.965925 0
vn -0.258819 0.965925 0
vn -0.5 0.866025 0
vn -0.5 0.866025 0
vn -0.707106 0.707106 0
vn -0.707106 0.707106 0
vn -0.866025 0.5 0
vn -0.965925 0.258819 0
vn -0.965925 0.258819 0
vn -0.866025 0.5 0
vn 0.707106 0.707106 0
vn 0 0 -1
vn 0 0 -1
vn 0 0 -1
vn 0 0 -1
vn 0 0 -1
vn 0 0 -1
vn 0 0 -1
vn 0 0 -1
vn 0 0 -1
vn 0 0 -1
vn 0 0 -1
vn 0 0 -1
vn 0 0 -1
vn 0 0 -1
vn 0 0 -1
vn 0 0 -1
vn 0 0 -1
vn 0 0 -1
vn 0 0 -1
vn 0 0 -1
vn 0 0 -1
vn 0 0 -1
vn 0 0 -1
vn 0 0 -1
vn 0 0 -1
vn 0 0 1
vn 0 0 1
vn 0 0 1
vn 0 0 1
vn 0 0 1
vn 0 0 1
vn 0 0 1
vn 0 0 1
vn 0 0 1
vn 0 0 1
vn 0 0 1
vn 0 0 1
vn 0 0 1
vn 0 0 1
vn 0 0 1
vn 0 0 1
vn 0 0 1
vn 0 0 1
vn 0 0 1
vn 0 0 1
vn 0 0 1
vn 0 0 1
vn 0 0 1
vn 0 0 1
vn 0 0 1
vn 1 0 0
vn 1 0 0
vn 0.965925 -0.258819 0
vn 0.965925 0.258819 0
vn 0.965925 0.258819 0
vn 0.866025 0.5 0
vn 0.866025 0.5 0
vn -0.965925 -0.258819 0
vn -0.965925 -0.258819 0
vn -0.866025 -0.5 0
vn 0.5 0.866025 0
vn 0.5 0.866025 0
vn 0.707106 0.707106 0
vn 0.258819 0.965925 0
vn 0.258819 0.965925 0
vn -0 1 0
vn -0 1 0
vn -0.258819 0.965925 0
vn -0.258819 0.965925 0
vn -0.5 0.866025 0
vn -0.5 0.866025 0
vn -0.707106 0.707106 0
vn -0.707106 0.707106 0
vn -0.866025 0.5 0
vn -0.866025 0.5 0
vn -0.965925 0.258819 0
vn -0.965925 0.258819 0
vn -1 0 0
vn -1 0 0
vn 0.707106 0.707106 0
vn 0.965925 -0.258819 0
vn 0.866025 -0.5 0
vn 0.866025 -0.5 0
vn 0.707106 -0.707106 0
vn 0.707106 -0.707106 0
vn 0.5 -0.866025 0
vn 0.5 -0.866025 0
vn 0.258819 -0.965925 0
vn 0.258819 -0.965925 0
vn 0 -1 0
vn 0 -1 0
vn -0.258819 -0.965925 0
vn -0.258819 -0.965925 0
vn -0.5 -0.866025 0
vn -0.5 -0.866025 0
vn -0.707106 -0.707106 0
vn -0.707106 -0.707106 0
vn -0.866025 -0.5 0
vn 0 0 -1
vn 0 0 -1
vn 0 0 -1
vn 0 0 -1
vn 0 0 -1
vn 0 0 -1
vn 0 0 -1
vn 0 0 -1
vn 0 0 -1
vn 0 0 -1
vn 0 0 -1
vn 0 0 -1
vn 0 0 -1
vn 0 0 -1
vn 0 0 -1
vn 0 0 -1
vn 0 0 -1
vn 0 0 -1
vn 0 0 -1
vn 0 0 -1
vn 0 0 -1
vn 0 0 -1
vn 0 0 -1
vn 0 0 -1
vn 0 0 -1
vn 0 0 1
vn 0 0 1
vn 0 0 1
vn 0 0 1
vn 0 0 1
vn 0 0 1
vn 0 0 1
vn 0 0 1
vn 0 0 1
vn 0 0 1
vn 0 0 1
vn 0 0 1
vn 0 0 1
vn 0 0 1
vn 0 0 1
vn 0 0 1
vn 0 0 1
vn 0 0 1
vn 0 0 1
vn 0 0 1
vn 0 0 1
vn 0 0 1
vn 0 0 1
vn 0 0 1
vn 0 0 1
vn -0.965925 -0.258819 0
vn -0.965925 -0.258819 0
vn -0.866025 -0.5 0
vn -1 0 0
vn -1 0 0
vn -0.866025 -0.5 0
vn -0.707106 -0.707106 0
vn -0.707106 -0.707106 0
vn -0.5 -0.866025 0
vn -0.5 -0.866025 0
vn -0.258819 -0.965925 0
vn -0.258819 -0.965925 0
vn 0 -1 0
vn 0 -1 0
vn 0.258819 -0.965925 0
vn 0.258819 -0.965925 0
vn 0.5 -0.866025 0
vn 0.5 -0.866025 0
vn 0.707106 -0.707106 0
vn 0.707106 -0.707106 0
vn 0.866025 -0.5 0
vn 0.866025 -0.5 0
vn 0.965925 -0.258819 0
vn 0.965925 -0.258819 0
vn 1 0 0
vn 1 0 0
vn 0.965925 0.258819 0
vn 0.965925 0.258819 0
vn 0.866025 0.5 0
vn 0.866025 0.5 0
vn 0.707106 0.707106 0
vn 0.707106 0.707106 0
vn 0.5 0.866025 0
vn 0.5 0.866025 0
vn 0.258819 0.965925 0
vn 0.258819 0.965925 0
vn -0 1 0
vn -0 1 0
vn -0.258819 0.965925 0
vn -0.258819 0.965925 0
vn -0.5 0.866025 0
vn -0.5 0.866025 0
vn -0.707106 0.707106 0
vn -0.707106 0.707106 0
vn -0.866025 0.5 0
vn -0.866025 0.5 0
vn -0.965925 0.258819 0
vn -0.965925 0.258819 0
vn 0 0 -1
vn 0 0 -1
vn 0 0 -1
vn 0 0 -1
vn 0 0 -1
vn 0 0 -1
vn 0 0 -1
vn 0 0 -1
vn 0 0 -1
vn 0 0 -1
vn 0 0 -1
vn 0 0 -1
vn 0 0 -1
vn 0 0 -1
vn 0 0 -1
vn 0 0 -1
vn 0 0 -1
vn 0 0 -1
vn 0 0 -1
vn 0 0 -1
vn 0 0 -1
vn 0 0 -1
vn 0 0 -1
vn 0 0 -1
vn 0 0 -1
vn 0 0 1
vn 0 0 1
vn 0 0 1
vn 0 0 1
vn 0 0 1
vn 0 0 1
vn 0 0 1
vn 0 0 1
vn 0 0 1
vn 0 0 1
vn 0 0 1
vn 0 0 1
vn 0 0 1
vn 0 0 1
vn 0 0 1
vn 0 0 1
vn 0 0 1
vn 0 0 1
vn 0 0 1
vn 0 0 1
vn 0 0 1
vn 0 0 1
vn 0 0 1
vn 0 0 1
vn 0 0 1
vn 0.965925 0.258819 0
vn 0.965925 0.258819 0
vn 1 0 0
vn 1 0 0
vn 0.965925 -0.258819 0
vn 0.965925 -0.258819 0
vn 0.866025 -0.5 0
vn 0.866025 -0.5 0
vn 0.707106 -0.707106 0
vn 0.707106 -0.707106 0
vn 0.5 -0.866025 0
vn 0.5 -0.866025 0
vn 0.258819 -0.965925 0
vn 0.258819 -0.965925 0
vn 0 -1 0
vn 0 -1 0
vn -0.258819 -0.965925 0
vn -0.258819 -0.965925 0
vn -0.5 -0.866025 0
vn -0.5 -0.866025 0
vn -0.707106 -0.707106 0
vn -0.707106 -0.707106 0
vn -0.866025 -0.5 0
vn -0.965925 -0.258819 0
vn -0.965925 -0.258819 0
vn -1 0 0
vn -0.866025 0.5 0
vn -0.866025 0.5 0
vn -0.707106 0.707106 0
vn -0.866025 -0.5 0
vn -1 0 0
vn -0.965925 0.258819 0
vn -0.965925 0.258819 0
vn -0.707106 0.707106 0
vn -0.5 0.866025 0
vn -0.5 0.866025 0
vn -0.258819 0.965925 0
vn -0.258819 0.965925 0
vn -0 1 0
vn -0 1 0
vn 0.258819 0.965925 0
vn 0.258819 0.965925 0
vn 0.5 0.866025 0
vn 0.5 0.866025 0
vn 0.707106 0.707106 0
vn 0.707106 0.707106 0
vn 0.866025 0.5 0
vn 0.866025 0.5 0
vn 0 0 -1
vn 0 0 -1
vn 0 0 -1
vn 0 0 -1
vn 0 0 -1
vn 0 0 -1
vn 0 0 -1
vn 0 0 -1
vn 0 0 -1
vn 0 0 -1
vn 0 0 -1
vn 0 0 -1
vn 0 0 -1
vn 0 0 -1
vn 0 0 -1
vn 0 0 -1
vn 0 0 -1
vn 0 0 -1
vn 0 0 -1
vn 0 0 -1
vn 0 0 -1
vn 0 0 -1
vn 0 0 -1
vn 0 0 -1
vn 0 0 -1
vn 0 0 1
vn 0 0 1
vn 0 0 1
vn 0 0 1
vn 0 0 1
vn 0 0 1
vn 0 0 1
vn 0 0 1
vn 0 0 1
vn 0 0 1
vn 0 0 1
vn 0 0 1
vn 0 0 1
vn 0 0 1
vn 0 0 1
vn 0 0 1
vn 0 0 1
vn 0 0 1
vn 0 0 1
vn 0 0 1
vn 0 0 1
vn 0 0 1
vn 0 0 1
vn 0 0 1
vn 0 0 1
vn 0 -1 0
vn 0 -1 0
vn 0.258819 -0.965925 0
vn -1 0 0
vn -1 0 0
vn -0.965925 0.258819 0
vn -0.965925 0.258819 0
vn -0.866025 0.5 0
vn -0.866025 0.5 0
vn -0.707106 0.707106 0
vn -0.707106 0.707106 0
vn -0.5 0.866025 0
vn -0.5 0.866025 0
vn -0.258819 0.965925 0
vn -0.258819 0.965925 0
vn -0 1 0
vn -0 1 0
vn 0.258819 0.965925 0
vn 0.258819 0.965925 0
vn 0.5 0.866025 0
vn 0.5 0.866025 0
vn 0.707106 0.707106 0
vn 0.707106 0.707106 0
vn 0.866025 0.5 0
vn 0.866025 0.5 0
vn 0.965925 0.258819 0
vn 0.965925 0.258819 0
vn 1 0 0
vn 0.965925 -0.258819 0
vn 0.965925 -0.258819 0
vn 0.866025 -0.5 0
vn 0.866025 -0.5 0
vn 0.707106 -0.707106 0
vn 0.707106 -0.707106 0
vn 0.5 -0.866025 0
vn 0.5 -0.866025 0
vn 0.258819 -0.965925 0
vn -0.258819 -0.965925 0
vn -0.258819 -0.965925 0
vn -0.5 -0.866025 0
vn -0.5 -0.866025 0
vn -0.707106 -0.707106 0
vn -0.707106 -0.707106 0
vn -0.866025 -0.5 0
vn -0.866025 -0.5 0
vn -0.965925 -0.258819 0
vn -0.965925 -0.258819 0
vn 1 0 0
vn 0 0 -1
vn 0 0 -1
vn 0 0 -1
vn 0 0 -1
vn 0 0 -1
vn 0 0 -1
vn 0 0 -1
vn 0 0 -1
vn 0 0 -1
vn 0 0 -1
vn 0 0 -1
vn 0 0 -1
vn 0 0 -1
vn 0 0 -1
vn 0 0 -1
vn 0 0 -1
vn 0 0 -1
vn 0 0 -1
vn 0 0 -1
vn 0 0 -1
vn 0 0 -1
vn 0 0 -1
vn 0 0 -1
vn 0 0 -1
vn 0 0 -1
vn 0 0 1
vn 0 0 1
vn 0 0 1
vn 0 0 1
vn 0 0 1
vn 0 0 1
vn 0 0 1
vn 0 0 1
vn 0 0 1
vn 0 0 1
vn 0 0 1
vn 0 0 1
vn 0 0 1
vn 0 0 1
vn 0 0 1
vn 0 0 1
vn 0 0 1
vn 0 0 1
vn 0 0 1
vn 0 0 1
vn 0 0 1
vn 0 0 1
vn 0 0 1
vn 0 0 1
vn 0 0 1
vn -0.866025 -0.5 0
vn -0.866025 -0.5 0
vn -0.965925 -0.258819 0
vn -0.707106 -0.707106 0
vn -0.707106 -0.707106 0
vn -0.5 -0.866025 0
vn -0.5 -0.866025 0
vn -0.258819 -0.965925 0
vn -0.258819 -0.965925 0
vn 0 -1 0
vn 0 -1 0
vn 0.258819 -0.965925 0
vn 0.258819 -0.965925 0
vn 0.5 -0.866025 0
vn 0.5 -0.866025 0
vn 0.707106 -0.707106 0
vn 0.707106 -0.707106 0
vn 0.866025 -0.5 0
vn 0.866025 -0.5 0
vn 0.965925 -0.258819 0
vn 0.965925 -0.258819 0
vn 1 0 0
vn 1 0 0
vn 0.965925 0.258819 0
vn 0.965925 0.258819 0
vn 0.866025 0.5 0
vn 0.866025 0.5 0
vn 0.707106 0.707106 0
vn 0.707106 0.707106 0
vn 0.5 0.866025 0
vn 0.5 0.866025 0
vn 0.258819 0.965925 0
vn 0.258819 0.965925 0
vn -0 1 0
vn -0 1 0
vn -0.965925 -0.258819 0
vn -1 0 0
vn -0.258819 0.965925 0
vn -0.258819 0.965925 0
vn -0.5 0.866025 0
vn -0.5 0.866025 0
vn -0.707106 0.707106 0
vn -0.707106 0.707106 0
vn -0.866025 0.5 0
vn -0.866025 0.5 0
vn -0.965925 0.258819 0
vn -0.965925 0.258819 0
vn -1 0 0
vn 0 0 -1
vn 0 0 -1
vn 0 0 -1
vn 0 0 -1
vn 0 0 -1
vn 0 0 -1
vn 0 0 -1
vn 0 0 -1
vn 0 0 -1
vn 0 0 -1
vn 0 0 -1
vn 0 0 -1
vn 0 0 -1
vn 0 0 -1
vn 0 0 -1
vn 0 0 -1
vn 0 0 -1
vn 0 0 -1
vn 0 0 -1
vn 0 0 -1
vn 0 0 -1
vn 0 0 -1
vn 0 0 -1
vn 0 0 -1
vn 0 0 -1
vn 0 0 1
vn 0 0 1
vn 0 0 1
vn 0 0 1
vn 0 0 1
vn 0 0 1
vn 0 0 1
vn 0 0 1
vn 0 0 1
vn 0 0 1
vn 0 0 1
vn 0 0 1
vn 0 0 1
vn 0 0 1
vn 0 0 1
vn 0 0 1
vn 0 0 1
vn 0 0 1
vn 0 0 1
vn 0 0 1
vn 0 0 1
vn 0 0 1
vn 0 0 1
vn 0 0 1
vn 0 0 1
vn -0.965925 -0.258819 0
vn -0.965925 -0.258819 0
vn -1 0 0
vn -0.866025 -0.5 0
vn -0.866025 -0.5 0
vn -0.707106 -0.707106 0
vn -0.707106 -0.707106 0
vn -0.5 -0.866025 0
vn -0.5 -0.866025 0
vn -0.258819 -0.965925 0
vn -0.258819 -0.965925 0
vn 0 -1 0
vn 0 -1 0
vn 0.258819 -0.965925 0
vn 0.258819 -0.965925 0
vn 0.5 -0.866025 0
vn 0.5 -0.866025 0
vn 0.707106 -0.707106 0
vn 0.707106 -0.707106 0
vn 0.866025 -0.5 0
vn 0.866025 -0.5 0
vn 1 0 0
vn 1 0 0
vn 0.965925 -0.258819 0
vn 0.965925 0.258819 0
vn 0.965925 0.258819 0
vn 0.866025 0.5 0
vn 0.866025 0.5 0
vn 0.707106 0.707106 0
vn 0.707106 0.707106 0
vn 0.5 0.866025 0
vn 0.5 0.866025 0
vn 0.258819 0.965925 0
vn 0.258819 0.965925 0
vn -0 1 0
vn -0 1 0
vn -0.258819 0.965925 0
vn -0.258819 0.965925 0
vn -0.5 0.866025 0
vn -0.5 0.866025 0
vn -0.707106 0.707106 0
vn -0.707106 0.707106 0
vn -0.866025 0.5 0
vn -0.866025 0.5 0
vn -0.965925 0.258819 0
vn -0.965925 0.258819 0
vn -1 0 0
vn 0.965925 -0.258819 0
vn 0 0 -1
vn 0 0 -1
vn 0 0 -1
vn 0 0 -1
vn 0 0 -1
vn 0 0 -1
vn 0 0 -1
vn 0 0 -1
vn 0 0 -1
vn 0 0 -1
vn 0 0 -1
vn 0 0 -1
vn 0 0 -1
vn 0 0 -1
vn 0 0 -1
vn 0 0 -1
vn 0 0 -1
vn 0 0 -1
vn 0 0 -1
vn 0 0 -1
vn 0 0 -1
vn 0 0 -1
vn 0 0 -1
vn 0 0 -1
vn 0 0 -1
vn 0 0 1
vn 0 0 1
vn 0 0 1
vn 0 0 1
vn 0 0 1
vn 0 0 1
vn 0 0 1
vn 0 0 1
vn 0 0 1
vn 0 0 1
vn 0 0 1
vn 0 0 1
vn 0 0 1
vn 0 0 1
vn 0 0 1
vn 0 0 1
vn 0 0 1
vn 0 0 1
vn 0 0 1
vn 0 0 1
vn 0 0 1
vn 0 0 1
vn 0 0 1
vn 0 0 1
vn 0 0 1
vn -0.866025 0.5 0
vn -0.866025 0.5 0
vn -0.965925 0.258819 0
vn -0.707106 0.707106 0
vn -0.707106 0.707106 0
vn -0.5 0.866025 0
vn -0.5 0.866025 0
vn -0.258819 0.965925 0
vn -0.965925 0.258819 0
vn -0.258819 0.965925 0
vn -0 1 0
vn 0.258819 0.965925 0
vn 0.258819 0.965925 0
vn 0.5 0.866025 0
vn 0.5 0.866025 0
vn 0.707106 0.707106 0
vn 0.707106 0.707106 0
vn 0.866025 0.5 0
vn 0.866025 0.5 0
vn 0.965925 0.258819 0
vn 0.965925 0.258819 0
vn 1 0 0
vn 1 0 0
vn 0.965925 -0.258819 0
vn 0.965925 -0.258819 0
vn 0.866025 -0.5 0
vn 0.866025 -0.5 0
vn 0.707106 -0.707106 0
vn 0.707106 -0.707106 0
vn 0.5 -0.866025 0
vn 0.5 -0.866025 0
vn 0.258819 -0.965925 0
vn -1 0 0
vn 0 -1 0
vn 0 -1 0
vn -0.258819 -0.965925 0
vn -0.258819 -0.965925 0
vn -0.5 -0.866025 0
vn -0.5 -0.866025 0
vn -0.707106 -0.707106 0
vn -0.707106 -0.707106 0
vn -0.866025 -0.5 0
vn -0.866025 -0.5 0
vn -0.965925 -0.258819 0
vn 0.258819 -0.965925 0
vn -1 0 0
vn -0 1 0
vn -0.965925 -0.258819 0
vn 0 0 -1
vn 0 0 -1
vn 0 0 -1
vn 0 0 -1
vn 0 0 -1
vn 0 0 -1
vn 0 0 -1
vn 0 0 -1
vn 0 0 -1
vn 0 0 -1
vn 0 0 -1
vn 0 0 -1
vn 0 0 -1
vn 0 0 -1
vn 0 0 -1
vn 0 0 -1
vn 0 0 -1
vn 0 0 -1
vn 0 0 -1
vn 0 0 -1
vn 0 0 -1
vn 0 0 -1
vn 0 0 -1
vn 0 0 -1
vn 0 0 -1
vn 0 0 1
vn 0 0 1
vn 0 0 1
vn 0 0 1
vn 0 0 1
vn 0 0 1
vn 0 0 1
vn 0 0 1
vn 0 0 1
vn 0 0 1
vn 0 0 1
vn 0 0 1
vn 0 0 1
vn 0 0 1
vn 0 0 1
vn 0 0 1
vn 0 0 1
vn 0 0 1
vn 0 0 1
vn 0 0 1
vn 0 0 1
vn 0 0 1
vn 0 0 1
vn 0 0 1
vn 0 0 1
vn -1 0 0
vn -1 0 0
vn -0.965925 -0.258819 0
vn -0.965925 -0.258819 0
vn -0.866025 -0.5 0
vn -0.866025 -0.5 0
vn -0.707106 -0.707106 0
vn -0.707106 -0.707106 0
vn -0.5 -0.866025 0
vn -0.5 -0.866025 0
vn -0.258819 -0.965925 0
vn -0.258819 -0.965925 0
vn 0 -1 0
vn 0 -1 0
vn 0.258819 -0.965925 0
vn 0.258819 -0.965925 0
vn 0.5 -0.866025 0
vn 0.5 -0.866025 0
vn 0.707106 -0.707106 0
vn 0.707106 -0.707106 0
vn 0.866025 -0.5 0
vn 0.866025 -0.5 0
vn 0.965925 -0.258819 0
vn 0.965925 -0.258819 0
vn 0.707106 0.707106 0
vn 0.707106 0.707106 0
vn 0.5 0.866025 0
vn 0.965925 0.258819 0
vn 0.965925 0.258819 0
vn 1 0 0
vn 0.866025 0.5 0
vn 0.866025 0.5 0
vn 0.258819 0.965925 0
vn 0.258819 0.965925 0
vn -0 1 0
vn 0.5 0.866025 0
vn -0 1 0
vn -0.258819 0.965925 0
vn -0.258819 0.965925 0
vn -0.5 0.866025 0
vn -0.5 0.866025 0
vn -0.707106 0.707106 0
vn -0.707106 0.707106 0
vn -0.866025 0.5 0
vn -0.866025 0.5 0
vn -0.965925 0.258819 0
vn -0.965925 0.258819 0
vn 1 0 0
vn 0 0 -1
vn 0 0 -1
vn 0 0 -1
vn 0 0 -1
vn 0 0 -1
vn 0 0 -1
vn 0 0 -1
vn 0 0 -1
vn 0 0 -1
vn 0 0 -1
vn 0 0 -1
vn 0 0 -1
vn 0 0 -1
vn 0 0 -1
vn 0 0 -1
vn 0 0 -1
vn 0 0 -1
vn 0 0 -1
vn 0 0 -1
vn 0 0 -1
vn 0 0 -1
vn 0 0 -1
vn 0 0 -1
vn 0 0 -1
vn 0 0 -1
vn 0 0 1
vn 0 0 1
vn 0 0 1
vn 0 0 1
vn 0 0 1
vn 0 0 1
vn 0 0 1
vn 0 0 1
vn 0 0 1
vn 0 0 1
vn 0 0 1
vn 0 0 1
vn 0 0 1
vn 0 0 1
vn 0 0 1
vn 0 0 1
vn 0 0 1
vn 0 0 1
vn 0 0 1
vn 0 0 1
vn 0 0 1
vn 0 0 1
vn 0 0 1
vn 0 0 1
vn 0 0 1
vn 0.258819 -0.965925 0
vn 0.258819 -0.965925 0
vn 0.5 -0.866025 0
vn -0.707106 0.707106 0
vn -0.707106 0.707106 0
vn -0.866025 0.5 0
vn -0.258819 0.965925 0
vn -0.258819 0.965925 0
vn -0.5 0.866025 0
vn -0 1 0
vn -0 1 0
vn 0.258819 0.965925 0
vn 0.258819 0.965925 0
vn 0.5 0.866025 0
vn 0.5 0.866025 0
vn 0.707106 0.707106 0
vn 0.707106 0.707106 0
vn 0.866025 0.5 0
vn 0.866025 0.5 0
vn 0.965925 0.258819 0
vn 0.965925 0.258819 0
vn 1 0 0
vn 1 0 0
vn 0.965925 -0.258819 0
vn 0.965925 -0.258819 0
vn 0.866025 -0.5 0
vn 0.866025 -0.5 0
vn 0.707106 -0.707106 0
vn 0.707106 -0.707106 0
vn 0.5 -0.866025 0
vn 0 -1 0
vn 0 -1 0
vn -0.258819 -0.965925 0
vn -0.258819 -0.965925 0
vn -0.5 -0.866025 0
vn -0.5 -0.866025 0
vn -0.707106 -0.707106 0
vn -0.707106 -0.707106 0
vn -0.866025 -0.5 0
vn -0.866025 -0.5 0
vn -0.965925 -0.258819 0
vn -0.965925 -0.258819 0
vn -1 0 0
vn -1 0 0
vn -0.965925 0.258819 0
vn -0.5 0.866025 0
vn -0.965925 0.258819 0
vn -0.866025 0.5 0
vn 0 0 -1
vn 0 0 -1
vn 0 0 -1
vn 0 0 -1
vn 0 0 -1
vn 0 0 -1
vn 0 0 -1
vn 0 0 -1
vn 0 0 -1
vn 0 0 -1
vn 0 0 -1
vn 0 0 -1
vn 0 0 -1
vn 0 0 -1
vn 0 0 -1
vn 0 0 -1
vn 0 0 -1
vn 0 0 -1
vn 0 0 -1
vn 0 0 -1
vn 0 0 -1
vn 0 0 -1
vn 0 0 -1
vn 0 0 -1
vn 0 0 -1
vn 0 0 1
vn 0 0 1
vn 0 0 1
vn 0 0 1
vn 0 0 1
vn 0 0 1
vn 0 0 1
vn 0 0 1
vn 0 0 1
vn 0 0 1
vn 0 0 1
vn 0 0 1
vn 0 0 1
vn 0 0 1
vn 0 0 1
vn 0 0 1
vn 0 0 1
vn 0 0 1
vn 0 0 1
vn 0 0 1
vn 0 0 1
vn 0 0 1
vn 0 0 1
vn 0 0 1
vn 0 0 1
vn -0.965925 -0.258819 0
vn -0.965925 -0.258819 0
vn -0.866025 -0.5 0
vn -0.866025 -0.5 0
vn -0.707106 -0.707106 0
vn -0.707106 -0.707106 0
vn -0.5 -0.866025 0
vn -0.5 -0.866025 0
vn -0.258819 -0.965925 0
vn -0.258819 -0.965925 0
vn 0 -1 0
vn 0 -1 0
vn 0.258819 -0.965925 0
vn 0.258819 -0.965925 0
vn 0.5 -0.866025 0
vn 0.5 -0.866025 0
vn 0.707106 -0.707106 0
vn 0.707106 -0.707106 0
vn 0.866025 -0.5 0
vn 0.866025 -0.5 0
vn 0.965925 -0.258819 0
vn 0.965925 -0.258819 0
vn 1 0 0
vn 1 0 0
vn 0.965925 0.258819 0
vn 0.965925 0.258819 0
vn 0.866025 0.5 0
vn 0.866025 0.5 0
vn 0.707106 0.707106 0
vn 0.707106 0.707106 0
vn 0.5 0.866025 0
vn 0.5 0.866025 0
vn 0.258819 0.965925 0
vn 0.258819 0.965925 0
vn -0 1 0
vn -0 1 0
vn -0.258819 0.965925 0
vn -0.258819 0.965925 0
vn -0.5 0.866025 0
vn -0.5 0.866025 0
vn -0.707106 0.707106 0
vn -0.707106 0.707106 0
vn -0.866025 0.5 0
vn -0.866025 0.5 0
vn -0.965925 0.258819 0
vn -0.965925 0.258819 0
vn -1 0 0
vn -1 0 0
vn 0 0 -1
vn 0 0 -1
vn 0 0 -1
vn 0 0 -1
vn 0 0 -1
vn 0 0 -1
vn 0 0 -1
vn 0 0 -1
vn 0 0 -1
vn 0 0 -1
vn 0 0 -1
vn 0 0 -1
vn 0 0 -1
vn 0 0 -1
vn 0 0 -1
vn 0 0 -1
vn 0 0 -1
vn 0 0 -1
vn 0 0 -1
vn 0 0 -1
vn 0 0 -1
vn 0 0 -1
vn 0 0 -1
vn 0 0 -1
vn 0 0 -1
vn 0 0 1
vn 0 0 1
vn 0 0 1
vn 0 0 1
vn 0 0 1
vn 0 0 1
vn 0 0 1
vn 0 0 1
vn 0 0 1
vn 0 0 1
vn 0 0 1
vn 0 0 1
vn 0 0 1
vn 0 0 1
vn 0 0 1
vn 0 0 1
vn 0 0 1
vn 0 0 1
vn 0 0 1
vn 0 0 1
vn 0 0 1
vn 0 0 1
vn 0 0 1
vn 0 0 1
vn 0 0 1
vn -1 0 0
vn -1 0 0
vn -0.965925 -0.258819 0
vn -0.965925 -0.258819 0
vn -0.866025 -0.5 0
vn -0.866025 -0.5 0
vn -0.707106 -0.707106 0
vn -0.707106 -0.707106 0
vn -0.5 -0.866025 0
vn -0.5 -0.866025 0
vn -0.258819 -0.965925 0
vn -0.258819 -0.965925 0
vn 0 -1 0
vn 0 -1 0
vn 0.258819 -0.965925 0
vn 0.258819 -0.965925 0
vn 0.5 -0.866025 0
vn 0.5 -0.866025 0
vn 0.707106 -0.707106 0
vn 0.707106 -0.707106 0
vn 0.866025 -0.5 0
vn 0.866025 -0.5 0
vn 0.965925 -0.258819 0
vn 0.965925 -0.258819 0
vn 1 0 0
vn 1 0 0
vn 0.965925 0.258819 0
vn 0.965925 0.258819 0
vn 0.866025 0.5 0
vn 0.866025 0.5 0
vn 0.5 0.866025 0
vn 0.5 0.866025 0
vn 0.707106 0.707106 0
vn 0.258819 0.965925 0
vn 0.258819 0.965925 0
vn -0 1 0
vn -0 1 0
vn -0.258819 0.965925 0
vn -0.258819 0.965925 0
vn -0.5 0.866025 0
vn -0.5 0.866025 0
vn -0.707106 0.707106 0
vn -0.707106 0.707106 0
vn -0.866025 0.5 0
vn -0.866025 0.5 0
vn -0.965925 0.258819 0
vn -0.965925 0.258819 0
vn 0.707106 0.707106 0
vn 0 0 -1
vn 0 0 -1
vn 0 0 -1
vn 0 0 -1
vn 0 0 -1
vn 0 0 -1
vn 0 0 -1
vn 0 0 -1
vn 0 0 -1
vn 0 0 -1
vn 0 0 -1
vn 0 0 -1
vn 0 0 -1
vn 0 0 -1
vn 0 0 -1
vn 0 0 -1
vn 0 0 -1
vn 0 0 -1
vn 0 0 -1
vn 0 0 -1
vn 0 0 -1
vn 0 0 -1
vn 0 0 -1
vn 0 0 -1
vn 0 0 -1
vn 0 0 1
vn 0 0 1
vn 0 0 1
vn 0 0 1
vn 0 0 1
vn 0 0 1
vn 0 0 1
vn 0 0 1
vn 0 0 1
vn 0 0 1
vn 0 0 1
vn 0 0 1
vn 0 0 1
vn 0 0 1
vn 0 0 1
vn 0 0 1
vn 0 0 1
vn 0 0 1
vn 0 0 1
vn 0 0 1
vn 0 0 1
vn 0 0 1
vn 0 0 1
vn 0 0 1
vn 0 0 1
vn 0.866025 -0.5 0
vn 0.866025 -0.5 0
vn 0.965925 -0.258819 0
vn 0.965925 0.258819 0
vn 0.965925 0.258819 0
vn 1 0 0
vn 0.866025 0.5 0
vn 0.866025 0.5 0
vn 0.707106 0.707106 0
vn 0.707106 0.707106 0
vn 0.5 0.866025 0
vn 0.5 0.866025 0
vn 0.258819 0.965925 0
vn 0.258819 0.965925 0
vn -0 1 0
vn -0 1 0
vn -0.258819 0.965925 0
vn -0.258819 0.965925 0
vn -0.5 0.866025 0
vn -0.5 0.866025 0
vn -0.707106 0.707106 0
vn -0.707106 0.707106 0
vn -0.866025 0.5 0
vn -0.866025 0.5 0
vn -0.965925 0.258819 0
vn -0.965925 0.258819 0
vn -1 0 0
vn -1 0 0
vn 1 0 0
vn 0.965925 -0.258819 0
vn 0.707106 -0.707106 0
vn 0.707106 -0.707106 0
vn 0.5 -0.866025 0
vn 0.5 -0.866025 0
vn 0.258819 -0.965925 0
vn 0.258819 -0.965925 0
vn 0 -1 0
vn 0 -1 0
vn -0.258819 -0.965925 0
vn -0.258819 -0.965925 0
vn -0.5 -0.866025 0
vn -0.5 -0.866025 0
vn -0.707106 -0.707106 0
vn -0.707106 -0.707106 0
vn -0.866025 -0.5 0
vn -0.866025 -0.5 0
vn -0.965925 -0.258819 0
vn -0.965925 -0.258819 0
usemtl App5
f 1942//1942 1943//1943 1944//1944
f 1945//1945 1946//1946 1944//1944
f 1947//1947 1945//1945 1944//1944
f 1944//1944 1948//1948 1947//1947
f 1949//1949 1950//1950 1944//1944
f 1951//1951 1952//1952 1944//1944
f 1953//1953 1951//1951 1944//1944
f 1954//1954 1953//1953 1944//1944
f 1955//1955 1954//1954 1944//1944
f 1956//1956 1955//1955 1944//1944
f 1957//1957 1956//1956 1944//1944
f 1958//1958 1957//1957 1944//1944
f 1952//1952 1948//1948 1944//1944
f 1959//1959 1958//1958 1944//1944
f 1960//1960 1959//1959 1944//1944
f 1950//1950 1960//1960 1944//1944
f 1961//1961 1949//1949 1944//1944
f 1962//1962 1961//1961 1944//1944
f 1943//1943 1962//1962 1944//1944
f 1963//1963 1942//1942 1944//1944
f 1964//1964 1963//1963 1944//1944
f 1965//1965 1964//1964 1944//1944
f 1966//1966 1965//1965 1944//1944
f 1946//1946 1966//1966 1944//1944
f 1967//1967 1968//1968 1969//1969
f 1970//1970 1971//1971 1969//1969
f 1972//1972 1973//1973 1969//1969
f 1971//1971 1974//1974 1969//1969
f 1974//1974 1975//1975 1969//1969
f 1975//1975 1976//1976 1969//1969
f 1976//1976 1977//1977 1969//1969
f 1977//1977 1978//1978 1969//1969
f 1978//1978 1979//1979 1969//1969
f 1979//1979 1980//1980 1969//1969
f 1980//1980 1981//1981 1969//1969
f 1969//1969 1973//1973 1982//1982
f 1982//1982 1983//1983 1969//1969
f 1983//1983 1984//1984 1969//1969
f 1984//1984 1985//1985 1969//1969
f 1985//1985 1986//1986 1969//1969
f 1986//1986 1987//1987 1969//1969
f 1987//1987 1967//1967 1969//1969
f 1981//1981 1972//1972 1969//1969
f 1968//1968 1988//1988 1969//1969
f 1988//1988 1989//1989 1969//1969
f 1989//1989 1990//1990 1969//1969
f 1990//1990 1991//1991 1969//1969
f 1991//1991 1970//1970 1969//1969
f 2040//2040 2041//2041 2042//2042
f 2043//2043 2040//2040 2042//2042
f 2044//2044 2043//2043 2042//2042
f 2045//2045 2044//2044 2042//2042
f 2046//2046 2045//2045 2042//2042
f 2047//2047 2046//2046 2042//2042
f 2048//2048 2047//2047 2042//2042
f 2049//2049 2048//2048 2042//2042
f 2050//2050 2051//2051 2042//2042
f 2052//2052 2050//2050 2042//2042
f 2042//2042 2053//2053 2052//2052
f 2054//2054 2055//2055 2042//2042
f 2051//2051 2049//2049 2042//2042
f 2056//2056 2053//2053 2042//2042
f 2057//2057 2056//2056 2042//2042
f 2058//2058 2057//2057 2042//2042
f 2059//2059 2058//2058 2042//2042
f 2060//2060 2059//2059 2042//2042
f 2055//2055 2060//2060 2042//2042
f 2061//2061 2054//2054 2042//2042
f 2062//2062 2061//2061 2042//2042
f 2063//2063 2062//2062 2042//2042
f 2064//2064 2063//2063 2042//2042
f 2041//2041 2064//2064 2042//2042
f 2065//2065 2066//2066 2067//2067
f 2068//2068 2066//2066 2065//2065
f 2069//2069 2070//2070 2065//2065
f 2070//2070 2071//2071 2065//2065
f 2071//2071 2072//2072 2065//2065
f 2072//2072 2073//2073 2065//2065
f 2073//2073 2074//2074 2065//2065
f 2074//2074 2075//2075 2065//2065
f 2075//2075 2076//2076 2065//2065
f 2076//2076 2077//2077 2065//2065
f 2077//2077 2078//2078 2065//2065
f 2078//2078 2068//2068 2065//2065
f 2079//2079 2069//2069 2065//2065
f 2067//2067 2080//2080 2065//2065
f 2080//2080 2081//2081 2065//2065
f 2081//2081 2082//2082 2065//2065
f 2082//2082 2083//2083 2065//2065
f 2083//2083 2084//2084 2065//2065
f 2084//2084 2085//2085 2065//2065
f 2085//2085 2086//2086 2065//2065
f 2086//2086 2087//2087 2065//2065
f 2087//2087 2088//2088 2065//2065
f 2088//2088 2089//2089 2065//2065
f 2089//2089 2079//2079 2065//2065
f 2138//2138 2139//2139 2140//2140
f 2141//2141 2142//2142 2140//2140
f 2142//2142 2143//2143 2140//2140
f 2143//2143 2144//2144 2140//2140
f 2145//2145 2146//2146 2140//2140
f 2144//2144 2147//2147 2140//2140
f 2147//2147 2148//2148 2140//2140
f 2148//2148 2149//2149 2140//2140
f 2149//2149 2150//2150 2140//2140
f 2150//2150 2151//2151 2140//2140
f 2151//2151 2152//2152 2140//2140
f 2140//2140 2139//2139 2145//2145
f 2152//2152 2153//2153 2140//2140
f 2153//2153 2154//2154 2140//2140
f 2154//2154 2155//2155 2140//2140
f 2155//2155 2156//2156 2140//2140
f 2156//2156 2157//2157 2140//2140
f 2157//2157 2158//2158 2140//2140
f 2158//2158 2159//2159 2140//2140
f 2160//2160 2138//2138 2140//2140
f 2159//2159 2161//2161 2140//2140
f 2161//2161 2162//2162 2140//2140
f 2146//2146 2141//2141 2140//2140
f 2162//2162 2160//2160 2140//2140
f 2163//2163 2164//2164 2165//2165
f 2166//2166 2163//2163 2165//2165
f 2167//2167 2166//2166 2165//2165
f 2168//2168 2167//2167 2165//2165
f 2169//2169 2168//2168 2165//2165
f 2170//2170 2169//2169 2165//2165
f 2171//2171 2170//2170 2165//2165
f 2172//2172 2171//2171 2165//2165
f 2173//2173 2172//2172 2165//2165
f 2174//2174 2173//2173 2165//2165
f 2175//2175 2174//2174 2165//2165
f 2176//2176 2175//2175 2165//2165
f 2177//2177 2176//2176 2165//2165
f 2178//2178 2177//2177 2165//2165
f 2179//2179 2178//2178 2165//2165
f 2180//2180 2179//2179 2165//2165
f 2181//2181 2180//2180 2165//2165
f 2182//2182 2181//2181 2165//2165
f 2183//2183 2182//2182 2165//2165
f 2184//2184 2183//2183 2165//2165
f 2185//2185 2184//2184 2165//2165
f 2186//2186 2185//2185 2165//2165
f 2187//2187 2186//2186 2165//2165
f 2165//2165 2164//2164 2187//2187
f 2236//2236 2237//2237 2238//2238
f 2239//2239 2240//2240 2238//2238
f 2241//2241 2239//2239 2238//2238
f 2242//2242 2241//2241 2238//2238
f 2243//2243 2242//2242 2238//2238
f 2244//2244 2243//2243 2238//2238
f 2238//2238 2245//2245 2246//2246
f 2247//2247 2248//2248 2238//2238
f 2249//2249 2244//2244 2238//2238
f 2237//2237 2249//2249 2238//2238
f 2246//2246 2236//2236 2238//2238
f 2240//2240 2247//2247 2238//2238
f 2250//2250 2245//2245 2238//2238
f 2251//2251 2250//2250 2238//2238
f 2252//2252 2251//2251 2238//2238
f 2253//2253 2252//2252 2238//2238
f 2254//2254 2253//2253 2238//2238
f 2255//2255 2256//2256 2238//2238
f 2257//2257 2255//2255 2238//2238
f 2258//2258 2257//2257 2238//2238
f 2259//2259 2258//2258 2238//2238
f 2260//2260 2259//2259 2238//2238
f 2248//2248 2260//2260 2238//2238
f 2256//2256 2254//2254 2238//2238
f 2261//2261 2262//2262 2263//2263
f 2264//2264 2261//2261 2263//2263
f 2265//2265 2264//2264 2263//2263
f 2266//2266 2267//2267 2263//2263
f 2267//2267 2268//2268 2263//2263
f 2269//2269 2266//2266 2263//2263
f 2270//2270 2269//2269 2263//2263
f 2271//2271 2270//2270 2263//2263
f 2272//2272 2271//2271 2263//2263
f 2273//2273 2272//2272 2263//2263
f 2274//2274 2273//2273 2263//2263
f 2275//2275 2274//2274 2263//2263
f 2276//2276 2265//2265 2263//2263
f 2277//2277 2276//2276 2263//2263
f 2278//2278 2277//2277 2263//2263
f 2279//2279 2278//2278 2263//2263
f 2280//2280 2279//2279 2263//2263
f 2281//2281 2280//2280 2263//2263
f 2282//2282 2281//2281 2263//2263
f 2283//2283 2282//2282 2263//2263
f 2284//2284 2283//2283 2263//2263
f 2285//2285 2284//2284 2263//2263
f 2263//2263 2268//2268 2285//2285
f 2262//2262 2275//2275 2263//2263
f 2334//2334 2335//2335 2336//2336
f 2337//2337 2338//2338 2336//2336
f 2336//2336 2339//2339 2340//2340
f 2340//2340 2341//2341 2336//2336
f 2341//2341 2342//2342 2336//2336
f 2342//2342 2343//2343 2336//2336
f 2343//2343 2344//2344 2336//2336
f 2344//2344 2345//2345 2336//2336
f 2345//2345 2346//2346 2336//2336
f 2346//2346 2347//2347 2336//2336
f 2347//2347 2334//2334 2336//2336
f 2348//2348 2339//2339 2336//2336
f 2335//2335 2337//2337 2336//2336
f 2349//2349 2348//2348 2336//2336
f 2350//2350 2349//2349 2336//2336
f 2351//2351 2350//2350 2336//2336
f 2352//2352 2351//2351 2336//2336
f 2353//2353 2352//2352 2336//2336
f 2354//2354 2353//2353 2336//2336
f 2355//2355 2354//2354 2336//2336
f 2356//2356 2355//2355 2336//2336
f 2357//2357 2356//2356 2336//2336
f 2358//2358 2357//2357 2336//2336
f 2338//2338 2358//2358 2336//2336
f 2359//2359 2360//2360 2361//2361
f 2362//2362 2363//2363 2361//2361
f 2364//2364 2362//2362 2361//2361
f 2365//2365 2364//2364 2361//2361
f 2366//2366 2365//2365 2361//2361
f 2360//2360 2366//2366 2361//2361
f 2367//2367 2368//2368 2361//2361
f 2369//2369 2359//2359 2361//2361
f 2370//2370 2369//2369 2361//2361
f 2371//2371 2370//2370 2361//2361
f 2372//2372 2371//2371 2361//2361
f 2373//2373 2372//2372 2361//2361
f 2368//2368 2373//2373 2361//2361
f 2374//2374 2367//2367 2361//2361
f 2375//2375 2374//2374 2361//2361
f 2376//2376 2375//2375 2361//2361
f 2377//2377 2376//2376 2361//2361
f 2378//2378 2377//2377 2361//2361
f 2379//2379 2378//2378 2361//2361
f 2380//2380 2379//2379 2361//2361
f 2381//2381 2380//2380 2361//2361
f 2382//2382 2381//2381 2361//2361
f 2383//2383 2382//2382 2361//2361
f 2361//2361 2363//2363 2383//2383
f 2432//2432 2433//2433 2434//2434
f 2435//2435 2432//2432 2434//2434
f 2436//2436 2435//2435 2434//2434
f 2437//2437 2436//2436 2434//2434
f 2438//2438 2437//2437 2434//2434
f 2439//2439 2438//2438 2434//2434
f 2440//2440 2439//2439 2434//2434
f 2441//2441 2440//2440 2434//2434
f 2442//2442 2441//2441 2434//2434
f 2443//2443 2442//2442 2434//2434
f 2444//2444 2443//2443 2434//2434
f 2445//2445 2444//2444 2434//2434
f 2446//2446 2445//2445 2434//2434
f 2447//2447 2446//2446 2434//2434
f 2448//2448 2447//2447 2434//2434
f 2449//2449 2448//2448 2434//2434
f 2450//2450 2449//2449 2434//2434
f 2451//2451 2450//2450 2434//2434
f 2452//2452 2451//2451 2434//2434
f 2453//2453 2452//2452 2434//2434
f 2454//2454 2453//2453 2434//2434
f 2455//2455 2454//2454 2434//2434
f 2456//2456 2455//2455 2434//2434
f 2434//2434 2433//2433 2456//2456
f 2457//2457 2458//2458 2459//2459
f 2460//2460 2461//2461 2457//2457
f 2462//2462 2458//2458 2457//2457
f 2463//2463 2462//2462 2457//2457
f 2464//2464 2463//2463 2457//2457
f 2465//2465 2464//2464 2457//2457
f 2466//2466 2465//2465 2457//2457
f 2467//2467 2466//2466 2457//2457
f 2468//2468 2467//2467 2457//2457
f 2469//2469 2468//2468 2457//2457
f 2470//2470 2469//2469 2457//2457
f 2471//2471 2470//2470 2457//2457
f 2472//2472 2471//2471 2457//2457
f 2473//2473 2472//2472 2457//2457
f 2461//2461 2473//2473 2457//2457
f 2474//2474 2460//2460 2457//2457
f 2475//2475 2474//2474 2457//2457
f 2476//2476 2475//2475 2457//2457
f 2477//2477 2476//2476 2457//2457
f 2478//2478 2477//2477 2457//2457
f 2479//2479 2478//2478 2457//2457
f 2480//2480 2479//2479 2457//2457
f 2481//2481 2480//2480 2457//2457
f 2459//2459 2481//2481 2457//2457
f 2530//2530 2531//2531 2532//2532
f 2533//2533 2534//2534 2532//2532
f 2535//2535 2536//2536 2532//2532
f 2536//2536 2537//2537 2532//2532
f 2538//2538 2535//2535 2532//2532
f 2539//2539 2538//2538 2532//2532
f 2540//2540 2533//2533 2532//2532
f 2531//2531 2539//2539 2532//2532
f 2541//2541 2530//2530 2532//2532
f 2542//2542 2541//2541 2532//2532
f 2543//2543 2542//2542 2532//2532
f 2544//2544 2543//2543 2532//2532
f 2545//2545 2544//2544 2532//2532
f 2537//2537 2546//2546 2532//2532
f 2546//2546 2547//2547 2532//2532
f 2532//2532 2534//2534 2545//2545
f 2547//2547 2548//2548 2532//2532
f 2548//2548 2549//2549 2532//2532
f 2549//2549 2550//2550 2532//2532
f 2550//2550 2551//2551 2532//2532
f 2551//2551 2552//2552 2532//2532
f 2553//2553 2554//2554 2532//2532
f 2552//2552 2553//2553 2532//2532
f 2554//2554 2540//2540 2532//2532
f 2555//2555 2556//2556 2557//2557
f 2556//2556 2558//2558 2557//2557
f 2558//2558 2559//2559 2557//2557
f 2559//2559 2560//2560 2557//2557
f 2560//2560 2561//2561 2557//2557
f 2561//2561 2562//2562 2557//2557
f 2563//2563 2564//2564 2557//2557
f 2564//2564 2565//2565 2557//2557
f 2565//2565 2566//2566 2557//2557
f 2566//2566 2567//2567 2557//2557
f 2567//2567 2568//2568 2557//2557
f 2568//2568 2569//2569 2557//2557
f 2557//2557 2569//2569 2570//2570
f 2571//2571 2572//2572 2557//2557
f 2573//2573 2571//2571 2557//2557
f 2574//2574 2573//2573 2557//2557
f 2575//2575 2574//2574 2557//2557
f 2562//2562 2563//2563 2557//2557
f 2576//2576 2575//2575 2557//2557
f 2577//2577 2576//2576 2557//2557
f 2578//2578 2577//2577 2557//2557
f 2579//2579 2578//2578 2557//2557
f 2572//2572 2555//2555 2557//2557
f 2570//2570 2579//2579 2557//2557
f 2628//2628 2629//2629 2630//2630
f 2631//2631 2628//2628 2630//2630
f 2632//2632 2631//2631 2630//2630
f 2633//2633 2634//2634 2630//2630
f 2634//2634 2632//2632 2630//2630
f 2635//2635 2633//2633 2630//2630
f 2636//2636 2635//2635 2630//2630
f 2637//2637 2636//2636 2630//2630
f 2638//2638 2637//2637 2630//2630
f 2639//2639 2638//2638 2630//2630
f 2640//2640 2639//2639 2630//2630
f 2641//2641 2640//2640 2630//2630
f 2630//2630 2642//2642 2641//2641
f 2629//2629 2643//2643 2630//2630
f 2644//2644 2642//2642 2630//2630
f 2645//2645 2644//2644 2630//2630
f 2646//2646 2645//2645 2630//2630
f 2647//2647 2646//2646 2630//2630
f 2648//2648 2647//2647 2630//2630
f 2649//2649 2648//2648 2630//2630
f 2650//2650 2649//2649 2630//2630
f 2651//2651 2650//2650 2630//2630
f 2652//2652 2651//2651 2630//2630
f 2643//2643 2652//2652 2630//2630
f 2653//2653 2654//2654 2655//2655
f 2655//2655 2656//2656 2653//2653
f 2656//2656 2657//2657 2653//2653
f 2657//2657 2658//2658 2653//2653
f 2658//2658 2659//2659 2653//2653
f 2659//2659 2660//2660 2653//2653
f 2660//2660 2661//2661 2653//2653
f 2661//2661 2662//2662 2653//2653
f 2662//2662 2663//2663 2653//2653
f 2663//2663 2664//2664 2653//2653
f 2664//2664 2665//2665 2653//2653
f 2665//2665 2666//2666 2653//2653
f 2666//2666 2667//2667 2653//2653
f 2667//2667 2668//2668 2653//2653
f 2668//2668 2669//2669 2653//2653
f 2669//2669 2670//2670 2653//2653
f 2670//2670 2671//2671 2653//2653
f 2671//2671 2672//2672 2653//2653
f 2672//2672 2673//2673 2653//2653
f 2673//2673 2674//2674 2653//2653
f 2674//2674 2675//2675 2653//2653
f 2675//2675 2676//2676 2653//2653
f 2676//2676 2677//2677 2653//2653
f 2677//2677 2654//2654 2653//2653
f 2726//2726 2727//2727 2728//2728
f 2728//2728 2729//2729 2726//2726
f 2730//2730 2729//2729 2728//2728
f 2731//2731 2730//2730 2728//2728
f 2732//2732 2731//2731 2728//2728
f 2733//2733 2732//2732 2728//2728
f 2734//2734 2733//2733 2728//2728
f 2735//2735 2734//2734 2728//2728
f 2736//2736 2735//2735 2728//2728
f 2737//2737 2736//2736 2728//2728
f 2738//2738 2737//2737 2728//2728
f 2739//2739 2738//2738 2728//2728
f 2740//2740 2739//2739 2728//2728
f 2741//2741 2740//2740 2728//2728
f 2742//2742 2741//2741 2728//2728
f 2743//2743 2742//2742 2728//2728
f 2744//2744 2743//2743 2728//2728
f 2745//2745 2744//2744 2728//2728
f 2746//2746 2745//2745 2728//2728
f 2747//2747 2746//2746 2728//2728
f 2748//2748 2747//2747 2728//2728
f 2749//2749 2748//2748 2728//2728
f 2750//2750 2749//2749 2728//2728
f 2727//2727 2750//2750 2728//2728
f 2751//2751 2752//2752 2753//2753
f 2754//2754 2755//2755 2751//2751
f 2756//2756 2752//2752 2751//2751
f 2757//2757 2756//2756 2751//2751
f 2758//2758 2757//2757 2751//2751
f 2759//2759 2758//2758 2751//2751
f 2760//2760 2759//2759 2751//2751
f 2761//2761 2760//2760 2751//2751
f 2762//2762 2761//2761 2751//2751
f 2763//2763 2762//2762 2751//2751
f 2764//2764 2763//2763 2751//2751
f 2765//2765 2764//2764 2751//2751
f 2766//2766 2765//2765 2751//2751
f 2767//2767 2766//2766 2751//2751
f 2768//2768 2769//2769 2751//2751
f 2770//2770 2768//2768 2751//2751
f 2771//2771 2770//2770 2751//2751
f 2772//2772 2771//2771 2751//2751
f 2755//2755 2772//2772 2751//2751
f 2773//2773 2754//2754 2751//2751
f 2774//2774 2773//2773 2751//2751
f 2775//2775 2774//2774 2751//2751
f 2753//2753 2775//2775 2751//2751
f 2769//2769 2767//2767 2751//2751
f 2824//2824 2825//2825 2826//2826
f 2826//2826 2827//2827 2828//2828
f 2828//2828 2829//2829 2826//2826
f 2829//2829 2830//2830 2826//2826
f 2830//2830 2831//2831 2826//2826
f 2831//2831 2832//2832 2826//2826
f 2832//2832 2833//2833 2826//2826
f 2833//2833 2834//2834 2826//2826
f 2834//2834 2835//2835 2826//2826
f 2835//2835 2836//2836 2826//2826
f 2836//2836 2837//2837 2826//2826
f 2837//2837 2838//2838 2826//2826
f 2839//2839 2840//2840 2826//2826
f 2840//2840 2841//2841 2826//2826
f 2841//2841 2842//2842 2826//2826
f 2842//2842 2843//2843 2826//2826
f 2843//2843 2844//2844 2826//2826
f 2844//2844 2845//2845 2826//2826
f 2845//2845 2846//2846 2826//2826
f 2846//2846 2847//2847 2826//2826
f 2847//2847 2848//2848 2826//2826
f 2848//2848 2824//2824 2826//2826
f 2825//2825 2827//2827 2826//2826
f 2838//2838 2839//2839 2826//2826
f 2849//2849 2850//2850 2851//2851
f 2852//2852 2853//2853 2851//2851
f 2854//2854 2852//2852 2851//2851
f 2855//2855 2854//2854 2851//2851
f 2856//2856 2855//2855 2851//2851
f 2857//2857 2858//2858 2851//2851
f 2859//2859 2857//2857 2851//2851
f 2860//2860 2859//2859 2851//2851
f 2861//2861 2860//2860 2851//2851
f 2862//2862 2861//2861 2851//2851
f 2863//2863 2864//2864 2851//2851
f 2864//2864 2862//2862 2851//2851
f 2865//2865 2863//2863 2851//2851
f 2866//2866 2865//2865 2851//2851
f 2867//2867 2866//2866 2851//2851
f 2850//2850 2867//2867 2851//2851
f 2868//2868 2849//2849 2851//2851
f 2869//2869 2868//2868 2851//2851
f 2870//2870 2869//2869 2851//2851
f 2871//2871 2870//2870 2851//2851
f 2872//2872 2871//2871 2851//2851
f 2873//2873 2872//2872 2851//2851
f 2851//2851 2853//2853 2873//2873
f 2858//2858 2856//2856 2851//2851
f 2922//2922 2923//2923 2924//2924
f 2925//2925 2926//2926 2924//2924
f 2927//2927 2928//2928 2924//2924
f 2923//2923 2927//2927 2924//2924
f 2929//2929 2930//2930 2924//2924
f 2930//2930 2931//2931 2924//2924
f 2931//2931 2932//2932 2924//2924
f 2932//2932 2933//2933 2924//2924
f 2933//2933 2934//2934 2924//2924
f 2934//2934 2935//2935 2924//2924
f 2935//2935 2936//2936 2924//2924
f 2936//2936 2937//2937 2924//2924
f 2924//2924 2928//2928 2929//2929
f 2937//2937 2938//2938 2924//2924
f 2938//2938 2939//2939 2924//2924
f 2939//2939 2925//2925 2924//2924
f 2926//2926 2940//2940 2924//2924
f 2940//2940 2941//2941 2924//2924
f 2941//2941 2942//2942 2924//2924
f 2942//2942 2943//2943 2924//2924
f 2943//2943 2944//2944 2924//2924
f 2944//2944 2945//2945 2924//2924
f 2945//2945 2946//2946 2924//2924
f 2946//2946 2922//2922 2924//2924
f 2947//2947 2948//2948 2949//2949
f 2950//2950 2951//2951 2949//2949
f 2952//2952 2950//2950 2949//2949
f 2953//2953 2952//2952 2949//2949
f 2951//2951 2954//2954 2949//2949
f 2949//2949 2955//2955 2956//2956
f 2956//2956 2957//2957 2949//2949
f 2957//2957 2958//2958 2949//2949
f 2958//2958 2959//2959 2949//2949
f 2959//2959 2960//2960 2949//2949
f 2960//2960 2961//2961 2949//2949
f 2961//2961 2962//2962 2949//2949
f 2962//2962 2963//2963 2949//2949
f 2963//2963 2964//2964 2949//2949
f 2954//2954 2955//2955 2949//2949
f 2964//2964 2947//2947 2949//2949
f 2948//2948 2965//2965 2949//2949
f 2965//2965 2966//2966 2949//2949
f 2966//2966 2967//2967 2949//2949
f 2967//2967 2968//2968 2949//2949
f 2968//2968 2969//2969 2949//2949
f 2969//2969 2970//2970 2949//2949
f 2970//2970 2971//2971 2949//2949
f 2971//2971 2953//2953 2949//2949
f 3020//3020 3021//3021 3022//3022
f 3023//3023 3020//3020 3022//3022
f 3024//3024 3023//3023 3022//3022
f 3025//3025 3024//3024 3022//3022
f 3026//3026 3025//3025 3022//3022
f 3027//3027 3026//3026 3022//3022
f 3028//3028 3027//3027 3022//3022
f 3029//3029 3028//3028 3022//3022
f 3030//3030 3029//3029 3022//3022
f 3031//3031 3030//3030 3022//3022
f 3032//3032 3031//3031 3022//3022
f 3033//3033 3032//3032 3022//3022
f 3034//3034 3033//3033 3022//3022
f 3035//3035 3034//3034 3022//3022
f 3036//3036 3035//3035 3022//3022
f 3037//3037 3036//3036 3022//3022
f 3038//3038 3037//3037 3022//3022
f 3039//3039 3038//3038 3022//3022
f 3040//3040 3039//3039 3022//3022
f 3041//3041 3040//3040 3022//3022
f 3042//3042 3041//3041 3022//3022
f 3043//3043 3042//3042 3022//3022
f 3044//3044 3043//3043 3022//3022
f 3022//3022 3021//3021 3044//3044
f 3045//3045 3046//3046 3047//3047
f 3048//3048 3049//3049 3047//3047
f 3050//3050 3048//3048 3047//3047
f 3051//3051 3052//3052 3047//3047
f 3053//3053 3051//3051 3047//3047
f 3054//3054 3053//3053 3047//3047
f 3055//3055 3054//3054 3047//3047
f 3056//3056 3055//3055 3047//3047
f 3057//3057 3056//3056 3047//3047
f 3058//3058 3057//3057 3047//3047
f 3059//3059 3058//3058 3047//3047
f 3060//3060 3059//3059 3047//3047
f 3061//3061 3060//3060 3047//3047
f 3062//3062 3061//3061 3047//3047
f 3046//3046 3062//3062 3047//3047
f 3063//3063 3045//3045 3047//3047
f 3064//3064 3063//3063 3047//3047
f 3065//3065 3064//3064 3047//3047
f 3066//3066 3065//3065 3047//3047
f 3067//3067 3066//3066 3047//3047
f 3068//3068 3067//3067 3047//3047
f 3069//3069 3068//3068 3047//3047
f 3049//3049 3069//3069 3047//3047
f 3047//3047 3052//3052 3050//3050
f 3118//3118 3119//3119 3120//3120
f 3121//3121 3118//3118 3120//3120
f 3122//3122 3121//3121 3120//3120
f 3123//3123 3122//3122 3120//3120
f 3124//3124 3123//3123 3120//3120
f 3125//3125 3124//3124 3120//3120
f 3126//3126 3125//3125 3120//3120
f 3127//3127 3126//3126 3120//3120
f 3128//3128 3127//3127 3120//3120
f 3129//3129 3128//3128 3120//3120
f 3130//3130 3129//3129 3120//3120
f 3131//3131 3130//3130 3120//3120
f 3132//3132 3131//3131 3120//3120
f 3133//3133 3132//3132 3120//3120
f 3134//3134 3133//3133 3120//3120
f 3135//3135 3134//3134 3120//3120
f 3136//3136 3135//3135 3120//3120
f 3137//3137 3136//3136 3120//3120
f 3138//3138 3137//3137 3120//3120
f 3139//3139 3138//3138 3120//3120
f 3140//3140 3139//3139 3120//3120
f 3141//3141 3140//3140 3120//3120
f 3142//3142 3141//3141 3120//3120
f 3120//3120 3119//3119 3142//3142
f 3143//3143 3144//3144 3145//3145
f 3146//3146 3147//3147 3145//3145
f 3147//3147 3148//3148 3145//3145
f 3149//3149 3146//3146 3145//3145
f 3150//3150 3149//3149 3145//3145
f 3151//3151 3150//3150 3145//3145
f 3152//3152 3151//3151 3145//3145
f 3153//3153 3152//3152 3145//3145
f 3154//3154 3155//3155 3145//3145
f 3156//3156 3154//3154 3145//3145
f 3157//3157 3153//3153 3145//3145
f 3155//3155 3157//3157 3145//3145
f 3148//3148 3158//3158 3145//3145
f 3158//3158 3159//3159 3145//3145
f 3159//3159 3160//3160 3145//3145
f 3160//3160 3161//3161 3145//3145
f 3161//3161 3162//3162 3145//3145
f 3162//3162 3163//3163 3145//3145
f 3163//3163 3164//3164 3145//3145
f 3164//3164 3165//3165 3145//3145
f 3165//3165 3166//3166 3145//3145
f 3166//3166 3167//3167 3145//3145
f 3145//3145 3144//3144 3156//3156
f 3167//3167 3143//3143 3145//3145
f 3216//3216 3217//3217 3218//3218
f 3219//3219 3220//3220 3218//3218
f 3221//3221 3219//3219 3218//3218
f 3222//3222 3223//3223 3218//3218
f 3217//3217 3221//3221 3218//3218
f 3224//3224 3216//3216 3218//3218
f 3225//3225 3224//3224 3218//3218
f 3226//3226 3225//3225 3218//3218
f 3227//3227 3226//3226 3218//3218
f 3228//3228 3229//3229 3218//3218
f 3230//3230 3227//3227 3218//3218
f 3231//3231 3230//3230 3218//3218
f 3220//3220 3232//3232 3218//3218
f 3233//3233 3231//3231 3218//3218
f 3223//3223 3233//3233 3218//3218
f 3234//3234 3222//3222 3218//3218
f 3235//3235 3234//3234 3218//3218
f 3236//3236 3235//3235 3218//3218
f 3237//3237 3236//3236 3218//3218
f 3238//3238 3237//3237 3218//3218
f 3239//3239 3238//3238 3218//3218
f 3229//3229 3239//3239 3218//3218
f 3240//3240 3228//3228 3218//3218
f 3218//3218 3232//3232 3240//3240
f 3241//3241 3242//3242 3243//3243
f 3244//3244 3242//3242 3241//3241
f 3245//3245 3244//3244 3241//3241
f 3246//3246 3245//3245 3241//3241
f 3247//3247 3246//3246 3241//3241
f 3248//3248 3247//3247 3241//3241
f 3249//3249 3248//3248 3241//3241
f 3250//3250 3249//3249 3241//3241
f 3251//3251 3250//3250 3241//3241
f 3252//3252 3251//3251 3241//3241
f 3253//3253 3252//3252 3241//3241
f 3254//3254 3253//3253 3241//3241
f 3255//3255 3254//3254 3241//3241
f 3256//3256 3255//3255 3241//3241
f 3257//3257 3256//3256 3241//3241
f 3258//3258 3257//3257 3241//3241
f 3259//3259 3258//3258 3241//3241
f 3260//3260 3259//3259 3241//3241
f 3261//3261 3260//3260 3241//3241
f 3262//3262 3261//3261 3241//3241
f 3263//3263 3262//3262 3241//3241
f 3264//3264 3263//3263 3241//3241
f 3265//3265 3264//3264 3241//3241
f 3243//3243 3265//3265 3241//3241
f 3314//3314 3315//3315 3316//3316
f 3317//3317 3314//3314 3316//3316
f 3318//3318 3317//3317 3316//3316
f 3319//3319 3318//3318 3316//3316
f 3320//3320 3319//3319 3316//3316
f 3321//3321 3320//3320 3316//3316
f 3322//3322 3321//3321 3316//3316
f 3323//3323 3322//3322 3316//3316
f 3324//3324 3323//3323 3316//3316
f 3325//3325 3324//3324 3316//3316
f 3326//3326 3325//3325 3316//3316
f 3327//3327 3326//3326 3316//3316
f 3328//3328 3327//3327 3316//3316
f 3329//3329 3328//3328 3316//3316
f 3330//3330 3329//3329 3316//3316
f 3331//3331 3330//3330 3316//3316
f 3332//3332 3331//3331 3316//3316
f 3333//3333 3332//3332 3316//3316
f 3334//3334 3333//3333 3316//3316
f 3335//3335 3334//3334 3316//3316
f 3336//3336 3335//3335 3316//3316
f 3337//3337 3336//3336 3316//3316
f 3338//3338 3337//3337 3316//3316
f 3316//3316 3315//3315 3338//3338
f 3339//3339 3340//3340 3341//3341
f 3342//3342 3339//3339 3341//3341
f 3343//3343 3342//3342 3341//3341
f 3344//3344 3343//3343 3341//3341
f 3345//3345 3344//3344 3341//3341
f 3346//3346 3345//3345 3341//3341
f 3347//3347 3346//3346 3341//3341
f 3348//3348 3347//3347 3341//3341
f 3349//3349 3348//3348 3341//3341
f 3350//3350 3349//3349 3341//3341
f 3351//3351 3350//3350 3341//3341
f 3352//3352 3351//3351 3341//3341
f 3353//3353 3352//3352 3341//3341
f 3354//3354 3353//3353 3341//3341
f 3355//3355 3354//3354 3341//3341
f 3356//3356 3355//3355 3341//3341
f 3357//3357 3356//3356 3341//3341
f 3358//3358 3357//3357 3341//3341
f 3359//3359 3358//3358 3341//3341
f 3360//3360 3359//3359 3341//3341
f 3361//3361 3360//3360 3341//3341
f 3362//3362 3361//3361 3341//3341
f 3363//3363 3362//3362 3341//3341
f 3341//3341 3340//3340 3363//3363
f 3412//3412 3413//3413 3414//3414
f 3415//3415 3416//3416 3412//3412
f 3417//3417 3413//3413 3412//3412
f 3418//3418 3417//3417 3412//3412
f 3419//3419 3418//3418 3412//3412
f 3420//3420 3419//3419 3412//3412
f 3421//3421 3422//3422 3412//3412
f 3422//3422 3420//3420 3412//3412
f 3423//3423 3421//3421 3412//3412
f 3424//3424 3423//3423 3412//3412
f 3425//3425 3424//3424 3412//3412
f 3426//3426 3425//3425 3412//3412
f 3427//3427 3426//3426 3412//3412
f 3428//3428 3429//3429 3412//3412
f 3430//3430 3428//3428 3412//3412
f 3431//3431 3430//3430 3412//3412
f 3432//3432 3431//3431 3412//3412
f 3416//3416 3432//3432 3412//3412
f 3429//3429 3427//3427 3412//3412
f 3433//3433 3415//3415 3412//3412
f 3434//3434 3433//3433 3412//3412
f 3435//3435 3434//3434 3412//3412
f 3436//3436 3435//3435 3412//3412
f 3414//3414 3436//3436 3412//3412
f 3437//3437 3438//3438 3439//3439
f 3440//3440 3437//3437 3439//3439
f 3441//3441 3440//3440 3439//3439
f 3442//3442 3441//3441 3439//3439
f 3443//3443 3442//3442 3439//3439
f 3444//3444 3445//3445 3439//3439
f 3446//3446 3444//3444 3439//3439
f 3447//3447 3446//3446 3439//3439
f 3448//3448 3447//3447 3439//3439
f 3439//3439 3449//3449 3450//3450
f 3445//3445 3443//3443 3439//3439
f 3450//3450 3448//3448 3439//3439
f 3451//3451 3449//3449 3439//3439
f 3452//3452 3451//3451 3439//3439
f 3453//3453 3452//3452 3439//3439
f 3454//3454 3453//3453 3439//3439
f 3455//3455 3456//3456 3439//3439
f 3457//3457 3455//3455 3439//3439
f 3458//3458 3457//3457 3439//3439
f 3459//3459 3458//3458 3439//3439
f 3460//3460 3459//3459 3439//3439
f 3438//3438 3461//3461 3439//3439
f 3456//3456 3454//3454 3439//3439
f 3461//3461 3460//3460 3439//3439
v 0.034607 0.047707 0.001
v 0.034766 0.047499 0.001
v 0.0339 0.046999 0.001
v 0.033192 0.047707 0.001
v 0.033399 0.047866 0.001
v 0.033033 0.047499 0.001
v 0.032934 0.047258 0.001
v 0.034865 0.046741 0.001
v 0.034766 0.0465 0.001
v 0.032934 0.046741 0.001
v 0.0329 0.046999 0.001
v 0.033033 0.0465 0.001
v 0.033192 0.046292 0.001
v 0.033399 0.046133 0.001
v 0.033641 0.046034 0.001
v 0.0339 0.046 0.001
v 0.034158 0.046034 0.001
v 0.0344 0.046133 0.001
v 0.034607 0.046292 0.001
v 0.034899 0.046999 0.001
v 0.034865 0.047258 0.001
v 0.0344 0.047866 0.001
v 0.034158 0.047965 0.001
v 0.0339 0.048 0.001
v 0.033641 0.047965 0.001
v 0.0344 0.046133 0.016
v 0.034607 0.046292 0.016
v 0.0339 0.046999 0.016
v 0.034766 0.047499 0.016
v 0.034607 0.047707 0.016
v 0.0329 0.046999 0.016
v 0.032934 0.046741 0.016
v 0.0344 0.047866 0.016
v 0.034158 0.047965 0.016
v 0.0339 0.048 0.016
v 0.033641 0.047965 0.016
v 0.033399 0.047866 0.016
v 0.033192 0.047707 0.016
v 0.033033 0.047499 0.016
v 0.032934 0.047258 0.016
v 0.033033 0.0465 0.016
v 0.033192 0.046292 0.016
v 0.033399 0.046133 0.016
v 0.033641 0.046034 0.016
v 0.0339 0.046 0.016
v 0.034158 0.046034 0.016
v 0.034766 0.0465 0.016
v 0.034865 0.046741 0.016
v 0.034899 0.046999 0.016
v 0.034865 0.047258 0.016
v 0.033033 0.047499 0.016
v 0.033033 0.047499 0.001
v 0.032934 0.047258 0.001
v 0.033192 0.047707 0.016
v 0.033192 0.047707 0.001
v 0.033399 0.047866 0.016
v 0.033399 0.047866 0.001
v 0.033641 0.047965 0.016
v 0.033641 0.047965 0.001
v 0.0339 0.048 0.016
v 0.0339 0.048 0.001
v 0.034158 0.047965 0.016
v 0.034158 0.047965 0.001
v 0.0344 0.047866 0.016
v 0.0344 0.047866 0.001
v 0.034607 0.047707 0.016
v 0.034607 0.047707 0.001
v 0.032934 0.047258 0.016
v 0.0329 0.046999 0.001
v 0.034865 0.047258 0.016
v 0.034865 0.047258 0.001
v 0.034766 0.047499 0.001
v 0.034766 0.047499 0.016
v 0.034865 0.046741 0.016
v 0.034865 0.046741 0.001
v 0.034899 0.046999 0.001
v 0.0329 0.046999 0.016
v 0.0344 0.046133 0.016
v 0.0344 0.046133 0.001
v 0.034607 0.046292 0.001
v 0.034899 0.046999 0.016
v 0.034766 0.0465 0.016
v 0.034766 0.0465 0.001
v 0.034607 0.046292 0.016
v 0.034158 0.046034 0.016
v 0.034158 0.046034 0.001
v 0.0339 0.046 0.016
v 0.0339 0.046 0.001
v 0.033641 0.046034 0.016
v 0.033641 0.046034 0.001
v 0.033399 0.046133 0.016
v 0.033399 0.046133 0.001
v 0.033192 0.046292 0.016
v 0.033192 0.046292 0.001
v 0.033033 0.0465 0.016
v 0.033033 0.0465 0.001
v 0.032934 0.046741 0.016
v 0.032934 0.046741 0.001
v 0.034899 0.039999 0.001
v 0.034865 0.039741 0.001
v 0.0339 0.039999 0.001
v 0.034865 0.040258 0.001
v 0.034766 0.0405 0.001
v 0.034607 0.040707 0.001
v 0.0344 0.040866 0.001
v 0.034158 0.040965 0.001
v 0.0339 0.041 0.001
v 0.033641 0.040965 0.001
v 0.033192 0.040707 0.001
v 0.033399 0.040866 0.001
v 0.033033 0.0405 0.001
v 0.032934 0.040258 0.001
v 0.0339 0.039 0.001
v 0.033641 0.039034 0.001
v 0.0329 0.039999 0.001
v 0.032934 0.039741 0.001
v 0.033033 0.0395 0.001
v 0.033192 0.039292 0.001
v 0.033399 0.039133 0.001
v 0.034158 0.039034 0.001
v 0.0344 0.039133 0.001
v 0.034607 0.039292 0.001
v 0.034766 0.0395 0.001
v 0.0339 0.039999 0.016
v 0.032934 0.039741 0.016
v 0.033033 0.0395 0.016
v 0.0329 0.039999 0.016
v 0.034766 0.0405 0.016
v 0.034607 0.040707 0.016
v 0.0344 0.040866 0.016
v 0.034158 0.040965 0.016
v 0.0339 0.041 0.016
v 0.033641 0.040965 0.016
v 0.033399 0.040866 0.016
v 0.033192 0.040707 0.016
v 0.033033 0.0405 0.016
v 0.032934 0.040258 0.016
v 0.034865 0.040258 0.016
v 0.033192 0.039292 0.016
v 0.033399 0.039133 0.016
v 0.033641 0.039034 0.016
v 0.0339 0.039 0.016
v 0.034158 0.039034 0.016
v 0.0344 0.039133 0.016
v 0.034607 0.039292 0.016
v 0.034766 0.0395 0.016
v 0.034865 0.039741 0.016
v 0.034899 0.039999 0.016
v 0.032934 0.039741 0.001
v 0.032934 0.039741 0.016
v 0.0329 0.039999 0.016
v 0.033033 0.0395 0.001
v 0.033033 0.0395 0.016
v 0.033192 0.039292 0.001
v 0.033192 0.039292 0.016
v 0.033399 0.039133 0.001
v 0.033399 0.039133 0.016
v 0.033641 0.039034 0.001
v 0.033641 0.039034 0.016
v 0.0339 0.039 0.001
v 0.0339 0.039 0.016
v 0.034158 0.039034 0.001
v 0.034158 0.039034 0.016
v 0.0344 0.039133 0.001
v 0.0344 0.039133 0.016
v 0.034607 0.039292 0.001
v 0.034607 0.039292 0.016
v 0.034766 0.0395 0.001
v 0.034766 0.0395 0.016
v 0.0329 0.039999 0.001
v 0.032934 0.040258 0.016
v 0.032934 0.040258 0.001
v 0.033033 0.0405 0.016
v 0.033033 0.0405 0.001
v 0.033192 0.040707 0.016
v 0.033192 0.040707 0.001
v 0.033399 0.040866 0.016
v 0.033399 0.040866 0.001
v 0.033641 0.040965 0.016
v 0.033641 0.040965 0.001
v 0.0339 0.041 0.016
v 0.0339 0.041 0.001
v 0.034158 0.040965 0.016
v 0.034158 0.040965 0.001
v 0.0344 0.040866 0.016
v 0.0344 0.040866 0.001
v 0.034607 0.040707 0.016
v 0.034607 0.040707 0.001
v 0.034766 0.0405 0.016
v 0.034766 0.0405 0.001
v 0.034865 0.040258 0.016
v 0.034865 0.040258 0.001
v 0.034899 0.039999 0.016
v 0.034899 0.039999 0.001
v 0.034865 0.039741 0.016
v 0.034865 0.039741 0.001
v 0.0329 0.032999 0.001
v 0.032934 0.033258 0.001
v 0.0339 0.032999 0.001
v 0.033399 0.033866 0.001
v 0.033641 0.033965 0.001
v 0.0339 0.034 0.001
v 0.034158 0.033965 0.001
v 0.033033 0.0335 0.001
v 0.033192 0.033707 0.001
v 0.0344 0.033866 0.001
v 0.034607 0.033707 0.001
v 0.034766 0.0335 0.001
v 0.034865 0.033258 0.001
v 0.034899 0.032999 0.001
v 0.034865 0.032741 0.001
v 0.034766 0.032499 0.001
v 0.034607 0.032292 0.001
v 0.0344 0.032133 0.001
v 0.034158 0.032034 0.001
v 0.0339 0.032 0.001
v 0.033641 0.032034 0.001
v 0.033399 0.032133 0.001
v 0.032934 0.032741 0.001
v 0.033192 0.032292 0.001
v 0.033033 0.032499 0.001
v 0.0329 0.032999 0.016
v 0.032934 0.032741 0.016
v 0.0339 0.032999 0.016
v 0.032934 0.033258 0.016
v 0.033033 0.0335 0.016
v 0.033192 0.033707 0.016
v 0.033399 0.033866 0.016
v 0.033641 0.033965 0.016
v 0.0339 0.034 0.016
v 0.034158 0.033965 0.016
v 0.0344 0.033866 0.016
v 0.034607 0.033707 0.016
v 0.034766 0.0335 0.016
v 0.034865 0.033258 0.016
v 0.034899 0.032999 0.016
v 0.034865 0.032741 0.016
v 0.034766 0.032499 0.016
v 0.034607 0.032292 0.016
v 0.0344 0.032133 0.016
v 0.034158 0.032034 0.016
v 0.0339 0.032 0.016
v 0.033641 0.032034 0.016
v 0.033399 0.032133 0.016
v 0.033192 0.032292 0.016
v 0.033033 0.032499 0.016
v 0.0339 0.034 0.001
v 0.0339 0.034 0.016
v 0.034158 0.033965 0.016
v 0.034899 0.032999 0.001
v 0.034899 0.032999 0.016
v 0.034865 0.032741 0.016
v 0.034865 0.032741 0.001
v 0.034766 0.032499 0.016
v 0.034766 0.032499 0.001
v 0.034607 0.032292 0.016
v 0.034607 0.032292 0.001
v 0.0344 0.032133 0.016
v 0.0344 0.032133 0.001
v 0.034158 0.032034 0.016
v 0.034158 0.032034 0.001
v 0.0339 0.032 0.016
v 0.0339 0.032 0.001
v 0.033641 0.032034 0.016
v 0.033641 0.032034 0.001
v 0.033399 0.032133 0.016
v 0.033399 0.032133 0.001
v 0.033192 0.032292 0.016
v 0.033192 0.032292 0.001
v 0.033033 0.032499 0.016
v 0.033033 0.032499 0.001
v 0.032934 0.032741 0.016
v 0.032934 0.032741 0.001
v 0.0329 0.032999 0.016
v 0.034865 0.033258 0.001
v 0.0329 0.032999 0.001
v 0.032934 0.033258 0.016
v 0.032934 0.033258 0.001
v 0.033033 0.0335 0.016
v 0.033033 0.0335 0.001
v 0.033192 0.033707 0.016
v 0.033192 0.033707 0.001
v 0.033399 0.033866 0.016
v 0.033399 0.033866 0.001
v 0.033641 0.033965 0.016
v 0.033641 0.033965 0.001
v 0.034158 0.033965 0.001
v 0.0344 0.033866 0.016
v 0.0344 0.033866 0.001
v 0.034607 0.033707 0.016
v 0.034607 0.033707 0.001
v 0.034766 0.0335 0.016
v 0.034766 0.0335 0.001
v 0.034865 0.033258 0.016
v 0.033192 0.026707 0.001
v 0.033399 0.026866 0.001
v 0.0339 0.026 0.001
v 0.034766 0.026499 0.001
v 0.034865 0.026258 0.001
v 0.034607 0.026707 0.001
v 0.0344 0.026866 0.001
v 0.034158 0.026965 0.001
v 0.0339 0.027 0.001
v 0.032934 0.026258 0.001
v 0.033033 0.026499 0.001
v 0.034899 0.026 0.001
v 0.034865 0.025741 0.001
v 0.033641 0.026965 0.001
v 0.0329 0.026 0.001
v 0.032934 0.025741 0.001
v 0.033033 0.025499 0.001
v 0.033192 0.025292 0.001
v 0.033399 0.025133 0.001
v 0.0339 0.025 0.001
v 0.033641 0.025034 0.001
v 0.034158 0.025034 0.001
v 0.0344 0.025133 0.001
v 0.034607 0.025292 0.001
v 0.034766 0.025499 0.001
v 0.034766 0.026499 0.016
v 0.034607 0.026707 0.016
v 0.0339 0.026 0.016
v 0.034865 0.026258 0.016
v 0.034899 0.026 0.016
v 0.032934 0.026258 0.016
v 0.0329 0.026 0.016
v 0.032934 0.025741 0.016
v 0.033033 0.026499 0.016
v 0.033192 0.026707 0.016
v 0.033399 0.026866 0.016
v 0.033641 0.026965 0.016
v 0.0339 0.027 0.016
v 0.034158 0.026965 0.016
v 0.0344 0.026866 0.016
v 0.034865 0.025741 0.016
v 0.034766 0.025499 0.016
v 0.034607 0.025292 0.016
v 0.0344 0.025133 0.016
v 0.034158 0.025034 0.016
v 0.0339 0.025 0.016
v 0.033641 0.025034 0.016
v 0.033399 0.025133 0.016
v 0.033192 0.025292 0.016
v 0.033033 0.025499 0.016
v 0.033033 0.025499 0.001
v 0.033033 0.025499 0.016
v 0.032934 0.025741 0.016
v 0.032934 0.025741 0.001
v 0.0329 0.026 0.016
v 0.0329 0.026 0.001
v 0.033192 0.025292 0.001
v 0.033192 0.025292 0.016
v 0.033399 0.025133 0.001
v 0.033399 0.025133 0.016
v 0.033641 0.025034 0.001
v 0.033641 0.025034 0.016
v 0.0339 0.025 0.001
v 0.0339 0.025 0.016
v 0.034158 0.025034 0.001
v 0.034158 0.025034 0.016
v 0.0344 0.025133 0.001
v 0.0344 0.025133 0.016
v 0.034607 0.025292 0.001
v 0.034607 0.025292 0.016
v 0.034766 0.025499 0.001
v 0.034766 0.025499 0.016
v 0.034865 0.025741 0.001
v 0.034865 0.025741 0.016
v 0.034899 0.026 0.001
v 0.034899 0.026 0.016
v 0.034865 0.026258 0.001
v 0.034865 0.026258 0.016
v 0.034766 0.026499 0.001
v 0.034766 0.026499 0.016
v 0.034607 0.026707 0.001
v 0.0344 0.026866 0.016
v 0.0344 0.026866 0.001
v 0.034158 0.026965 0.001
v 0.034158 0.026965 0.016
v 0.0339 0.027 0.001
v 0.0339 0.027 0.016
v 0.033641 0.026965 0.001
v 0.033641 0.026965 0.016
v 0.033399 0.026866 0.001
v 0.033399 0.026866 0.016
v 0.033192 0.026707 0.001
v 0.033192 0.026707 0.016
v 0.033033 0.026499 0.001
v 0.032934 0.026258 0.016
v 0.032934 0.026258 0.001
v 0.033033 0.026499 0.016
v 0.034607 0.026707 0.016
v 0.034766 0.0195 0.001
v 0.034865 0.019258 0.001
v 0.0339 0.018999 0.001
v 0.034899 0.018999 0.001
v 0.034865 0.018741 0.001
v 0.032934 0.019258 0.001
v 0.033033 0.0195 0.001
v 0.033192 0.019707 0.001
v 0.033399 0.019866 0.001
v 0.033641 0.019965 0.001
v 0.0339 0.019999 0.001
v 0.034158 0.019965 0.001
v 0.0344 0.019866 0.001
v 0.034607 0.019707 0.001
v 0.0329 0.018999 0.001
v 0.032934 0.018741 0.001
v 0.033033 0.0185 0.001
v 0.033192 0.018292 0.001
v 0.033399 0.018133 0.001
v 0.033641 0.018034 0.001
v 0.0339 0.017999 0.001
v 0.034158 0.018034 0.001
v 0.0344 0.018133 0.001
v 0.034607 0.018292 0.001
v 0.034766 0.0185 0.001
v 0.033641 0.019965 0.016
v 0.033399 0.019866 0.016
v 0.0339 0.018999 0.016
v 0.0329 0.018999 0.016
v 0.032934 0.018741 0.016
v 0.032934 0.019258 0.016
v 0.033033 0.0195 0.016
v 0.033192 0.019707 0.016
v 0.034899 0.018999 0.016
v 0.034865 0.019258 0.016
v 0.0339 0.019999 0.016
v 0.034158 0.019965 0.016
v 0.0344 0.019866 0.016
v 0.034607 0.019707 0.016
v 0.034766 0.0195 0.016
v 0.034865 0.018741 0.016
v 0.034766 0.0185 0.016
v 0.034607 0.018292 0.016
v 0.0344 0.018133 0.016
v 0.034158 0.018034 0.016
v 0.0339 0.017999 0.016
v 0.033641 0.018034 0.016
v 0.033399 0.018133 0.016
v 0.033192 0.018292 0.016
v 0.033033 0.0185 0.016
v 0.034899 0.018999 0.001
v 0.034899 0.018999 0.016
v 0.034865 0.018741 0.016
v 0.034865 0.019258 0.001
v 0.034865 0.019258 0.016
v 0.034766 0.0195 0.001
v 0.034766 0.0195 0.016
v 0.032934 0.018741 0.016
v 0.032934 0.018741 0.001
v 0.033033 0.0185 0.001
v 0.0344 0.019866 0.001
v 0.0344 0.019866 0.016
v 0.034607 0.019707 0.016
v 0.034158 0.019965 0.001
v 0.034158 0.019965 0.016
v 0.0339 0.019999 0.001
v 0.0339 0.019999 0.016
v 0.033641 0.019965 0.001
v 0.033641 0.019965 0.016
v 0.033399 0.019866 0.001
v 0.033399 0.019866 0.016
v 0.033192 0.019707 0.001
v 0.033192 0.019707 0.016
v 0.033033 0.0195 0.001
v 0.033033 0.0195 0.016
v 0.032934 0.019258 0.001
v 0.032934 0.019258 0.016
v 0.0329 0.018999 0.001
v 0.0329 0.018999 0.016
v 0.034607 0.019707 0.001
v 0.034865 0.018741 0.001
v 0.034766 0.0185 0.016
v 0.034766 0.0185 0.001
v 0.034607 0.018292 0.016
v 0.034607 0.018292 0.001
v 0.0344 0.018133 0.016
v 0.0344 0.018133 0.001
v 0.034158 0.018034 0.016
v 0.034158 0.018034 0.001
v 0.0339 0.017999 0.016
v 0.0339 0.017999 0.001
v 0.033641 0.018034 0.016
v 0.033641 0.018034 0.001
v 0.033399 0.018133 0.016
v 0.033399 0.018133 0.001
v 0.033192 0.018292 0.016
v 0.033192 0.018292 0.001
v 0.033033 0.0185 0.016
v 0.0329 0.012 0.001
v 0.032934 0.012258 0.001
v 0.0339 0.012 0.001
v 0.032934 0.011741 0.001
v 0.033033 0.0115 0.001
v 0.033192 0.011292 0.001
v 0.033399 0.011133 0.001
v 0.033641 0.011034 0.001
v 0.0339 0.010999 0.001
v 0.034158 0.011034 0.001
v 0.0344 0.011133 0.001
v 0.034607 0.011292 0.001
v 0.034766 0.0115 0.001
v 0.034865 0.011741 0.001
v 0.034899 0.012 0.001
v 0.034865 0.012258 0.001
v 0.034766 0.0125 0.001
v 0.034607 0.012707 0.001
v 0.0344 0.012866 0.001
v 0.034158 0.012965 0.001
v 0.0339 0.013 0.001
v 0.033641 0.012965 0.001
v 0.033399 0.012866 0.001
v 0.033192 0.012707 0.001
v 0.033033 0.0125 0.001
v 0.0339 0.012 0.016
v 0.032934 0.011741 0.016
v 0.033033 0.0115 0.016
v 0.034865 0.011741 0.016
v 0.034899 0.012 0.016
v 0.0329 0.012 0.016
v 0.032934 0.012258 0.016
v 0.033033 0.0125 0.016
v 0.033192 0.012707 0.016
v 0.033399 0.012866 0.016
v 0.033641 0.012965 0.016
v 0.0339 0.013 0.016
v 0.034158 0.012965 0.016
v 0.0344 0.012866 0.016
v 0.034607 0.012707 0.016
v 0.034766 0.0125 0.016
v 0.034865 0.012258 0.016
v 0.034766 0.0115 0.016
v 0.034607 0.011292 0.016
v 0.0344 0.011133 0.016
v 0.034158 0.011034 0.016
v 0.0339 0.010999 0.016
v 0.033641 0.011034 0.016
v 0.033399 0.011133 0.016
v 0.033192 0.011292 0.016
v 0.032934 0.011741 0.016
v 0.032934 0.011741 0.001
v 0.033033 0.0115 0.001
v 0.0329 0.012 0.016
v 0.0329 0.012 0.001
v 0.033033 0.0115 0.016
v 0.033192 0.011292 0.001
v 0.033192 0.011292 0.016
v 0.033399 0.011133 0.001
v 0.033399 0.011133 0.016
v 0.033641 0.011034 0.001
v 0.033641 0.011034 0.016
v 0.0339 0.010999 0.001
v 0.0339 0.010999 0.016
v 0.034158 0.011034 0.001
v 0.034158 0.011034 0.016
v 0.0344 0.011133 0.001
v 0.0344 0.011133 0.016
v 0.034607 0.011292 0.001
v 0.034607 0.011292 0.016
v 0.034766 0.0115 0.001
v 0.034766 0.0115 0.016
v 0.034865 0.011741 0.001
v 0.034865 0.011741 0.016
v 0.034899 0.012 0.001
v 0.034899 0.012 0.016
v 0.034865 0.012258 0.001
v 0.034865 0.012258 0.016
v 0.034766 0.0125 0.001
v 0.034766 0.0125 0.016
v 0.034607 0.012707 0.001
v 0.034607 0.012707 0.016
v 0.0344 0.012866 0.001
v 0.0344 0.012866 0.016
v 0.034158 0.012965 0.001
v 0.034158 0.012965 0.016
v 0.0339 0.013 0.001
v 0.0339 0.013 0.016
v 0.033641 0.012965 0.001
v 0.033641 0.012965 0.016
v 0.033399 0.012866 0.001
v 0.033399 0.012866 0.016
v 0.033192 0.012707 0.001
v 0.033192 0.012707 0.016
v 0.033033 0.0125 0.001
v 0.033033 0.0125 0.016
v 0.032934 0.012258 0.001
v 0.032934 0.012258 0.016
v 0.034158 0.005965 0.001
v 0.0344 0.005866 0.001
v 0.0339 0.004999 0.001
v 0.0329 0.004999 0.001
v 0.032934 0.005258 0.001
v 0.034865 0.005258 0.001
v 0.034899 0.004999 0.001
v 0.034865 0.004741 0.001
v 0.034766 0.005499 0.001
v 0.034607 0.005707 0.001
v 0.032934 0.004741 0.001
v 0.0339 0.006 0.001
v 0.033641 0.005965 0.001
v 0.033399 0.005866 0.001
v 0.033192 0.005707 0.001
v 0.033033 0.005499 0.001
v 0.034766 0.004499 0.001
v 0.034607 0.004292 0.001
v 0.0344 0.004133 0.001
v 0.034158 0.004034 0.001
v 0.0339 0.004 0.001
v 0.033641 0.004034 0.001
v 0.033399 0.004133 0.001
v 0.033192 0.004292 0.001
v 0.033033 0.004499 0.001
v 0.034899 0.004999 0.016
v 0.034865 0.005258 0.016
v 0.0339 0.004999 0.016
v 0.034766 0.005499 0.016
v 0.034607 0.005707 0.016
v 0.0344 0.005866 0.016
v 0.034158 0.005965 0.016
v 0.0339 0.006 0.016
v 0.033641 0.005965 0.016
v 0.033399 0.005866 0.016
v 0.033192 0.005707 0.016
v 0.033033 0.005499 0.016
v 0.032934 0.005258 0.016
v 0.0329 0.004999 0.016
v 0.032934 0.004741 0.016
v 0.033033 0.004499 0.016
v 0.034766 0.004499 0.016
v 0.034865 0.004741 0.016
v 0.034607 0.004292 0.016
v 0.0344 0.004133 0.016
v 0.034158 0.004034 0.016
v 0.0339 0.004 0.016
v 0.033641 0.004034 0.016
v 0.033399 0.004133 0.016
v 0.033192 0.004292 0.016
v 0.034865 0.005258 0.001
v 0.034865 0.005258 0.016
v 0.034899 0.004999 0.016
v 0.034899 0.004999 0.001
v 0.034865 0.004741 0.016
v 0.034865 0.004741 0.001
v 0.034766 0.004499 0.016
v 0.034766 0.004499 0.001
v 0.034607 0.004292 0.016
v 0.034607 0.004292 0.001
v 0.0344 0.004133 0.016
v 0.0344 0.004133 0.001
v 0.034158 0.004034 0.016
v 0.034158 0.004034 0.001
v 0.0339 0.004 0.016
v 0.0339 0.004 0.001
v 0.033641 0.004034 0.016
v 0.033641 0.004034 0.001
v 0.033399 0.004133 0.016
v 0.033399 0.004133 0.001
v 0.033192 0.004292 0.016
v 0.033192 0.004292 0.001
v 0.033033 0.004499 0.016
v 0.032934 0.004741 0.001
v 0.032934 0.004741 0.016
v 0.0329 0.004999 0.016
v 0.033033 0.005499 0.001
v 0.033033 0.005499 0.016
v 0.033192 0.005707 0.016
v 0.033033 0.004499 0.001
v 0.0329 0.004999 0.001
v 0.032934 0.005258 0.016
v 0.032934 0.005258 0.001
v 0.033192 0.005707 0.001
v 0.033399 0.005866 0.016
v 0.033399 0.005866 0.001
v 0.033641 0.005965 0.016
v 0.033641 0.005965 0.001
v 0.0339 0.006 0.016
v 0.0339 0.006 0.001
v 0.034158 0.005965 0.016
v 0.034158 0.005965 0.001
v 0.0344 0.005866 0.016
v 0.0344 0.005866 0.001
v 0.034607 0.005707 0.016
v 0.034607 0.005707 0.001
v 0.034766 0.005499 0.016
v 0.034766 0.005499 0.001
v 0.041365 -0.001758 0.001
v 0.041266 -0.002 0.001
v 0.040399 -0.0015 0.001
v 0.0414 -0.0015 0.001
v 0.041365 -0.001241 0.001
v 0.041107 -0.000792 0.001
v 0.041266 -0.001 0.001
v 0.040899 -0.000633 0.001
v 0.040658 -0.000534 0.001
v 0.040399 -0.0005 0.001
v 0.040141 -0.000534 0.001
v 0.0399 -0.000633 0.001
v 0.039692 -0.000792 0.001
v 0.039533 -0.001 0.001
v 0.039434 -0.001241 0.001
v 0.041107 -0.002207 0.001
v 0.0394 -0.0015 0.001
v 0.039434 -0.001758 0.001
v 0.039533 -0.002 0.001
v 0.039692 -0.002207 0.001
v 0.0399 -0.002366 0.001
v 0.040141 -0.002465 0.001
v 0.040399 -0.002499 0.001
v 0.040658 -0.002465 0.001
v 0.040899 -0.002366 0.001
v 0.040399 -0.0015 0.016
v 0.039434 -0.001758 0.016
v 0.039533 -0.002 0.016
v 0.039692 -0.002207 0.016
v 0.0399 -0.002366 0.016
v 0.040141 -0.002465 0.016
v 0.040399 -0.002499 0.016
v 0.040658 -0.002465 0.016
v 0.040899 -0.002366 0.016
v 0.041107 -0.002207 0.016
v 0.041266 -0.002 0.016
v 0.041365 -0.001758 0.016
v 0.0414 -0.0015 0.016
v 0.041365 -0.001241 0.016
v 0.041266 -0.001 0.016
v 0.041107 -0.000792 0.016
v 0.040899 -0.000633 0.016
v 0.040658 -0.000534 0.016
v 0.040399 -0.0005 0.016
v 0.040141 -0.000534 0.016
v 0.0399 -0.000633 0.016
v 0.039692 -0.000792 0.016
v 0.039533 -0.001 0.016
v 0.039434 -0.001241 0.016
v 0.0394 -0.0015 0.016
v 0.040399 -0.002499 0.016
v 0.040399 -0.002499 0.001
v 0.040658 -0.002465 0.001
v 0.0394 -0.0015 0.001
v 0.0394 -0.0015 0.016
v 0.039434 -0.001241 0.016
v 0.039434 -0.001241 0.001
v 0.039533 -0.001 0.016
v 0.039533 -0.001 0.001
v 0.039692 -0.000792 0.016
v 0.039692 -0.000792 0.001
v 0.0399 -0.000633 0.016
v 0.0399 -0.000633 0.001
v 0.040141 -0.000534 0.016
v 0.040141 -0.000534 0.001
v 0.040399 -0.0005 0.016
v 0.040399 -0.0005 0.001
v 0.040658 -0.000534 0.016
v 0.040658 -0.000534 0.001
v 0.040899 -0.000633 0.016
v 0.040899 -0.000633 0.001
v 0.041107 -0.000792 0.016
v 0.041107 -0.000792 0.001
v 0.041266 -0.001 0.016
v 0.041266 -0.001 0.001
v 0.041365 -0.001241 0.016
v 0.041365 -0.001241 0.001
v 0.0414 -0.0015 0.016
v 0.041365 -0.001758 0.001
v 0.041365 -0.001758 0.016
v 0.041266 -0.002 0.016
v 0.041266 -0.002 0.001
v 0.041107 -0.002207 0.016
v 0.041107 -0.002207 0.001
v 0.040899 -0.002366 0.016
v 0.040899 -0.002366 0.001
v 0.040658 -0.002465 0.016
v 0.040141 -0.002465 0.016
v 0.040141 -0.002465 0.001
v 0.0399 -0.002366 0.016
v 0.0399 -0.002366 0.001
v 0.039692 -0.002207 0.016
v 0.039692 -0.002207 0.001
v 0.039533 -0.002 0.016
v 0.039533 -0.002 0.001
v 0.039434 -0.001758 0.016
v 0.039434 -0.001758 0.001
v 0.0414 -0.0015 0.001
v 0.046533 -0.001 0.001
v 0.046692 -0.000792 0.001
v 0.0474 -0.0015 0.001
v 0.046434 -0.001241 0.001
v 0.046399 -0.0015 0.001
v 0.046434 -0.001758 0.001
v 0.046533 -0.002 0.001
v 0.046692 -0.002207 0.001
v 0.0469 -0.002366 0.001
v 0.047141 -0.002465 0.001
v 0.0474 -0.002499 0.001
v 0.047658 -0.002465 0.001
v 0.047899 -0.002366 0.001
v 0.048107 -0.002207 0.001
v 0.048266 -0.002 0.001
v 0.048365 -0.001758 0.001
v 0.048399 -0.0015 0.001
v 0.048365 -0.001241 0.001
v 0.048266 -0.001 0.001
v 0.048107 -0.000792 0.001
v 0.047899 -0.000633 0.001
v 0.047658 -0.000534 0.001
v 0.0474 -0.0005 0.001
v 0.047141 -0.000534 0.001
v 0.0469 -0.000633 0.001
v 0.0474 -0.0015 0.016
v 0.046434 -0.001758 0.016
v 0.046533 -0.002 0.016
v 0.0474 -0.002499 0.016
v 0.047658 -0.002465 0.016
v 0.046399 -0.0015 0.016
v 0.046434 -0.001241 0.016
v 0.046533 -0.001 0.016
v 0.046692 -0.000792 0.016
v 0.0469 -0.000633 0.016
v 0.047141 -0.000534 0.016
v 0.0474 -0.0005 0.016
v 0.047658 -0.000534 0.016
v 0.047899 -0.000633 0.016
v 0.048107 -0.000792 0.016
v 0.048266 -0.001 0.016
v 0.048365 -0.001241 0.016
v 0.048365 -0.001758 0.016
v 0.048399 -0.0015 0.016
v 0.048266 -0.002 0.016
v 0.048107 -0.002207 0.016
v 0.047899 -0.002366 0.016
v 0.047141 -0.002465 0.016
v 0.0469 -0.002366 0.016
v 0.046692 -0.002207 0.016
v 0.046533 -0.002 0.001
v 0.046533 -0.002 0.016
v 0.046434 -0.001758 0.016
v 0.046692 -0.002207 0.001
v 0.046692 -0.002207 0.016
v 0.0469 -0.002366 0.001
v 0.0469 -0.002366 0.016
v 0.047141 -0.002465 0.001
v 0.047141 -0.002465 0.016
v 0.0474 -0.002499 0.001
v 0.0474 -0.002499 0.016
v 0.047658 -0.002465 0.001
v 0.047658 -0.002465 0.016
v 0.047899 -0.002366 0.001
v 0.047899 -0.002366 0.016
v 0.048107 -0.002207 0.001
v 0.048107 -0.002207 0.016
v 0.048266 -0.002 0.001
v 0.048266 -0.002 0.016
v 0.048365 -0.001758 0.001
v 0.048365 -0.001758 0.016
v 0.048399 -0.0015 0.001
v 0.048399 -0.0015 0.016
v 0.048365 -0.001241 0.001
v 0.048365 -0.001241 0.016
v 0.048266 -0.001 0.001
v 0.048266 -0.001 0.016
v 0.048107 -0.000792 0.001
v 0.048107 -0.000792 0.016
v 0.047899 -0.000633 0.001
v 0.047899 -0.000633 0.016
v 0.047658 -0.000534 0.001
v 0.047658 -0.000534 0.016
v 0.0474 -0.0005 0.001
v 0.0474 -0.0005 0.016
v 0.046434 -0.001758 0.001
v 0.046399 -0.0015 0.016
v 0.047141 -0.000534 0.001
v 0.047141 -0.000534 0.016
v 0.0469 -0.000633 0.001
v 0.0469 -0.000633 0.016
v 0.046692 -0.000792 0.001
v 0.046692 -0.000792 0.016
v 0.046533 -0.001 0.001
v 0.046533 -0.001 0.016
v 0.046434 -0.001241 0.001
v 0.046434 -0.001241 0.016
v 0.046399 -0.0015 0.001
v 0.053434 -0.001758 0.001
v 0.053399 -0.0015 0.001
v 0.0544 -0.0015 0.001
v 0.053434 -0.001241 0.001
v 0.053533 -0.001 0.001
v 0.053692 -0.000792 0.001
v 0.053899 -0.000633 0.001
v 0.054141 -0.000534 0.001
v 0.0544 -0.0005 0.001
v 0.054658 -0.000534 0.001
v 0.0549 -0.000633 0.001
v 0.055107 -0.000792 0.001
v 0.055266 -0.001 0.001
v 0.055365 -0.001241 0.001
v 0.055399 -0.0015 0.001
v 0.055365 -0.001758 0.001
v 0.055266 -0.002 0.001
v 0.055107 -0.002207 0.001
v 0.0549 -0.002366 0.001
v 0.054658 -0.002465 0.001
v 0.0544 -0.002499 0.001
v 0.054141 -0.002465 0.001
v 0.053899 -0.002366 0.001
v 0.053692 -0.002207 0.001
v 0.053533 -0.002 0.001
v 0.0549 -0.002366 0.016
v 0.055107 -0.002207 0.016
v 0.0544 -0.0015 0.016
v 0.053399 -0.0015 0.016
v 0.053434 -0.001758 0.016
v 0.053434 -0.001241 0.016
v 0.053533 -0.001 0.016
v 0.053692 -0.000792 0.016
v 0.054141 -0.000534 0.016
v 0.053899 -0.000633 0.016
v 0.0544 -0.0005 0.016
v 0.054658 -0.000534 0.016
v 0.0549 -0.000633 0.016
v 0.055107 -0.000792 0.016
v 0.055365 -0.001241 0.016
v 0.055266 -0.001 0.016
v 0.055399 -0.0015 0.016
v 0.055365 -0.001758 0.016
v 0.055266 -0.002 0.016
v 0.054658 -0.002465 0.016
v 0.0544 -0.002499 0.016
v 0.054141 -0.002465 0.016
v 0.053899 -0.002366 0.016
v 0.053692 -0.002207 0.016
v 0.053533 -0.002 0.016
v 0.053434 -0.001758 0.001
v 0.053434 -0.001758 0.016
v 0.053399 -0.0015 0.016
v 0.053533 -0.002 0.001
v 0.053533 -0.002 0.016
v 0.053692 -0.002207 0.001
v 0.053692 -0.002207 0.016
v 0.053899 -0.002366 0.001
v 0.053899 -0.002366 0.016
v 0.054141 -0.002465 0.001
v 0.054141 -0.002465 0.016
v 0.0544 -0.002499 0.001
v 0.0544 -0.002499 0.016
v 0.054658 -0.002465 0.001
v 0.054658 -0.002465 0.016
v 0.0549 -0.002366 0.001
v 0.0549 -0.002366 0.016
v 0.055107 -0.002207 0.001
v 0.055107 -0.002207 0.016
v 0.055266 -0.002 0.001
v 0.055266 -0.002 0.016
v 0.055399 -0.0015 0.001
v 0.055399 -0.0015 0.016
v 0.055365 -0.001758 0.016
v 0.055365 -0.001241 0.001
v 0.055365 -0.001241 0.016
v 0.055266 -0.001 0.001
v 0.055266 -0.001 0.016
v 0.055107 -0.000792 0.001
v 0.055107 -0.000792 0.016
v 0.0549 -0.000633 0.001
v 0.0549 -0.000633 0.016
v 0.054658 -0.000534 0.001
v 0.054658 -0.000534 0.016
v 0.0544 -0.0005 0.001
v 0.0544 -0.0005 0.016
v 0.054141 -0.000534 0.001
v 0.054141 -0.000534 0.016
v 0.053899 -0.000633 0.001
v 0.053899 -0.000633 0.016
v 0.053692 -0.000792 0.001
v 0.053692 -0.000792 0.016
v 0.053533 -0.001 0.001
v 0.053533 -0.001 0.016
v 0.053434 -0.001241 0.001
v 0.053434 -0.001241 0.016
v 0.053399 -0.0015 0.001
v 0.055365 -0.001758 0.001
v 0.060533 -0.002 0.001
v 0.060434 -0.001758 0.001
v 0.0614 -0.0015 0.001
v 0.062365 -0.001758 0.001
v 0.062266 -0.002 0.001
v 0.0604 -0.0015 0.001
v 0.060434 -0.001241 0.001
v 0.060533 -0.001 0.001
v 0.060692 -0.000792 0.001
v 0.060899 -0.000633 0.001
v 0.061141 -0.000534 0.001
v 0.0614 -0.0005 0.001
v 0.061658 -0.000534 0.001
v 0.0619 -0.000633 0.001
v 0.062107 -0.000792 0.001
v 0.062266 -0.001 0.001
v 0.062365 -0.001241 0.001
v 0.062399 -0.0015 0.001
v 0.062107 -0.002207 0.001
v 0.0619 -0.002366 0.001
v 0.061658 -0.002465 0.001
v 0.0614 -0.002499 0.001
v 0.061141 -0.002465 0.001
v 0.060899 -0.002366 0.001
v 0.060692 -0.002207 0.001
v 0.062365 -0.001758 0.016
v 0.062399 -0.0015 0.016
v 0.0614 -0.0015 0.016
v 0.060533 -0.001 0.016
v 0.060434 -0.001241 0.016
v 0.060692 -0.000792 0.016
v 0.060899 -0.000633 0.016
v 0.0604 -0.0015 0.016
v 0.060434 -0.001758 0.016
v 0.060533 -0.002 0.016
v 0.060692 -0.002207 0.016
v 0.060899 -0.002366 0.016
v 0.061141 -0.002465 0.016
v 0.0614 -0.002499 0.016
v 0.061658 -0.002465 0.016
v 0.0619 -0.002366 0.016
v 0.062107 -0.002207 0.016
v 0.062266 -0.002 0.016
v 0.062365 -0.001241 0.016
v 0.062266 -0.001 0.016
v 0.062107 -0.000792 0.016
v 0.0619 -0.000633 0.016
v 0.061658 -0.000534 0.016
v 0.0614 -0.0005 0.016
v 0.061141 -0.000534 0.016
v 0.060533 -0.001 0.016
v 0.060533 -0.001 0.001
v 0.060434 -0.001241 0.001
v 0.060692 -0.000792 0.016
v 0.060692 -0.000792 0.001
v 0.060899 -0.000633 0.016
v 0.060899 -0.000633 0.001
v 0.061141 -0.000534 0.016
v 0.060434 -0.001241 0.016
v 0.061141 -0.000534 0.001
v 0.0614 -0.0005 0.016
v 0.061658 -0.000534 0.001
v 0.061658 -0.000534 0.016
v 0.0619 -0.000633 0.016
v 0.0619 -0.000633 0.001
v 0.062107 -0.000792 0.016
v 0.062107 -0.000792 0.001
v 0.062266 -0.001 0.016
v 0.062266 -0.001 0.001
v 0.062365 -0.001241 0.016
v 0.062365 -0.001241 0.001
v 0.062399 -0.0015 0.016
v 0.062399 -0.0015 0.001
v 0.062365 -0.001758 0.016
v 0.062365 -0.001758 0.001
v 0.062266 -0.002 0.016
v 0.062266 -0.002 0.001
v 0.062107 -0.002207 0.016
v 0.062107 -0.002207 0.001
v 0.0619 -0.002366 0.016
v 0.0619 -0.002366 0.001
v 0.061658 -0.002465 0.016
v 0.0604 -0.0015 0.001
v 0.0614 -0.002499 0.001
v 0.0614 -0.002499 0.016
v 0.061141 -0.002465 0.016
v 0.061141 -0.002465 0.001
v 0.060899 -0.002366 0.016
v 0.060899 -0.002366 0.001
v 0.060692 -0.002207 0.016
v 0.060692 -0.002207 0.001
v 0.060533 -0.002 0.016
v 0.060533 -0.002 0.001
v 0.060434 -0.001758 0.016
v 0.061658 -0.002465 0.001
v 0.0604 -0.0015 0.016
v 0.0614 -0.0005 0.001
v 0.060434 -0.001758 0.001
v 0.0674 -0.0015 0.001
v 0.067434 -0.001241 0.001
v 0.0684 -0.0015 0.001
v 0.067434 -0.001758 0.001
v 0.067533 -0.002 0.001
v 0.067692 -0.002207 0.001
v 0.0679 -0.002366 0.001
v 0.068141 -0.002465 0.001
v 0.0684 -0.002499 0.001
v 0.068658 -0.002465 0.001
v 0.068899 -0.002366 0.001
v 0.069107 -0.002207 0.001
v 0.069266 -0.002 0.001
v 0.069365 -0.001758 0.001
v 0.069399 -0.0015 0.001
v 0.069365 -0.001241 0.001
v 0.069266 -0.001 0.001
v 0.069107 -0.000792 0.001
v 0.068899 -0.000633 0.001
v 0.068658 -0.000534 0.001
v 0.0684 -0.0005 0.001
v 0.068141 -0.000534 0.001
v 0.0679 -0.000633 0.001
v 0.067692 -0.000792 0.001
v 0.067533 -0.001 0.001
v 0.069399 -0.0015 0.016
v 0.069365 -0.001241 0.016
v 0.0684 -0.0015 0.016
v 0.067692 -0.002207 0.016
v 0.0679 -0.002366 0.016
v 0.067533 -0.002 0.016
v 0.0674 -0.0015 0.016
v 0.067434 -0.001758 0.016
v 0.067434 -0.001241 0.016
v 0.067533 -0.001 0.016
v 0.067692 -0.000792 0.016
v 0.0679 -0.000633 0.016
v 0.068141 -0.000534 0.016
v 0.0684 -0.0005 0.016
v 0.068658 -0.000534 0.016
v 0.068899 -0.000633 0.016
v 0.069107 -0.000792 0.016
v 0.069266 -0.001 0.016
v 0.069365 -0.001758 0.016
v 0.069266 -0.002 0.016
v 0.069107 -0.002207 0.016
v 0.068899 -0.002366 0.016
v 0.068658 -0.002465 0.016
v 0.0684 -0.002499 0.016
v 0.068141 -0.002465 0.016
v 0.0674 -0.0015 0.016
v 0.0674 -0.0015 0.001
v 0.067434 -0.001758 0.001
v 0.067434 -0.001758 0.016
v 0.067533 -0.002 0.001
v 0.067533 -0.002 0.016
v 0.067692 -0.002207 0.001
v 0.067692 -0.002207 0.016
v 0.0679 -0.002366 0.001
v 0.0679 -0.002366 0.016
v 0.068141 -0.002465 0.001
v 0.068141 -0.002465 0.016
v 0.0684 -0.002499 0.001
v 0.0684 -0.002499 0.016
v 0.068658 -0.002465 0.001
v 0.068658 -0.002465 0.016
v 0.068899 -0.002366 0.001
v 0.068899 -0.002366 0.016
v 0.069107 -0.002207 0.001
v 0.069107 -0.002207 0.016
v 0.069266 -0.002 0.001
v 0.069266 -0.002 0.016
v 0.069365 -0.001758 0.001
v 0.069365 -0.001758 0.016
v 0.069107 -0.000792 0.016
v 0.069107 -0.000792 0.001
v 0.068899 -0.000633 0.001
v 0.069365 -0.001241 0.001
v 0.069365 -0.001241 0.016
v 0.069399 -0.0015 0.016
v 0.069266 -0.001 0.001
v 0.069266 -0.001 0.016
v 0.068658 -0.000534 0.016
v 0.068658 -0.000534 0.001
v 0.0684 -0.0005 0.001
v 0.068899 -0.000633 0.016
v 0.0684 -0.0005 0.016
v 0.068141 -0.000534 0.001
v 0.068141 -0.000534 0.016
v 0.0679 -0.000633 0.001
v 0.0679 -0.000633 0.016
v 0.067692 -0.000792 0.001
v 0.067692 -0.000792 0.016
v 0.067533 -0.001 0.001
v 0.067533 -0.001 0.016
v 0.067434 -0.001241 0.001
v 0.067434 -0.001241 0.016
v 0.069399 -0.0015 0.001
v 0.0744 -0.0015 0.001
v 0.074434 -0.001241 0.001
v 0.0754 -0.0015 0.001
v 0.074434 -0.001758 0.001
v 0.074533 -0.002 0.001
v 0.074692 -0.002207 0.001
v 0.0749 -0.002366 0.001
v 0.075141 -0.002465 0.001
v 0.0754 -0.002499 0.001
v 0.075658 -0.002465 0.001
v 0.0759 -0.002366 0.001
v 0.076107 -0.002207 0.001
v 0.076266 -0.002 0.001
v 0.076365 -0.001758 0.001
v 0.076399 -0.0015 0.001
v 0.076365 -0.001241 0.001
v 0.076266 -0.001 0.001
v 0.076107 -0.000792 0.001
v 0.0759 -0.000633 0.001
v 0.075658 -0.000534 0.001
v 0.0754 -0.0005 0.001
v 0.075141 -0.000534 0.001
v 0.0749 -0.000633 0.001
v 0.074692 -0.000792 0.001
v 0.074533 -0.001 0.001
v 0.0744 -0.0015 0.016
v 0.074434 -0.001758 0.016
v 0.0754 -0.0015 0.016
v 0.076365 -0.001758 0.016
v 0.076399 -0.0015 0.016
v 0.076365 -0.001241 0.016
v 0.076266 -0.002 0.016
v 0.076107 -0.002207 0.016
v 0.0759 -0.002366 0.016
v 0.075658 -0.002465 0.016
v 0.0754 -0.002499 0.016
v 0.074692 -0.002207 0.016
v 0.0749 -0.002366 0.016
v 0.074533 -0.002 0.016
v 0.075141 -0.002465 0.016
v 0.076266 -0.001 0.016
v 0.076107 -0.000792 0.016
v 0.0759 -0.000633 0.016
v 0.075658 -0.000534 0.016
v 0.0754 -0.0005 0.016
v 0.075141 -0.000534 0.016
v 0.0749 -0.000633 0.016
v 0.074692 -0.000792 0.016
v 0.074533 -0.001 0.016
v 0.074434 -0.001241 0.016
v 0.075658 -0.002465 0.016
v 0.075658 -0.002465 0.001
v 0.0759 -0.002366 0.001
v 0.074692 -0.000792 0.016
v 0.074692 -0.000792 0.001
v 0.074533 -0.001 0.001
v 0.075141 -0.000534 0.016
v 0.075141 -0.000534 0.001
v 0.0749 -0.000633 0.001
v 0.0754 -0.0005 0.016
v 0.0754 -0.0005 0.001
v 0.075658 -0.000534 0.016
v 0.075658 -0.000534 0.001
v 0.0759 -0.000633 0.016
v 0.0759 -0.000633 0.001
v 0.076107 -0.000792 0.016
v 0.076107 -0.000792 0.001
v 0.076266 -0.001 0.016
v 0.076266 -0.001 0.001
v 0.076365 -0.001241 0.016
v 0.076365 -0.001241 0.001
v 0.076399 -0.0015 0.016
v 0.076399 -0.0015 0.001
v 0.076365 -0.001758 0.016
v 0.076365 -0.001758 0.001
v 0.076266 -0.002 0.016
v 0.076266 -0.002 0.001
v 0.076107 -0.002207 0.016
v 0.076107 -0.002207 0.001
v 0.0759 -0.002366 0.016
v 0.0754 -0.002499 0.016
v 0.0754 -0.002499 0.001
v 0.075141 -0.002465 0.016
v 0.075141 -0.002465 0.001
v 0.0749 -0.002366 0.016
v 0.0749 -0.002366 0.001
v 0.074692 -0.002207 0.016
v 0.074692 -0.002207 0.001
v 0.074533 -0.002 0.016
v 0.074533 -0.002 0.001
v 0.074434 -0.001758 0.016
v 0.074434 -0.001758 0.001
v 0.0744 -0.0015 0.016
v 0.0744 -0.0015 0.001
v 0.074434 -0.001241 0.016
v 0.0749 -0.000633 0.016
v 0.074434 -0.001241 0.001
v 0.074533 -0.001 0.016
v 0.0819 -0.002366 0.001
v 0.081692 -0.002207 0.001
v 0.0824 -0.0015 0.001
v 0.081434 -0.001758 0.001
v 0.081399 -0.0015 0.001
v 0.081533 -0.002 0.001
v 0.083365 -0.001241 0.001
v 0.0834 -0.0015 0.001
v 0.082141 -0.002465 0.001
v 0.0824 -0.002499 0.001
v 0.082658 -0.002465 0.001
v 0.0829 -0.002366 0.001
v 0.081692 -0.000792 0.001
v 0.0819 -0.000633 0.001
v 0.083107 -0.002207 0.001
v 0.083266 -0.002 0.001
v 0.081434 -0.001241 0.001
v 0.083365 -0.001758 0.001
v 0.083266 -0.001 0.001
v 0.083107 -0.000792 0.001
v 0.0829 -0.000633 0.001
v 0.082658 -0.000534 0.001
v 0.0824 -0.0005 0.001
v 0.082141 -0.000534 0.001
v 0.081533 -0.001 0.001
v 0.0824 -0.0015 0.016
v 0.081434 -0.001758 0.016
v 0.081533 -0.002 0.016
v 0.081399 -0.0015 0.016
v 0.081434 -0.001241 0.016
v 0.081533 -0.001 0.016
v 0.081692 -0.000792 0.016
v 0.0819 -0.000633 0.016
v 0.082141 -0.000534 0.016
v 0.0824 -0.0005 0.016
v 0.082658 -0.000534 0.016
v 0.0829 -0.000633 0.016
v 0.083107 -0.000792 0.016
v 0.083266 -0.001 0.016
v 0.083365 -0.001241 0.016
v 0.0834 -0.0015 0.016
v 0.083365 -0.001758 0.016
v 0.083266 -0.002 0.016
v 0.083107 -0.002207 0.016
v 0.0829 -0.002366 0.016
v 0.082658 -0.002465 0.016
v 0.0824 -0.002499 0.016
v 0.082141 -0.002465 0.016
v 0.0819 -0.002366 0.016
v 0.081692 -0.002207 0.016
v 0.081434 -0.001758 0.016
v 0.081434 -0.001758 0.001
v 0.081533 -0.002 0.001
v 0.081533 -0.002 0.016
v 0.081692 -0.002207 0.001
v 0.081692 -0.002207 0.016
v 0.0819 -0.002366 0.001
v 0.0819 -0.002366 0.016
v 0.082141 -0.002465 0.001
v 0.082141 -0.002465 0.016
v 0.0824 -0.002499 0.001
v 0.0824 -0.002499 0.016
v 0.082658 -0.002465 0.001
v 0.082658 -0.002465 0.016
v 0.0829 -0.002366 0.001
v 0.0829 -0.002366 0.016
v 0.083107 -0.002207 0.001
v 0.083107 -0.002207 0.016
v 0.083266 -0.002 0.001
v 0.083266 -0.002 0.016
v 0.083365 -0.001758 0.001
v 0.083365 -0.001758 0.016
v 0.0834 -0.0015 0.001
v 0.0834 -0.0015 0.016
v 0.083365 -0.001241 0.001
v 0.083365 -0.001241 0.016
v 0.083266 -0.001 0.001
v 0.083266 -0.001 0.016
v 0.083107 -0.000792 0.001
v 0.083107 -0.000792 0.016
v 0.0829 -0.000633 0.001
v 0.0829 -0.000633 0.016
v 0.082658 -0.000534 0.001
v 0.082658 -0.000534 0.016
v 0.0824 -0.0005 0.001
v 0.0824 -0.0005 0.016
v 0.082141 -0.000534 0.001
v 0.082141 -0.000534 0.016
v 0.0819 -0.000633 0.001
v 0.0819 -0.000633 0.016
v 0.081692 -0.000792 0.001
v 0.081692 -0.000792 0.016
v 0.081533 -0.001 0.001
v 0.081533 -0.001 0.016
v 0.081434 -0.001241 0.001
v 0.081434 -0.001241 0.016
v 0.081399 -0.0015 0.001
v 0.081399 -0.0015 0.016
v 0.088399 -0.0015 0.001
v 0.088434 -0.001241 0.001
v 0.0894 -0.0015 0.001
v 0.088434 -0.001758 0.001
v 0.088533 -0.002 0.001
v 0.088692 -0.002207 0.001
v 0.088899 -0.002366 0.001
v 0.089141 -0.002465 0.001
v 0.0894 -0.002499 0.001
v 0.089658 -0.002465 0.001
v 0.0899 -0.002366 0.001
v 0.090107 -0.002207 0.001
v 0.090266 -0.002 0.001
v 0.090365 -0.001758 0.001
v 0.0904 -0.0015 0.001
v 0.090365 -0.001241 0.001
v 0.090266 -0.001 0.001
v 0.090107 -0.000792 0.001
v 0.0899 -0.000633 0.001
v 0.089658 -0.000534 0.001
v 0.0894 -0.0005 0.001
v 0.089141 -0.000534 0.001
v 0.088899 -0.000633 0.001
v 0.088692 -0.000792 0.001
v 0.088533 -0.001 0.001
v 0.088399 -0.0015 0.016
v 0.088434 -0.001758 0.016
v 0.0894 -0.0015 0.016
v 0.088434 -0.001241 0.016
v 0.088533 -0.001 0.016
v 0.088692 -0.000792 0.016
v 0.088899 -0.000633 0.016
v 0.089141 -0.000534 0.016
v 0.0894 -0.0005 0.016
v 0.089658 -0.000534 0.016
v 0.0899 -0.000633 0.016
v 0.090107 -0.000792 0.016
v 0.090266 -0.001 0.016
v 0.090365 -0.001241 0.016
v 0.0904 -0.0015 0.016
v 0.090365 -0.001758 0.016
v 0.090266 -0.002 0.016
v 0.090107 -0.002207 0.016
v 0.0899 -0.002366 0.016
v 0.089658 -0.002465 0.016
v 0.0894 -0.002499 0.016
v 0.089141 -0.002465 0.016
v 0.088899 -0.002366 0.016
v 0.088692 -0.002207 0.016
v 0.088533 -0.002 0.016
v 0.088399 -0.0015 0.016
v 0.088399 -0.0015 0.001
v 0.088434 -0.001758 0.001
v 0.088434 -0.001758 0.016
v 0.088533 -0.002 0.001
v 0.088533 -0.002 0.016
v 0.088692 -0.002207 0.001
v 0.088692 -0.002207 0.016
v 0.088899 -0.002366 0.001
v 0.088899 -0.002366 0.016
v 0.089141 -0.002465 0.001
v 0.089141 -0.002465 0.016
v 0.0894 -0.002499 0.001
v 0.0894 -0.002499 0.016
v 0.089658 -0.002465 0.001
v 0.089658 -0.002465 0.016
v 0.0899 -0.002366 0.001
v 0.0899 -0.002366 0.016
v 0.090107 -0.002207 0.001
v 0.090107 -0.002207 0.016
v 0.090266 -0.002 0.001
v 0.090266 -0.002 0.016
v 0.090365 -0.001758 0.001
v 0.090365 -0.001758 0.016
v 0.0904 -0.0015 0.001
v 0.0904 -0.0015 0.016
v 0.090365 -0.001241 0.001
v 0.090365 -0.001241 0.016
v 0.090266 -0.001 0.001
v 0.090266 -0.001 0.016
v 0.0899 -0.000633 0.001
v 0.0899 -0.000633 0.016
v 0.090107 -0.000792 0.016
v 0.089658 -0.000534 0.001
v 0.089658 -0.000534 0.016
v 0.0894 -0.0005 0.001
v 0.0894 -0.0005 0.016
v 0.089141 -0.000534 0.001
v 0.089141 -0.000534 0.016
v 0.088899 -0.000633 0.001
v 0.088899 -0.000633 0.016
v 0.088692 -0.000792 0.001
v 0.088692 -0.000792 0.016
v 0.088533 -0.001 0.001
v 0.088533 -0.001 0.016
v 0.088434 -0.001241 0.001
v 0.088434 -0.001241 0.016
v 0.090107 -0.000792 0.001
v 0.0339 0.054 0.001
v 0.032934 0.054258 0.001
v 0.033033 0.054499 0.001
v 0.034158 0.054965 0.001
v 0.0344 0.054866 0.001
v 0.0329 0.054 0.001
v 0.032934 0.053741 0.001
v 0.033033 0.0535 0.001
v 0.033192 0.053292 0.001
v 0.033641 0.053034 0.001
v 0.033399 0.053133 0.001
v 0.0339 0.052999 0.001
v 0.034158 0.053034 0.001
v 0.0344 0.053133 0.001
v 0.034607 0.053292 0.001
v 0.034766 0.0535 0.001
v 0.034899 0.054 0.001
v 0.034865 0.053741 0.001
v 0.034865 0.054258 0.001
v 0.034766 0.054499 0.001
v 0.034607 0.054707 0.001
v 0.0339 0.054999 0.001
v 0.033641 0.054965 0.001
v 0.033399 0.054866 0.001
v 0.033192 0.054707 0.001
v 0.034899 0.054 0.016
v 0.034865 0.054258 0.016
v 0.0339 0.054 0.016
v 0.034865 0.053741 0.016
v 0.034766 0.0535 0.016
v 0.034607 0.053292 0.016
v 0.0344 0.053133 0.016
v 0.0339 0.052999 0.016
v 0.034158 0.053034 0.016
v 0.033641 0.053034 0.016
v 0.033399 0.053133 0.016
v 0.033192 0.053292 0.016
v 0.032934 0.053741 0.016
v 0.033033 0.0535 0.016
v 0.0329 0.054 0.016
v 0.032934 0.054258 0.016
v 0.033033 0.054499 0.016
v 0.033192 0.054707 0.016
v 0.033641 0.054965 0.016
v 0.033399 0.054866 0.016
v 0.0339 0.054999 0.016
v 0.034158 0.054965 0.016
v 0.0344 0.054866 0.016
v 0.034607 0.054707 0.016
v 0.034766 0.054499 0.016
v 0.034766 0.0535 0.016
v 0.034766 0.0535 0.001
v 0.034865 0.053741 0.001
v 0.034865 0.054258 0.001
v 0.034865 0.054258 0.016
v 0.034899 0.054 0.016
v 0.034766 0.054499 0.001
v 0.034766 0.054499 0.016
v 0.034607 0.054707 0.001
v 0.034607 0.054707 0.016
v 0.0344 0.054866 0.001
v 0.0344 0.054866 0.016
v 0.034158 0.054965 0.001
v 0.034158 0.054965 0.016
v 0.0339 0.054999 0.001
v 0.0339 0.054999 0.016
v 0.033641 0.054965 0.001
v 0.033641 0.054965 0.016
v 0.033399 0.054866 0.001
v 0.033399 0.054866 0.016
v 0.033192 0.054707 0.001
v 0.033192 0.054707 0.016
v 0.033033 0.054499 0.001
v 0.033033 0.054499 0.016
v 0.032934 0.054258 0.001
v 0.032934 0.054258 0.016
v 0.0329 0.054 0.001
v 0.0329 0.054 0.016
v 0.034899 0.054 0.001
v 0.034865 0.053741 0.016
v 0.034607 0.053292 0.016
v 0.034607 0.053292 0.001
v 0.0344 0.053133 0.016
v 0.0344 0.053133 0.001
v 0.034158 0.053034 0.016
v 0.034158 0.053034 0.001
v 0.0339 0.052999 0.016
v 0.0339 0.052999 0.001
v 0.033641 0.053034 0.016
v 0.033641 0.053034 0.001
v 0.033399 0.053133 0.016
v 0.033399 0.053133 0.001
v 0.033192 0.053292 0.016
v 0.033192 0.053292 0.001
v 0.033033 0.0535 0.016
v 0.033033 0.0535 0.001
v 0.032934 0.053741 0.016
v 0.032934 0.053741 0.001
vn 0 0 -1
vn 0 0 -1
vn 0 0 -1
vn 0 0 -1
vn 0 0 -1
vn 0 0 -1
vn 0 0 -1
vn 0 0 -1
vn 0 0 -1
vn 0 0 -1
vn 0 0 -1
vn 0 0 -1
vn 0 0 -1
vn 0 0 -1
vn 0 0 -1
vn 0 0 -1
vn 0 0 -1
vn 0 0 -1
vn 0 0 -1
vn 0 0 -1
vn 0 0 -1
vn 0 0 -1
vn 0 0 -1
vn 0 0 -1
vn 0 0 -1
vn 0 0 1
vn 0 0 1
vn 0 0 1
vn 0 0 1
vn 0 0 1
vn 0 0 1
vn 0 0 1
vn 0 0 1
vn 0 0 1
vn 0 0 1
vn 0 0 1
vn 0 0 1
vn 0 0 1
vn 0 0 1
vn 0 0 1
vn 0 0 1
vn 0 0 1
vn 0 0 1
vn 0 0 1
vn 0 0 1
vn 0 0 1
vn 0 0 1
vn 0 0 1
vn 0 0 1
vn 0 0 1
vn -0.866025 0.5 0
vn -0.866025 0.5 0
vn -0.965925 0.258819 0
vn -0.707106 0.707106 0
vn -0.707106 0.707106 0
vn -0.5 0.866025 0
vn -0.5 0.866025 0
vn -0.258819 0.965925 0
vn -0.258819 0.965925 0
vn -0 1 0
vn -0 1 0
vn 0.258819 0.965925 0
vn 0.258819 0.965925 0
vn 0.5 0.866025 0
vn 0.5 0.866025 0
vn 0.707106 0.707106 0
vn 0.707106 0.707106 0
vn -0.965925 0.258819 0
vn -1 0 0
vn 0.965925 0.258819 0
vn 0.965925 0.258819 0
vn 0.866025 0.5 0
vn 0.866025 0.5 0
vn 0.965925 -0.258819 0
vn 0.965925 -0.258819 0
vn 1 0 0
vn -1 0 0
vn 0.5 -0.866025 0
vn 0.5 -0.866025 0
vn 0.707106 -0.707106 0
vn 1 0 0
vn 0.866025 -0.5 0
vn 0.866025 -0.5 0
vn 0.707106 -0.707106 0
vn 0.258819 -0.965925 0
vn 0.258819 -0.965925 0
vn 0 -1 0
vn 0 -1 0
vn -0.258819 -0.965925 0
vn -0.258819 -0.965925 0
vn -0.5 -0.866025 0
vn -0.5 -0.866025 0
vn -0.707106 -0.707106 0
vn -0.707106 -0.707106 0
vn -0.866025 -0.5 0
vn -0.866025 -0.5 0
vn -0.965925 -0.258819 0
vn -0.965925 -0.258819 0
vn 0 0 -1
vn 0 0 -1
vn 0 0 -1
vn 0 0 -1
vn 0 0 -1
vn 0 0 -1
vn 0 0 -1
vn 0 0 -1
vn 0 0 -1
vn 0 0 -1
vn 0 0 -1
vn 0 0 -1
vn 0 0 -1
vn 0 0 -1
vn 0 0 -1
vn 0 0 -1
vn 0 0 -1
vn 0 0 -1
vn 0 0 -1
vn 0 0 -1
vn 0 0 -1
vn 0 0 -1
vn 0 0 -1
vn 0 0 -1
vn 0 0 -1
vn 0 0 1
vn 0 0 1
vn 0 0 1
vn 0 0 1
vn 0 0 1
vn 0 0 1
vn 0 0 1
vn 0 0 1
vn 0 0 1
vn 0 0 1
vn 0 0 1
vn 0 0 1
vn 0 0 1
vn 0 0 1
vn 0 0 1
vn 0 0 1
vn 0 0 1
vn 0 0 1
vn 0 0 1
vn 0 0 1
vn 0 0 1
vn 0 0 1
vn 0 0 1
vn 0 0 1
vn 0 0 1
vn -0.965925 -0.258819 0
vn -0.965925 -0.258819 0
vn -1 0 0
vn -0.866025 -0.5 0
vn -0.866025 -0.5 0
vn -0.707106 -0.707106 0
vn -0.707106 -0.707106 0
vn -0.5 -0.866025 0
vn -0.5 -0.866025 0
vn -0.258819 -0.965925 0
vn -0.258819 -0.965925 0
vn 0 -1 0
vn 0 -1 0
vn 0.258819 -0.965925 0
vn 0.258819 -0.965925 0
vn 0.5 -0.866025 0
vn 0.5 -0.866025 0
vn 0.707106 -0.707106 0
vn 0.707106 -0.707106 0
vn 0.866025 -0.5 0
vn 0.866025 -0.5 0
vn -1 0 0
vn -0.965925 0.258819 0
vn -0.965925 0.258819 0
vn -0.866025 0.5 0
vn -0.866025 0.5 0
vn -0.707106 0.707106 0
vn -0.707106 0.707106 0
vn -0.5 0.866025 0
vn -0.5 0.866025 0
vn -0.258819 0.965925 0
vn -0.258819 0.965925 0
vn -0 1 0
vn -0 1 0
vn 0.258819 0.965925 0
vn 0.258819 0.965925 0
vn 0.5 0.866025 0
vn 0.5 0.866025 0
vn 0.707106 0.707106 0
vn 0.707106 0.707106 0
vn 0.866025 0.5 0
vn 0.866025 0.5 0
vn 0.965925 0.258819 0
vn 0.965925 0.258819 0
vn 1 0 0
vn 1 0 0
vn 0.965925 -0.258819 0
vn 0.965925 -0.258819 0
vn 0 0 -1
vn 0 0 -1
vn 0 0 -1
vn 0 0 -1
vn 0 0 -1
vn 0 0 -1
vn 0 0 -1
vn 0 0 -1
vn 0 0 -1
vn 0 0 -1
vn 0 0 -1
vn 0 0 -1
vn 0 0 -1
vn 0 0 -1
vn 0 0 -1
vn 0 0 -1
vn 0 0 -1
vn 0 0 -1
vn 0 0 -1
vn 0 0 -1
vn 0 0 -1
vn 0 0 -1
vn 0 0 -1
vn 0 0 -1
vn 0 0 -1
vn 0 0 1
vn 0 0 1
vn 0 0 1
vn 0 0 1
vn 0 0 1
vn 0 0 1
vn 0 0 1
vn 0 0 1
vn 0 0 1
vn 0 0 1
vn 0 0 1
vn 0 0 1
vn 0 0 1
vn 0 0 1
vn 0 0 1
vn 0 0 1
vn 0 0 1
vn 0 0 1
vn 0 0 1
vn 0 0 1
vn 0 0 1
vn 0 0 1
vn 0 0 1
vn 0 0 1
vn 0 0 1
vn -0 1 0
vn -0 1 0
vn 0.258819 0.965925 0
vn 1 0 0
vn 1 0 0
vn 0.965925 -0.258819 0
vn 0.965925 -0.258819 0
vn 0.866025 -0.5 0
vn 0.866025 -0.5 0
vn 0.707106 -0.707106 0
vn 0.707106 -0.707106 0
vn 0.5 -0.866025 0
vn 0.5 -0.866025 0
vn 0.258819 -0.965925 0
vn 0.258819 -0.965925 0
vn 0 -1 0
vn 0 -1 0
vn -0.258819 -0.965925 0
vn -0.258819 -0.965925 0
vn -0.5 -0.866025 0
vn -0.5 -0.866025 0
vn -0.707106 -0.707106 0
vn -0.707106 -0.707106 0
vn -0.866025 -0.5 0
vn -0.866025 -0.5 0
vn -0.965925 -0.258819 0
vn -0.965925 -0.258819 0
vn -1 0 0
vn 0.965925 0.258819 0
vn -1 0 0
vn -0.965925 0.258819 0
vn -0.965925 0.258819 0
vn -0.866025 0.5 0
vn -0.866025 0.5 0
vn -0.707106 0.707106 0
vn -0.707106 0.707106 0
vn -0.5 0.866025 0
vn -0.5 0.866025 0
vn -0.258819 0.965925 0
vn -0.258819 0.965925 0
vn 0.258819 0.965925 0
vn 0.5 0.866025 0
vn 0.5 0.866025 0
vn 0.707106 0.707106 0
vn 0.707106 0.707106 0
vn 0.866025 0.5 0
vn 0.866025 0.5 0
vn 0.965925 0.258819 0
vn 0 0 -1
vn 0 0 -1
vn 0 0 -1
vn 0 0 -1
vn 0 0 -1
vn 0 0 -1
vn 0 0 -1
vn 0 0 -1
vn 0 0 -1
vn 0 0 -1
vn 0 0 -1
vn 0 0 -1
vn 0 0 -1
vn 0 0 -1
vn 0 0 -1
vn 0 0 -1
vn 0 0 -1
vn 0 0 -1
vn 0 0 -1
vn 0 0 -1
vn 0 0 -1
vn 0 0 -1
vn 0 0 -1
vn 0 0 -1
vn 0 0 -1
vn 0 0 1
vn 0 0 1
vn 0 0 1
vn 0 0 1
vn 0 0 1
vn 0 0 1
vn 0 0 1
vn 0 0 1
vn 0 0 1
vn 0 0 1
vn 0 0 1
vn 0 0 1
vn 0 0 1
vn 0 0 1
vn 0 0 1
vn 0 0 1
vn 0 0 1
vn 0 0 1
vn 0 0 1
vn 0 0 1
vn 0 0 1
vn 0 0 1
vn 0 0 1
vn 0 0 1
vn 0 0 1
vn -0.866025 -0.5 0
vn -0.866025 -0.5 0
vn -0.965925 -0.258819 0
vn -0.965925 -0.258819 0
vn -1 0 0
vn -1 0 0
vn -0.707106 -0.707106 0
vn -0.707106 -0.707106 0
vn -0.5 -0.866025 0
vn -0.5 -0.866025 0
vn -0.258819 -0.965925 0
vn -0.258819 -0.965925 0
vn 0 -1 0
vn 0 -1 0
vn 0.258819 -0.965925 0
vn 0.258819 -0.965925 0
vn 0.5 -0.866025 0
vn 0.5 -0.866025 0
vn 0.707106 -0.707106 0
vn 0.707106 -0.707106 0
vn 0.866025 -0.5 0
vn 0.866025 -0.5 0
vn 0.965925 -0.258819 0
vn 0.965925 -0.258819 0
vn 1 0 0
vn 1 0 0
vn 0.965925 0.258819 0
vn 0.965925 0.258819 0
vn 0.866025 0.5 0
vn 0.866025 0.5 0
vn 0.707106 0.707106 0
vn 0.5 0.866025 0
vn 0.5 0.866025 0
vn 0.258819 0.965925 0
vn 0.258819 0.965925 0
vn -0 1 0
vn -0 1 0
vn -0.258819 0.965925 0
vn -0.258819 0.965925 0
vn -0.5 0.866025 0
vn -0.5 0.866025 0
vn -0.707106 0.707106 0
vn -0.707106 0.707106 0
vn -0.866025 0.5 0
vn -0.965925 0.258819 0
vn -0.965925 0.258819 0
vn -0.866025 0.5 0
vn 0.707106 0.707106 0
vn 0 0 -1
vn 0 0 -1
vn 0 0 -1
vn 0 0 -1
vn 0 0 -1
vn 0 0 -1
vn 0 0 -1
vn 0 0 -1
vn 0 0 -1
vn 0 0 -1
vn 0 0 -1
vn 0 0 -1
vn 0 0 -1
vn 0 0 -1
vn 0 0 -1
vn 0 0 -1
vn 0 0 -1
vn 0 0 -1
vn 0 0 -1
vn 0 0 -1
vn 0 0 -1
vn 0 0 -1
vn 0 0 -1
vn 0 0 -1
vn 0 0 -1
vn 0 0 1
vn 0 0 1
vn 0 0 1
vn 0 0 1
vn 0 0 1
vn 0 0 1
vn 0 0 1
vn 0 0 1
vn 0 0 1
vn 0 0 1
vn 0 0 1
vn 0 0 1
vn 0 0 1
vn 0 0 1
vn 0 0 1
vn 0 0 1
vn 0 0 1
vn 0 0 1
vn 0 0 1
vn 0 0 1
vn 0 0 1
vn 0 0 1
vn 0 0 1
vn 0 0 1
vn 0 0 1
vn 1 0 0
vn 1 0 0
vn 0.965925 -0.258819 0
vn 0.965925 0.258819 0
vn 0.965925 0.258819 0
vn 0.866025 0.5 0
vn 0.866025 0.5 0
vn -0.965925 -0.258819 0
vn -0.965925 -0.258819 0
vn -0.866025 -0.5 0
vn 0.5 0.866025 0
vn 0.5 0.866025 0
vn 0.707106 0.707106 0
vn 0.258819 0.965925 0
vn 0.258819 0.965925 0
vn -0 1 0
vn -0 1 0
vn -0.258819 0.965925 0
vn -0.258819 0.965925 0
vn -0.5 0.866025 0
vn -0.5 0.866025 0
vn -0.707106 0.707106 0
vn -0.707106 0.707106 0
vn -0.866025 0.5 0
vn -0.866025 0.5 0
vn -0.965925 0.258819 0
vn -0.965925 0.258819 0
vn -1 0 0
vn -1 0 0
vn 0.707106 0.707106 0
vn 0.965925 -0.258819 0
vn 0.866025 -0.5 0
vn 0.866025 -0.5 0
vn 0.707106 -0.707106 0
vn 0.707106 -0.707106 0
vn 0.5 -0.866025 0
vn 0.5 -0.866025 0
vn 0.258819 -0.965925 0
vn 0.258819 -0.965925 0
vn 0 -1 0
vn 0 -1 0
vn -0.258819 -0.965925 0
vn -0.258819 -0.965925 0
vn -0.5 -0.866025 0
vn -0.5 -0.866025 0
vn -0.707106 -0.707106 0
vn -0.707106 -0.707106 0
vn -0.866025 -0.5 0
vn 0 0 -1
vn 0 0 -1
vn 0 0 -1
vn 0 0 -1
vn 0 0 -1
vn 0 0 -1
vn 0 0 -1
vn 0 0 -1
vn 0 0 -1
vn 0 0 -1
vn 0 0 -1
vn 0 0 -1
vn 0 0 -1
vn 0 0 -1
vn 0 0 -1
vn 0 0 -1
vn 0 0 -1
vn 0 0 -1
vn 0 0 -1
vn 0 0 -1
vn 0 0 -1
vn 0 0 -1
vn 0 0 -1
vn 0 0 -1
vn 0 0 -1
vn 0 0 1
vn 0 0 1
vn 0 0 1
vn 0 0 1
vn 0 0 1
vn 0 0 1
vn 0 0 1
vn 0 0 1
vn 0 0 1
vn 0 0 1
vn 0 0 1
vn 0 0 1
vn 0 0 1
vn 0 0 1
vn 0 0 1
vn 0 0 1
vn 0 0 1
vn 0 0 1
vn 0 0 1
vn 0 0 1
vn 0 0 1
vn 0 0 1
vn 0 0 1
vn 0 0 1
vn 0 0 1
vn -0.965925 -0.258819 0
vn -0.965925 -0.258819 0
vn -0.866025 -0.5 0
vn -1 0 0
vn -1 0 0
vn -0.866025 -0.5 0
vn -0.707106 -0.707106 0
vn -0.707106 -0.707106 0
vn -0.5 -0.866025 0
vn -0.5 -0.866025 0
vn -0.258819 -0.965925 0
vn -0.258819 -0.965925 0
vn 0 -1 0
vn 0 -1 0
vn 0.258819 -0.965925 0
vn 0.258819 -0.965925 0
vn 0.5 -0.866025 0
vn 0.5 -0.866025 0
vn 0.707106 -0.707106 0
vn 0.707106 -0.707106 0
vn 0.866025 -0.5 0
vn 0.866025 -0.5 0
vn 0.965925 -0.258819 0
vn 0.965925 -0.258819 0
vn 1 0 0
vn 1 0 0
vn 0.965925 0.258819 0
vn 0.965925 0.258819 0
vn 0.866025 0.5 0
vn 0.866025 0.5 0
vn 0.707106 0.707106 0
vn 0.707106 0.707106 0
vn 0.5 0.866025 0
vn 0.5 0.866025 0
vn 0.258819 0.965925 0
vn 0.258819 0.965925 0
vn -0 1 0
vn -0 1 0
vn -0.258819 0.965925 0
vn -0.258819 0.965925 0
vn -0.5 0.866025 0
vn -0.5 0.866025 0
vn -0.707106 0.707106 0
vn -0.707106 0.707106 0
vn -0.866025 0.5 0
vn -0.866025 0.5 0
vn -0.965925 0.258819 0
vn -0.965925 0.258819 0
vn 0 0 -1
vn 0 0 -1
vn 0 0 -1
vn 0 0 -1
vn 0 0 -1
vn 0 0 -1
vn 0 0 -1
vn 0 0 -1
vn 0 0 -1
vn 0 0 -1
vn 0 0 -1
vn 0 0 -1
vn 0 0 -1
vn 0 0 -1
vn 0 0 -1
vn 0 0 -1
vn 0 0 -1
vn 0 0 -1
vn 0 0 -1
vn 0 0 -1
vn 0 0 -1
vn 0 0 -1
vn 0 0 -1
vn 0 0 -1
vn 0 0 -1
vn 0 0 1
vn 0 0 1
vn 0 0 1
vn 0 0 1
vn 0 0 1
vn 0 0 1
vn 0 0 1
vn 0 0 1
vn 0 0 1
vn 0 0 1
vn 0 0 1
vn 0 0 1
vn 0 0 1
vn 0 0 1
vn 0 0 1
vn 0 0 1
vn 0 0 1
vn 0 0 1
vn 0 0 1
vn 0 0 1
vn 0 0 1
vn 0 0 1
vn 0 0 1
vn 0 0 1
vn 0 0 1
vn 0.965925 0.258819 0
vn 0.965925 0.258819 0
vn 1 0 0
vn 1 0 0
vn 0.965925 -0.258819 0
vn 0.965925 -0.258819 0
vn 0.866025 -0.5 0
vn 0.866025 -0.5 0
vn 0.707106 -0.707106 0
vn 0.707106 -0.707106 0
vn 0.5 -0.866025 0
vn 0.5 -0.866025 0
vn 0.258819 -0.965925 0
vn 0.258819 -0.965925 0
vn 0 -1 0
vn 0 -1 0
vn -0.258819 -0.965925 0
vn -0.258819 -0.965925 0
vn -0.5 -0.866025 0
vn -0.5 -0.866025 0
vn -0.707106 -0.707106 0
vn -0.707106 -0.707106 0
vn -0.866025 -0.5 0
vn -0.965925 -0.258819 0
vn -0.965925 -0.258819 0
vn -1 0 0
vn -0.866025 0.5 0
vn -0.866025 0.5 0
vn -0.707106 0.707106 0
vn -0.866025 -0.5 0
vn -1 0 0
vn -0.965925 0.258819 0
vn -0.965925 0.258819 0
vn -0.707106 0.707106 0
vn -0.5 0.866025 0
vn -0.5 0.866025 0
vn -0.258819 0.965925 0
vn -0.258819 0.965925 0
vn -0 1 0
vn -0 1 0
vn 0.258819 0.965925 0
vn 0.258819 0.965925 0
vn 0.5 0.866025 0
vn 0.5 0.866025 0
vn 0.707106 0.707106 0
vn 0.707106 0.707106 0
vn 0.866025 0.5 0
vn 0.866025 0.5 0
vn 0 0 -1
vn 0 0 -1
vn 0 0 -1
vn 0 0 -1
vn 0 0 -1
vn 0 0 -1
vn 0 0 -1
vn 0 0 -1
vn 0 0 -1
vn 0 0 -1
vn 0 0 -1
vn 0 0 -1
vn 0 0 -1
vn 0 0 -1
vn 0 0 -1
vn 0 0 -1
vn 0 0 -1
vn 0 0 -1
vn 0 0 -1
vn 0 0 -1
vn 0 0 -1
vn 0 0 -1
vn 0 0 -1
vn 0 0 -1
vn 0 0 -1
vn 0 0 1
vn 0 0 1
vn 0 0 1
vn 0 0 1
vn 0 0 1
vn 0 0 1
vn 0 0 1
vn 0 0 1
vn 0 0 1
vn 0 0 1
vn 0 0 1
vn 0 0 1
vn 0 0 1
vn 0 0 1
vn 0 0 1
vn 0 0 1
vn 0 0 1
vn 0 0 1
vn 0 0 1
vn 0 0 1
vn 0 0 1
vn 0 0 1
vn 0 0 1
vn 0 0 1
vn 0 0 1
vn 0 -1 0
vn 0 -1 0
vn 0.258819 -0.965925 0
vn -1 0 0
vn -1 0 0
vn -0.965925 0.258819 0
vn -0.965925 0.258819 0
vn -0.866025 0.5 0
vn -0.866025 0.5 0
vn -0.707106 0.707106 0
vn -0.707106 0.707106 0
vn -0.5 0.866025 0
vn -0.5 0.866025 0
vn -0.258819 0.965925 0
vn -0.258819 0.965925 0
vn -0 1 0
vn -0 1 0
vn 0.258819 0.965925 0
vn 0.258819 0.965925 0
vn 0.5 0.866025 0
vn 0.5 0.866025 0
vn 0.707106 0.707106 0
vn 0.707106 0.707106 0
vn 0.866025 0.5 0
vn 0.866025 0.5 0
vn 0.965925 0.258819 0
vn 0.965925 0.258819 0
vn 1 0 0
vn 0.965925 -0.258819 0
vn 0.965925 -0.258819 0
vn 0.866025 -0.5 0
vn 0.866025 -0.5 0
vn 0.707106 -0.707106 0
vn 0.707106 -0.707106 0
vn 0.5 -0.866025 0
vn 0.5 -0.866025 0
vn 0.258819 -0.965925 0
vn -0.258819 -0.965925 0
vn -0.258819 -0.965925 0
vn -0.5 -0.866025 0
vn -0.5 -0.866025 0
vn -0.707106 -0.707106 0
vn -0.707106 -0.707106 0
vn -0.866025 -0.5 0
vn -0.866025 -0.5 0
vn -0.965925 -0.258819 0
vn -0.965925 -0.258819 0
vn 1 0 0
vn 0 0 -1
vn 0 0 -1
vn 0 0 -1
vn 0 0 -1
vn 0 0 -1
vn 0 0 -1
vn 0 0 -1
vn 0 0 -1
vn 0 0 -1
vn 0 0 -1
vn 0 0 -1
vn 0 0 -1
vn 0 0 -1
vn 0 0 -1
vn 0 0 -1
vn 0 0 -1
vn 0 0 -1
vn 0 0 -1
vn 0 0 -1
vn 0 0 -1
vn 0 0 -1
vn 0 0 -1
vn 0 0 -1
vn 0 0 -1
vn 0 0 -1
vn 0 0 1
vn 0 0 1
vn 0 0 1
vn 0 0 1
vn 0 0 1
vn 0 0 1
vn 0 0 1
vn 0 0 1
vn 0 0 1
vn 0 0 1
vn 0 0 1
vn 0 0 1
vn 0 0 1
vn 0 0 1
vn 0 0 1
vn 0 0 1
vn 0 0 1
vn 0 0 1
vn 0 0 1
vn 0 0 1
vn 0 0 1
vn 0 0 1
vn 0 0 1
vn 0 0 1
vn 0 0 1
vn -0.866025 -0.5 0
vn -0.866025 -0.5 0
vn -0.965925 -0.258819 0
vn -0.707106 -0.707106 0
vn -0.707106 -0.707106 0
vn -0.5 -0.866025 0
vn -0.5 -0.866025 0
vn -0.258819 -0.965925 0
vn -0.258819 -0.965925 0
vn 0 -1 0
vn 0 -1 0
vn 0.258819 -0.965925 0
vn 0.258819 -0.965925 0
vn 0.5 -0.866025 0
vn 0.5 -0.866025 0
vn 0.707106 -0.707106 0
vn 0.707106 -0.707106 0
vn 0.866025 -0.5 0
vn 0.866025 -0.5 0
vn 0.965925 -0.258819 0
vn 0.965925 -0.258819 0
vn 1 0 0
vn 1 0 0
vn 0.965925 0.258819 0
vn 0.965925 0.258819 0
vn 0.866025 0.5 0
vn 0.866025 0.5 0
vn 0.707106 0.707106 0
vn 0.707106 0.707106 0
vn 0.5 0.866025 0
vn 0.5 0.866025 0
vn 0.258819 0.965925 0
vn 0.258819 0.965925 0
vn -0 1 0
vn -0 1 0
vn -0.965925 -0.258819 0
vn -1 0 0
vn -0.258819 0.965925 0
vn -0.258819 0.965925 0
vn -0.5 0.866025 0
vn -0.5 0.866025 0
vn -0.707106 0.707106 0
vn -0.707106 0.707106 0
vn -0.866025 0.5 0
vn -0.866025 0.5 0
vn -0.965925 0.258819 0
vn -0.965925 0.258819 0
vn -1 0 0
vn 0 0 -1
vn 0 0 -1
vn 0 0 -1
vn 0 0 -1
vn 0 0 -1
vn 0 0 -1
vn 0 0 -1
vn 0 0 -1
vn 0 0 -1
vn 0 0 -1
vn 0 0 -1
vn 0 0 -1
vn 0 0 -1
vn 0 0 -1
vn 0 0 -1
vn 0 0 -1
vn 0 0 -1
vn 0 0 -1
vn 0 0 -1
vn 0 0 -1
vn 0 0 -1
vn 0 0 -1
vn 0 0 -1
vn 0 0 -1
vn 0 0 -1
vn 0 0 1
vn 0 0 1
vn 0 0 1
vn 0 0 1
vn 0 0 1
vn 0 0 1
vn 0 0 1
vn 0 0 1
vn 0 0 1
vn 0 0 1
vn 0 0 1
vn 0 0 1
vn 0 0 1
vn 0 0 1
vn 0 0 1
vn 0 0 1
vn 0 0 1
vn 0 0 1
vn 0 0 1
vn 0 0 1
vn 0 0 1
vn 0 0 1
vn 0 0 1
vn 0 0 1
vn 0 0 1
vn -0.965925 -0.258819 0
vn -0.965925 -0.258819 0
vn -1 0 0
vn -0.866025 -0.5 0
vn -0.866025 -0.5 0
vn -0.707106 -0.707106 0
vn -0.707106 -0.707106 0
vn -0.5 -0.866025 0
vn -0.5 -0.866025 0
vn -0.258819 -0.965925 0
vn -0.258819 -0.965925 0
vn 0 -1 0
vn 0 -1 0
vn 0.258819 -0.965925 0
vn 0.258819 -0.965925 0
vn 0.5 -0.866025 0
vn 0.5 -0.866025 0
vn 0.707106 -0.707106 0
vn 0.707106 -0.707106 0
vn 0.866025 -0.5 0
vn 0.866025 -0.5 0
vn 1 0 0
vn 1 0 0
vn 0.965925 -0.258819 0
vn 0.965925 0.258819 0
vn 0.965925 0.258819 0
vn 0.866025 0.5 0
vn 0.866025 0.5 0
vn 0.707106 0.707106 0
vn 0.707106 0.707106 0
vn 0.5 0.866025 0
vn 0.5 0.866025 0
vn 0.258819 0.965925 0
vn 0.258819 0.965925 0
vn -0 1 0
vn -0 1 0
vn -0.258819 0.965925 0
vn -0.258819 0.965925 0
vn -0.5 0.866025 0
vn -0.5 0.866025 0
vn -0.707106 0.707106 0
vn -0.707106 0.707106 0
vn -0.866025 0.5 0
vn -0.866025 0.5 0
vn -0.965925 0.258819 0
vn -0.965925 0.258819 0
vn -1 0 0
vn 0.965925 -0.258819 0
vn 0 0 -1
vn 0 0 -1
vn 0 0 -1
vn 0 0 -1
vn 0 0 -1
vn 0 0 -1
vn 0 0 -1
vn 0 0 -1
vn 0 0 -1
vn 0 0 -1
vn 0 0 -1
vn 0 0 -1
vn 0 0 -1
vn 0 0 -1
vn 0 0 -1
vn 0 0 -1
vn 0 0 -1
vn 0 0 -1
vn 0 0 -1
vn 0 0 -1
vn 0 0 -1
vn 0 0 -1
vn 0 0 -1
vn 0 0 -1
vn 0 0 -1
vn 0 0 1
vn 0 0 1
vn 0 0 1
vn 0 0 1
vn 0 0 1
vn 0 0 1
vn 0 0 1
vn 0 0 1
vn 0 0 1
vn 0 0 1
vn 0 0 1
vn 0 0 1
vn 0 0 1
vn 0 0 1
vn 0 0 1
vn 0 0 1
vn 0 0 1
vn 0 0 1
vn 0 0 1
vn 0 0 1
vn 0 0 1
vn 0 0 1
vn 0 0 1
vn 0 0 1
vn 0 0 1
vn -0.866025 0.5 0
vn -0.866025 0.5 0
vn -0.965925 0.258819 0
vn -0.707106 0.707106 0
vn -0.707106 0.707106 0
vn -0.5 0.866025 0
vn -0.5 0.866025 0
vn -0.258819 0.965925 0
vn -0.965925 0.258819 0
vn -0.258819 0.965925 0
vn -0 1 0
vn 0.258819 0.965925 0
vn 0.258819 0.965925 0
vn 0.5 0.866025 0
vn 0.5 0.866025 0
vn 0.707106 0.707106 0
vn 0.707106 0.707106 0
vn 0.866025 0.5 0
vn 0.866025 0.5 0
vn 0.965925 0.258819 0
vn 0.965925 0.258819 0
vn 1 0 0
vn 1 0 0
vn 0.965925 -0.258819 0
vn 0.965925 -0.258819 0
vn 0.866025 -0.5 0
vn 0.866025 -0.5 0
vn 0.707106 -0.707106 0
vn 0.707106 -0.707106 0
vn 0.5 -0.866025 0
vn 0.5 -0.866025 0
vn 0.258819 -0.965925 0
vn -1 0 0
vn 0 -1 0
vn 0 -1 0
vn -0.258819 -0.965925 0
vn -0.258819 -0.965925 0
vn -0.5 -0.866025 0
vn -0.5 -0.866025 0
vn -0.707106 -0.707106 0
vn -0.707106 -0.707106 0
vn -0.866025 -0.5 0
vn -0.866025 -0.5 0
vn -0.965925 -0.258819 0
vn 0.258819 -0.965925 0
vn -1 0 0
vn -0 1 0
vn -0.965925 -0.258819 0
vn 0 0 -1
vn 0 0 -1
vn 0 0 -1
vn 0 0 -1
vn 0 0 -1
vn 0 0 -1
vn 0 0 -1
vn 0 0 -1
vn 0 0 -1
vn 0 0 -1
vn 0 0 -1
vn 0 0 -1
vn 0 0 -1
vn 0 0 -1
vn 0 0 -1
vn 0 0 -1
vn 0 0 -1
vn 0 0 -1
vn 0 0 -1
vn 0 0 -1
vn 0 0 -1
vn 0 0 -1
vn 0 0 -1
vn 0 0 -1
vn 0 0 -1
vn 0 0 1
vn 0 0 1
vn 0 0 1
vn 0 0 1
vn 0 0 1
vn 0 0 1
vn 0 0 1
vn 0 0 1
vn 0 0 1
vn 0 0 1
vn 0 0 1
vn 0 0 1
vn 0 0 1
vn 0 0 1
vn 0 0 1
vn 0 0 1
vn 0 0 1
vn 0 0 1
vn 0 0 1
vn 0 0 1
vn 0 0 1
vn 0 0 1
vn 0 0 1
vn 0 0 1
vn 0 0 1
vn -1 0 0
vn -1 0 0
vn -0.965925 -0.258819 0
vn -0.965925 -0.258819 0
vn -0.866025 -0.5 0
vn -0.866025 -0.5 0
vn -0.707106 -0.707106 0
vn -0.707106 -0.707106 0
vn -0.5 -0.866025 0
vn -0.5 -0.866025 0
vn -0.258819 -0.965925 0
vn -0.258819 -0.965925 0
vn 0 -1 0
vn 0 -1 0
vn 0.258819 -0.965925 0
vn 0.258819 -0.965925 0
vn 0.5 -0.866025 0
vn 0.5 -0.866025 0
vn 0.707106 -0.707106 0
vn 0.707106 -0.707106 0
vn 0.866025 -0.5 0
vn 0.866025 -0.5 0
vn 0.965925 -0.258819 0
vn 0.965925 -0.258819 0
vn 0.707106 0.707106 0
vn 0.707106 0.707106 0
vn 0.5 0.866025 0
vn 0.965925 0.258819 0
vn 0.965925 0.258819 0
vn 1 0 0
vn 0.866025 0.5 0
vn 0.866025 0.5 0
vn 0.258819 0.965925 0
vn 0.258819 0.965925 0
vn -0 1 0
vn 0.5 0.866025 0
vn -0 1 0
vn -0.258819 0.965925 0
vn -0.258819 0.965925 0
vn -0.5 0.866025 0
vn -0.5 0.866025 0
vn -0.707106 0.707106 0
vn -0.707106 0.707106 0
vn -0.866025 0.5 0
vn -0.866025 0.5 0
vn -0.965925 0.258819 0
vn -0.965925 0.258819 0
vn 1 0 0
vn 0 0 -1
vn 0 0 -1
vn 0 0 -1
vn 0 0 -1
vn 0 0 -1
vn 0 0 -1
vn 0 0 -1
vn 0 0 -1
vn 0 0 -1
vn 0 0 -1
vn 0 0 -1
vn 0 0 -1
vn 0 0 -1
vn 0 0 -1
vn 0 0 -1
vn 0 0 -1
vn 0 0 -1
vn 0 0 -1
vn 0 0 -1
vn 0 0 -1
vn 0 0 -1
vn 0 0 -1
vn 0 0 -1
vn 0 0 -1
vn 0 0 -1
vn 0 0 1
vn 0 0 1
vn 0 0 1
vn 0 0 1
vn 0 0 1
vn 0 0 1
vn 0 0 1
vn 0 0 1
vn 0 0 1
vn 0 0 1
vn 0 0 1
vn 0 0 1
vn 0 0 1
vn 0 0 1
vn 0 0 1
vn 0 0 1
vn 0 0 1
vn 0 0 1
vn 0 0 1
vn 0 0 1
vn 0 0 1
vn 0 0 1
vn 0 0 1
vn 0 0 1
vn 0 0 1
vn 0.258819 -0.965925 0
vn 0.258819 -0.965925 0
vn 0.5 -0.866025 0
vn -0.707106 0.707106 0
vn -0.707106 0.707106 0
vn -0.866025 0.5 0
vn -0.258819 0.965925 0
vn -0.258819 0.965925 0
vn -0.5 0.866025 0
vn -0 1 0
vn -0 1 0
vn 0.258819 0.965925 0
vn 0.258819 0.965925 0
vn 0.5 0.866025 0
vn 0.5 0.866025 0
vn 0.707106 0.707106 0
vn 0.707106 0.707106 0
vn 0.866025 0.5 0
vn 0.866025 0.5 0
vn 0.965925 0.258819 0
vn 0.965925 0.258819 0
vn 1 0 0
vn 1 0 0
vn 0.965925 -0.258819 0
vn 0.965925 -0.258819 0
vn 0.866025 -0.5 0
vn 0.866025 -0.5 0
vn 0.707106 -0.707106 0
vn 0.707106 -0.707106 0
vn 0.5 -0.866025 0
vn 0 -1 0
vn 0 -1 0
vn -0.258819 -0.965925 0
vn -0.258819 -0.965925 0
vn -0.5 -0.866025 0
vn -0.5 -0.866025 0
vn -0.707106 -0.707106 0
vn -0.707106 -0.707106 0
vn -0.866025 -0.5 0
vn -0.866025 -0.5 0
vn -0.965925 -0.258819 0
vn -0.965925 -0.258819 0
vn -1 0 0
vn -1 0 0
vn -0.965925 0.258819 0
vn -0.5 0.866025 0
vn -0.965925 0.258819 0
vn -0.866025 0.5 0
vn 0 0 -1
vn 0 0 -1
vn 0 0 -1
vn 0 0 -1
vn 0 0 -1
vn 0 0 -1
vn 0 0 -1
vn 0 0 -1
vn 0 0 -1
vn 0 0 -1
vn 0 0 -1
vn 0 0 -1
vn 0 0 -1
vn 0 0 -1
vn 0 0 -1
vn 0 0 -1
vn 0 0 -1
vn 0 0 -1
vn 0 0 -1
vn 0 0 -1
vn 0 0 -1
vn 0 0 -1
vn 0 0 -1
vn 0 0 -1
vn 0 0 -1
vn 0 0 1
vn 0 0 1
vn 0 0 1
vn 0 0 1
vn 0 0 1
vn 0 0 1
vn 0 0 1
vn 0 0 1
vn 0 0 1
vn 0 0 1
vn 0 0 1
vn 0 0 1
vn 0 0 1
vn 0 0 1
vn 0 0 1
vn 0 0 1
vn 0 0 1
vn 0 0 1
vn 0 0 1
vn 0 0 1
vn 0 0 1
vn 0 0 1
vn 0 0 1
vn 0 0 1
vn 0 0 1
vn -0.965925 -0.258819 0
vn -0.965925 -0.258819 0
vn -0.866025 -0.5 0
vn -0.866025 -0.5 0
vn -0.707106 -0.707106 0
vn -0.707106 -0.707106 0
vn -0.5 -0.866025 0
vn -0.5 -0.866025 0
vn -0.258819 -0.965925 0
vn -0.258819 -0.965925 0
vn 0 -1 0
vn 0 -1 0
vn 0.258819 -0.965925 0
vn 0.258819 -0.965925 0
vn 0.5 -0.866025 0
vn 0.5 -0.866025 0
vn 0.707106 -0.707106 0
vn 0.707106 -0.707106 0
vn 0.866025 -0.5 0
vn 0.866025 -0.5 0
vn 0.965925 -0.258819 0
vn 0.965925 -0.258819 0
vn 1 0 0
vn 1 0 0
vn 0.965925 0.258819 0
vn 0.965925 0.258819 0
vn 0.866025 0.5 0
vn 0.866025 0.5 0
vn 0.707106 0.707106 0
vn 0.707106 0.707106 0
vn 0.5 0.866025 0
vn 0.5 0.866025 0
vn 0.258819 0.965925 0
vn 0.258819 0.965925 0
vn -0 1 0
vn -0 1 0
vn -0.258819 0.965925 0
vn -0.258819 0.965925 0
vn -0.5 0.866025 0
vn -0.5 0.866025 0
vn -0.707106 0.707106 0
vn -0.707106 0.707106 0
vn -0.866025 0.5 0
vn -0.866025 0.5 0
vn -0.965925 0.258819 0
vn -0.965925 0.258819 0
vn -1 0 0
vn -1 0 0
vn 0 0 -1
vn 0 0 -1
vn 0 0 -1
vn 0 0 -1
vn 0 0 -1
vn 0 0 -1
vn 0 0 -1
vn 0 0 -1
vn 0 0 -1
vn 0 0 -1
vn 0 0 -1
vn 0 0 -1
vn 0 0 -1
vn 0 0 -1
vn 0 0 -1
vn 0 0 -1
vn 0 0 -1
vn 0 0 -1
vn 0 0 -1
vn 0 0 -1
vn 0 0 -1
vn 0 0 -1
vn 0 0 -1
vn 0 0 -1
vn 0 0 -1
vn 0 0 1
vn 0 0 1
vn 0 0 1
vn 0 0 1
vn 0 0 1
vn 0 0 1
vn 0 0 1
vn 0 0 1
vn 0 0 1
vn 0 0 1
vn 0 0 1
vn 0 0 1
vn 0 0 1
vn 0 0 1
vn 0 0 1
vn 0 0 1
vn 0 0 1
vn 0 0 1
vn 0 0 1
vn 0 0 1
vn 0 0 1
vn 0 0 1
vn 0 0 1
vn 0 0 1
vn 0 0 1
vn -1 0 0
vn -1 0 0
vn -0.965925 -0.258819 0
vn -0.965925 -0.258819 0
vn -0.866025 -0.5 0
vn -0.866025 -0.5 0
vn -0.707106 -0.707106 0
vn -0.707106 -0.707106 0
vn -0.5 -0.866025 0
vn -0.5 -0.866025 0
vn -0.258819 -0.965925 0
vn -0.258819 -0.965925 0
vn 0 -1 0
vn 0 -1 0
vn 0.258819 -0.965925 0
vn 0.258819 -0.965925 0
vn 0.5 -0.866025 0
vn 0.5 -0.866025 0
vn 0.707106 -0.707106 0
vn 0.707106 -0.707106 0
vn 0.866025 -0.5 0
vn 0.866025 -0.5 0
vn 0.965925 -0.258819 0
vn 0.965925 -0.258819 0
vn 1 0 0
vn 1 0 0
vn 0.965925 0.258819 0
vn 0.965925 0.258819 0
vn 0.866025 0.5 0
vn 0.866025 0.5 0
vn 0.5 0.866025 0
vn 0.5 0.866025 0
vn 0.707106 0.707106 0
vn 0.258819 0.965925 0
vn 0.258819 0.965925 0
vn -0 1 0
vn -0 1 0
vn -0.258819 0.965925 0
vn -0.258819 0.965925 0
vn -0.5 0.866025 0
vn -0.5 0.866025 0
vn -0.707106 0.707106 0
vn -0.707106 0.707106 0
vn -0.866025 0.5 0
vn -0.866025 0.5 0
vn -0.965925 0.258819 0
vn -0.965925 0.258819 0
vn 0.707106 0.707106 0
vn 0 0 -1
vn 0 0 -1
vn 0 0 -1
vn 0 0 -1
vn 0 0 -1
vn 0 0 -1
vn 0 0 -1
vn 0 0 -1
vn 0 0 -1
vn 0 0 -1
vn 0 0 -1
vn 0 0 -1
vn 0 0 -1
vn 0 0 -1
vn 0 0 -1
vn 0 0 -1
vn 0 0 -1
vn 0 0 -1
vn 0 0 -1
vn 0 0 -1
vn 0 0 -1
vn 0 0 -1
vn 0 0 -1
vn 0 0 -1
vn 0 0 -1
vn 0 0 1
vn 0 0 1
vn 0 0 1
vn 0 0 1
vn 0 0 1
vn 0 0 1
vn 0 0 1
vn 0 0 1
vn 0 0 1
vn 0 0 1
vn 0 0 1
vn 0 0 1
vn 0 0 1
vn 0 0 1
vn 0 0 1
vn 0 0 1
vn 0 0 1
vn 0 0 1
vn 0 0 1
vn 0 0 1
vn 0 0 1
vn 0 0 1
vn 0 0 1
vn 0 0 1
vn 0 0 1
vn 0.866025 -0.5 0
vn 0.866025 -0.5 0
vn 0.965925 -0.258819 0
vn 0.965925 0.258819 0
vn 0.965925 0.258819 0
vn 1 0 0
vn 0.866025 0.5 0
vn 0.866025 0.5 0
vn 0.707106 0.707106 0
vn 0.707106 0.707106 0
vn 0.5 0.866025 0
vn 0.5 0.866025 0
vn 0.258819 0.965925 0
vn 0.258819 0.965925 0
vn -0 1 0
vn -0 1 0
vn -0.258819 0.965925 0
vn -0.258819 0.965925 0
vn -0.5 0.866025 0
vn -0.5 0.866025 0
vn -0.707106 0.707106 0
vn -0.707106 0.707106 0
vn -0.866025 0.5 0
vn -0.866025 0.5 0
vn -0.965925 0.258819 0
vn -0.965925 0.258819 0
vn -1 0 0
vn -1 0 0
vn 1 0 0
vn 0.965925 -0.258819 0
vn 0.707106 -0.707106 0
vn 0.707106 -0.707106 0
vn 0.5 -0.866025 0
vn 0.5 -0.866025 0
vn 0.258819 -0.965925 0
vn 0.258819 -0.965925 0
vn 0 -1 0
vn 0 -1 0
vn -0.258819 -0.965925 0
vn -0.258819 -0.965925 0
vn -0.5 -0.866025 0
vn -0.5 -0.866025 0
vn -0.707106 -0.707106 0
vn -0.707106 -0.707106 0
vn -0.866025 -0.5 0
vn -0.866025 -0.5 0
vn -0.965925 -0.258819 0
vn -0.965925 -0.258819 0
usemtl App6
f 3560//3560 3561//3561 3562//3562
f 3563//3563 3564//3564 3561//3561
f 3565//3565 3566//3566 3564//3564
f 3567//3567 3568//3568 3566//3566
f 3569//3569 3570//3570 3568//3568
f 3571//3571 3572//3572 3570//3570
f 3573//3573 3574//3574 3572//3572
f 3575//3575 3576//3576 3574//3574
f 3577//3577 3562//3562 3578//3578
f 3579//3579 3580//3580 3581//3581
f 3582//3582 3581//3581 3576//3576
f 3583//3583 3584//3584 3585//3585
f 3578//3578 3586//3586 3577//3577
f 3562//3562 3577//3577 3560//3560
f 3561//3561 3560//3560 3563//3563
f 3564//3564 3563//3563 3565//3565
f 3566//3566 3565//3565 3567//3567
f 3568//3568 3567//3567 3569//3569
f 3570//3570 3569//3569 3571//3571
f 3572//3572 3571//3571 3573//3573
f 3574//3574 3573//3573 3575//3575
f 3576//3576 3575//3575 3582//3582
f 3587//3587 3588//3588 3589//3589
f 3580//3580 3579//3579 3590//3590
f 3591//3591 3592//3592 3584//3584
f 3585//3585 3590//3590 3583//3583
f 3584//3584 3583//3583 3591//3591
f 3592//3592 3591//3591 3593//3593
f 3589//3589 3593//3593 3587//3587
f 3588//3588 3587//3587 3594//3594
f 3595//3595 3594//3594 3596//3596
f 3597//3597 3596//3596 3598//3598
f 3599//3599 3598//3598 3600//3600
f 3601//3601 3600//3600 3602//3602
f 3603//3603 3602//3602 3604//3604
f 3581//3581 3582//3582 3579//3579
f 3605//3605 3604//3604 3606//3606
f 3607//3607 3606//3606 3586//3586
f 3586//3586 3578//3578 3607//3607
f 3590//3590 3585//3585 3580//3580
f 3606//3606 3607//3607 3605//3605
f 3604//3604 3605//3605 3603//3603
f 3602//3602 3603//3603 3601//3601
f 3600//3600 3601//3601 3599//3599
f 3598//3598 3599//3599 3597//3597
f 3596//3596 3597//3597 3595//3595
f 3594//3594 3595//3595 3588//3588
f 3593//3593 3589//3589 3592//3592
f 3658//3658 3659//3659 3660//3660
f 3661//3661 3662//3662 3659//3659
f 3663//3663 3664//3664 3662//3662
f 3665//3665 3666//3666 3664//3664
f 3667//3667 3668//3668 3666//3666
f 3669//3669 3670//3670 3668//3668
f 3671//3671 3672//3672 3670//3670
f 3673//3673 3674//3674 3672//3672
f 3675//3675 3676//3676 3674//3674
f 3677//3677 3678//3678 3676//3676
f 3660//3660 3679//3679 3658//3658
f 3679//3679 3660//3660 3680//3680
f 3681//3681 3680//3680 3682//3682
f 3683//3683 3682//3682 3684//3684
f 3685//3685 3684//3684 3686//3686
f 3687//3687 3686//3686 3688//3688
f 3689//3689 3688//3688 3690//3690
f 3691//3691 3690//3690 3692//3692
f 3693//3693 3692//3692 3694//3694
f 3695//3695 3694//3694 3696//3696
f 3697//3697 3696//3696 3698//3698
f 3699//3699 3698//3698 3700//3700
f 3701//3701 3700//3700 3702//3702
f 3703//3703 3702//3702 3704//3704
f 3659//3659 3658//3658 3661//3661
f 3705//3705 3704//3704 3678//3678
f 3700//3700 3701//3701 3699//3699
f 3680//3680 3681//3681 3679//3679
f 3682//3682 3683//3683 3681//3681
f 3684//3684 3685//3685 3683//3683
f 3686//3686 3687//3687 3685//3685
f 3688//3688 3689//3689 3687//3687
f 3690//3690 3691//3691 3689//3689
f 3692//3692 3693//3693 3691//3691
f 3694//3694 3695//3695 3693//3693
f 3696//3696 3697//3697 3695//3695
f 3698//3698 3699//3699 3697//3697
f 3702//3702 3703//3703 3701//3701
f 3704//3704 3705//3705 3703//3703
f 3678//3678 3677//3677 3705//3705
f 3676//3676 3675//3675 3677//3677
f 3674//3674 3673//3673 3675//3675
f 3672//3672 3671//3671 3673//3673
f 3670//3670 3669//3669 3671//3671
f 3668//3668 3667//3667 3669//3669
f 3666//3666 3665//3665 3667//3667
f 3664//3664 3663//3663 3665//3665
f 3662//3662 3661//3661 3663//3663
f 3756//3756 3757//3757 3758//3758
f 3759//3759 3760//3760 3761//3761
f 3762//3762 3761//3761 3763//3763
f 3764//3764 3763//3763 3765//3765
f 3766//3766 3765//3765 3767//3767
f 3768//3768 3767//3767 3769//3769
f 3770//3770 3769//3769 3771//3771
f 3772//3772 3771//3771 3773//3773
f 3774//3774 3773//3773 3775//3775
f 3776//3776 3775//3775 3777//3777
f 3778//3778 3777//3777 3779//3779
f 3780//3780 3779//3779 3781//3781
f 3781//3781 3782//3782 3780//3780
f 3782//3782 3781//3781 3783//3783
f 3760//3760 3759//3759 3784//3784
f 3761//3761 3762//3762 3759//3759
f 3763//3763 3764//3764 3762//3762
f 3771//3771 3772//3772 3770//3770
f 3785//3785 3783//3783 3786//3786
f 3765//3765 3766//3766 3764//3764
f 3767//3767 3768//3768 3766//3766
f 3769//3769 3770//3770 3768//3768
f 3773//3773 3774//3774 3772//3772
f 3775//3775 3776//3776 3774//3774
f 3783//3783 3785//3785 3782//3782
f 3777//3777 3778//3778 3776//3776
f 3779//3779 3780//3780 3778//3778
f 3786//3786 3787//3787 3785//3785
f 3788//3788 3789//3789 3787//3787
f 3790//3790 3791//3791 3789//3789
f 3792//3792 3793//3793 3791//3791
f 3794//3794 3795//3795 3793//3793
f 3757//3757 3756//3756 3795//3795
f 3758//3758 3796//3796 3756//3756
f 3797//3797 3798//3798 3796//3796
f 3799//3799 3800//3800 3798//3798
f 3801//3801 3802//3802 3800//3800
f 3803//3803 3784//3784 3802//3802
f 3784//3784 3803//3803 3760//3760
f 3802//3802 3801//3801 3803//3803
f 3800//3800 3799//3799 3801//3801
f 3798//3798 3797//3797 3799//3799
f 3796//3796 3758//3758 3797//3797
f 3795//3795 3794//3794 3757//3757
f 3793//3793 3792//3792 3794//3794
f 3791//3791 3790//3790 3792//3792
f 3789//3789 3788//3788 3790//3790
f 3787//3787 3786//3786 3788//3788
f 3854//3854 3855//3855 3856//3856
f 3857//3857 3856//3856 3858//3858
f 3858//3858 3859//3859 3857//3857
f 3856//3856 3857//3857 3854//3854
f 3855//3855 3854//3854 3860//3860
f 3861//3861 3860//3860 3862//3862
f 3863//3863 3862//3862 3864//3864
f 3865//3865 3864//3864 3866//3866
f 3867//3867 3866//3866 3868//3868
f 3869//3869 3868//3868 3870//3870
f 3871//3871 3870//3870 3872//3872
f 3873//3873 3872//3872 3874//3874
f 3875//3875 3874//3874 3876//3876
f 3877//3877 3876//3876 3878//3878
f 3879//3879 3878//3878 3880//3880
f 3881//3881 3880//3880 3882//3882
f 3883//3883 3882//3882 3884//3884
f 3885//3885 3886//3886 3887//3887
f 3888//3888 3887//3887 3889//3889
f 3890//3890 3889//3889 3891//3891
f 3892//3892 3891//3891 3893//3893
f 3894//3894 3893//3893 3895//3895
f 3896//3896 3895//3895 3897//3897
f 3893//3893 3894//3894 3892//3892
f 3859//3859 3858//3858 3898//3898
f 3899//3899 3898//3898 3900//3900
f 3897//3897 3900//3900 3896//3896
f 3895//3895 3896//3896 3894//3894
f 3891//3891 3892//3892 3890//3890
f 3901//3901 3884//3884 3886//3886
f 3889//3889 3890//3890 3888//3888
f 3887//3887 3888//3888 3885//3885
f 3886//3886 3885//3885 3901//3901
f 3884//3884 3901//3901 3883//3883
f 3882//3882 3883//3883 3881//3881
f 3880//3880 3881//3881 3879//3879
f 3878//3878 3879//3879 3877//3877
f 3876//3876 3877//3877 3875//3875
f 3874//3874 3875//3875 3873//3873
f 3872//3872 3873//3873 3871//3871
f 3870//3870 3871//3871 3869//3869
f 3868//3868 3869//3869 3867//3867
f 3900//3900 3897//3897 3899//3899
f 3866//3866 3867//3867 3865//3865
f 3864//3864 3865//3865 3863//3863
f 3862//3862 3863//3863 3861//3861
f 3860//3860 3861//3861 3855//3855
f 3898//3898 3899//3899 3859//3859
f 3952//3952 3953//3953 3954//3954
f 3955//3955 3956//3956 3953//3953
f 3957//3957 3958//3958 3956//3956
f 3959//3959 3960//3960 3961//3961
f 3962//3962 3963//3963 3964//3964
f 3965//3965 3966//3966 3963//3963
f 3967//3967 3968//3968 3966//3966
f 3969//3969 3970//3970 3968//3968
f 3971//3971 3972//3972 3970//3970
f 3973//3973 3974//3974 3972//3972
f 3975//3975 3976//3976 3974//3974
f 3977//3977 3978//3978 3976//3976
f 3979//3979 3980//3980 3978//3978
f 3981//3981 3964//3964 3958//3958
f 3960//3960 3959//3959 3980//3980
f 3978//3978 3977//3977 3979//3979
f 3976//3976 3975//3975 3977//3977
f 3974//3974 3973//3973 3975//3975
f 3972//3972 3971//3971 3973//3973
f 3970//3970 3969//3969 3971//3971
f 3968//3968 3967//3967 3969//3969
f 3966//3966 3965//3965 3967//3967
f 3964//3964 3981//3981 3962//3962
f 3958//3958 3957//3957 3981//3981
f 3956//3956 3955//3955 3957//3957
f 3953//3953 3952//3952 3955//3955
f 3954//3954 3982//3982 3952//3952
f 3983//3983 3984//3984 3982//3982
f 3985//3985 3986//3986 3984//3984
f 3987//3987 3988//3988 3986//3986
f 3989//3989 3990//3990 3988//3988
f 3991//3991 3992//3992 3990//3990
f 3993//3993 3994//3994 3992//3992
f 3995//3995 3996//3996 3994//3994
f 3997//3997 3998//3998 3996//3996
f 3999//3999 3961//3961 3998//3998
f 3963//3963 3962//3962 3965//3965
f 3980//3980 3979//3979 3960//3960
f 3961//3961 3999//3999 3959//3959
f 3998//3998 3997//3997 3999//3999
f 3996//3996 3995//3995 3997//3997
f 3994//3994 3993//3993 3995//3995
f 3992//3992 3991//3991 3993//3993
f 3990//3990 3989//3989 3991//3991
f 3988//3988 3987//3987 3989//3989
f 3986//3986 3985//3985 3987//3987
f 3984//3984 3983//3983 3985//3985
f 3982//3982 3954//3954 3983//3983
f 4050//4050 4051//4051 4052//4052
f 4053//4053 4054//4054 4051//4051
f 4051//4051 4050//4050 4053//4053
f 4052//4052 4055//4055 4050//4050
f 4056//4056 4057//4057 4055//4055
f 4058//4058 4059//4059 4057//4057
f 4060//4060 4061//4061 4059//4059
f 4062//4062 4063//4063 4061//4061
f 4064//4064 4065//4065 4063//4063
f 4066//4066 4067//4067 4065//4065
f 4068//4068 4069//4069 4067//4067
f 4070//4070 4071//4071 4069//4069
f 4072//4072 4073//4073 4071//4071
f 4074//4074 4075//4075 4073//4073
f 4076//4076 4077//4077 4075//4075
f 4078//4078 4079//4079 4077//4077
f 4080//4080 4081//4081 4079//4079
f 4082//4082 4083//4083 4081//4081
f 4084//4084 4085//4085 4083//4083
f 4086//4086 4087//4087 4085//4085
f 4088//4088 4089//4089 4087//4087
f 4090//4090 4091//4091 4089//4089
f 4092//4092 4093//4093 4091//4091
f 4094//4094 4095//4095 4093//4093
f 4096//4096 4097//4097 4095//4095
f 4054//4054 4053//4053 4097//4097
f 4097//4097 4096//4096 4054//4054
f 4095//4095 4094//4094 4096//4096
f 4093//4093 4092//4092 4094//4094
f 4091//4091 4090//4090 4092//4092
f 4089//4089 4088//4088 4090//4090
f 4087//4087 4086//4086 4088//4088
f 4085//4085 4084//4084 4086//4086
f 4083//4083 4082//4082 4084//4084
f 4081//4081 4080//4080 4082//4082
f 4079//4079 4078//4078 4080//4080
f 4077//4077 4076//4076 4078//4078
f 4075//4075 4074//4074 4076//4076
f 4073//4073 4072//4072 4074//4074
f 4071//4071 4070//4070 4072//4072
f 4069//4069 4068//4068 4070//4070
f 4067//4067 4066//4066 4068//4068
f 4065//4065 4064//4064 4066//4066
f 4063//4063 4062//4062 4064//4064
f 4061//4061 4060//4060 4062//4062
f 4059//4059 4058//4058 4060//4060
f 4057//4057 4056//4056 4058//4058
f 4055//4055 4052//4052 4056//4056
f 4148//4148 4149//4149 4150//4150
f 4151//4151 4150//4150 4152//4152
f 4153//4153 4152//4152 4154//4154
f 4155//4155 4154//4154 4156//4156
f 4157//4157 4156//4156 4158//4158
f 4159//4159 4158//4158 4160//4160
f 4161//4161 4160//4160 4162//4162
f 4163//4163 4162//4162 4164//4164
f 4165//4165 4164//4164 4166//4166
f 4167//4167 4166//4166 4168//4168
f 4169//4169 4168//4168 4170//4170
f 4171//4171 4172//4172 4173//4173
f 4174//4174 4175//4175 4176//4176
f 4177//4177 4170//4170 4172//4172
f 4178//4178 4173//4173 4179//4179
f 4180//4180 4179//4179 4175//4175
f 4181//4181 4176//4176 4182//4182
f 4183//4183 4182//4182 4184//4184
f 4185//4185 4184//4184 4186//4186
f 4187//4187 4186//4186 4188//4188
f 4189//4189 4188//4188 4190//4190
f 4191//4191 4190//4190 4192//4192
f 4193//4193 4192//4192 4194//4194
f 4195//4195 4194//4194 4149//4149
f 4179//4179 4180//4180 4178//4178
f 4175//4175 4174//4174 4180//4180
f 4176//4176 4181//4181 4174//4174
f 4182//4182 4183//4183 4181//4181
f 4184//4184 4185//4185 4183//4183
f 4186//4186 4187//4187 4185//4185
f 4188//4188 4189//4189 4187//4187
f 4190//4190 4191//4191 4189//4189
f 4192//4192 4193//4193 4191//4191
f 4194//4194 4195//4195 4193//4193
f 4149//4149 4148//4148 4195//4195
f 4150//4150 4151//4151 4148//4148
f 4152//4152 4153//4153 4151//4151
f 4154//4154 4155//4155 4153//4153
f 4156//4156 4157//4157 4155//4155
f 4158//4158 4159//4159 4157//4157
f 4160//4160 4161//4161 4159//4159
f 4162//4162 4163//4163 4161//4161
f 4164//4164 4165//4165 4163//4163
f 4166//4166 4167//4167 4165//4165
f 4168//4168 4169//4169 4167//4167
f 4170//4170 4177//4177 4169//4169
f 4172//4172 4171//4171 4177//4177
f 4173//4173 4178//4178 4171//4171
f 4246//4246 4247//4247 4248//4248
f 4249//4249 4250//4250 4251//4251
f 4252//4252 4251//4251 4253//4253
f 4254//4254 4253//4253 4255//4255
f 4256//4256 4255//4255 4257//4257
f 4258//4258 4257//4257 4259//4259
f 4260//4260 4259//4259 4261//4261
f 4262//4262 4261//4261 4263//4263
f 4264//4264 4263//4263 4265//4265
f 4266//4266 4265//4265 4267//4267
f 4268//4268 4267//4267 4269//4269
f 4270//4270 4269//4269 4271//4271
f 4272//4272 4271//4271 4273//4273
f 4253//4253 4254//4254 4252//4252
f 4274//4274 4275//4275 4276//4276
f 4277//4277 4276//4276 4278//4278
f 4279//4279 4278//4278 4280//4280
f 4281//4281 4280//4280 4282//4282
f 4248//4248 4282//4282 4246//4246
f 4247//4247 4246//4246 4283//4283
f 4284//4284 4283//4283 4285//4285
f 4286//4286 4285//4285 4287//4287
f 4288//4288 4287//4287 4289//4289
f 4290//4290 4289//4289 4291//4291
f 4292//4292 4291//4291 4250//4250
f 4250//4250 4249//4249 4292//4292
f 4291//4291 4292//4292 4290//4290
f 4289//4289 4290//4290 4288//4288
f 4287//4287 4288//4288 4286//4286
f 4285//4285 4286//4286 4284//4284
f 4283//4283 4284//4284 4247//4247
f 4251//4251 4252//4252 4249//4249
f 4282//4282 4248//4248 4281//4281
f 4280//4280 4281//4281 4279//4279
f 4278//4278 4279//4279 4277//4277
f 4276//4276 4277//4277 4274//4274
f 4275//4275 4274//4274 4293//4293
f 4273//4273 4293//4293 4272//4272
f 4271//4271 4272//4272 4270//4270
f 4269//4269 4270//4270 4268//4268
f 4267//4267 4268//4268 4266//4266
f 4265//4265 4266//4266 4264//4264
f 4293//4293 4273//4273 4275//4275
f 4263//4263 4264//4264 4262//4262
f 4261//4261 4262//4262 4260//4260
f 4259//4259 4260//4260 4258//4258
f 4257//4257 4258//4258 4256//4256
f 4255//4255 4256//4256 4254//4254
f 4344//4344 4345//4345 4346//4346
f 4347//4347 4348//4348 4345//4345
f 4349//4349 4350//4350 4348//4348
f 4351//4351 4352//4352 4350//4350
f 4353//4353 4354//4354 4352//4352
f 4355//4355 4356//4356 4354//4354
f 4357//4357 4358//4358 4356//4356
f 4359//4359 4360//4360 4358//4358
f 4361//4361 4362//4362 4360//4360
f 4363//4363 4364//4364 4362//4362
f 4365//4365 4366//4366 4364//4364
f 4367//4367 4368//4368 4366//4366
f 4364//4364 4363//4363 4365//4365
f 4369//4369 4370//4370 4368//4368
f 4371//4371 4372//4372 4370//4370
f 4373//4373 4374//4374 4372//4372
f 4375//4375 4376//4376 4374//4374
f 4377//4377 4378//4378 4376//4376
f 4379//4379 4346//4346 4380//4380
f 4381//4381 4382//4382 4378//4378
f 4383//4383 4384//4384 4382//4382
f 4385//4385 4386//4386 4384//4384
f 4387//4387 4388//4388 4386//4386
f 4389//4389 4390//4390 4388//4388
f 4346//4346 4379//4379 4344//4344
f 4345//4345 4344//4344 4347//4347
f 4348//4348 4347//4347 4349//4349
f 4350//4350 4349//4349 4351//4351
f 4352//4352 4351//4351 4353//4353
f 4354//4354 4353//4353 4355//4355
f 4388//4388 4387//4387 4389//4389
f 4356//4356 4355//4355 4357//4357
f 4358//4358 4357//4357 4359//4359
f 4360//4360 4359//4359 4361//4361
f 4362//4362 4361//4361 4363//4363
f 4366//4366 4365//4365 4367//4367
f 4390//4390 4389//4389 4391//4391
f 4368//4368 4367//4367 4369//4369
f 4370//4370 4369//4369 4371//4371
f 4372//4372 4371//4371 4373//4373
f 4374//4374 4373//4373 4375//4375
f 4376//4376 4375//4375 4377//4377
f 4378//4378 4377//4377 4381//4381
f 4382//4382 4381//4381 4383//4383
f 4384//4384 4383//4383 4385//4385
f 4386//4386 4385//4385 4387//4387
f 4380//4380 4391//4391 4379//4379
f 4391//4391 4380//4380 4390//4390
f 4442//4442 4443//4443 4444//4444
f 4445//4445 4446//4446 4443//4443
f 4447//4447 4448//4448 4446//4446
f 4449//4449 4450//4450 4448//4448
f 4451//4451 4452//4452 4450//4450
f 4453//4453 4454//4454 4452//4452
f 4455//4455 4456//4456 4454//4454
f 4457//4457 4458//4458 4456//4456
f 4459//4459 4460//4460 4458//4458
f 4461//4461 4462//4462 4460//4460
f 4463//4463 4464//4464 4465//4465
f 4466//4466 4467//4467 4464//4464
f 4468//4468 4469//4469 4467//4467
f 4470//4470 4471//4471 4469//4469
f 4472//4472 4473//4473 4471//4471
f 4474//4474 4475//4475 4473//4473
f 4476//4476 4477//4477 4475//4475
f 4478//4478 4479//4479 4477//4477
f 4480//4480 4481//4481 4479//4479
f 4482//4482 4483//4483 4481//4481
f 4484//4484 4485//4485 4483//4483
f 4486//4486 4487//4487 4485//4485
f 4488//4488 4444//4444 4487//4487
f 4467//4467 4466//4466 4468//4468
f 4489//4489 4465//4465 4462//4462
f 4487//4487 4486//4486 4488//4488
f 4485//4485 4484//4484 4486//4486
f 4483//4483 4482//4482 4484//4484
f 4481//4481 4480//4480 4482//4482
f 4479//4479 4478//4478 4480//4480
f 4477//4477 4476//4476 4478//4478
f 4475//4475 4474//4474 4476//4476
f 4473//4473 4472//4472 4474//4474
f 4471//4471 4470//4470 4472//4472
f 4469//4469 4468//4468 4470//4470
f 4464//4464 4463//4463 4466//4466
f 4465//4465 4489//4489 4463//4463
f 4462//4462 4461//4461 4489//4489
f 4460//4460 4459//4459 4461//4461
f 4458//4458 4457//4457 4459//4459
f 4456//4456 4455//4455 4457//4457
f 4454//4454 4453//4453 4455//4455
f 4452//4452 4451//4451 4453//4453
f 4450//4450 4449//4449 4451//4451
f 4448//4448 4447//4447 4449//4449
f 4446//4446 4445//4445 4447//4447
f 4443//4443 4442//4442 4445//4445
f 4444//4444 4488//4488 4442//4442
f 4540//4540 4541//4541 4542//4542
f 4543//4543 4544//4544 4541//4541
f 4545//4545 4546//4546 4544//4544
f 4544//4544 4543//4543 4545//4545
f 4546//4546 4545//4545 4547//4547
f 4542//4542 4548//4548 4540//4540
f 4549//4549 4547//4547 4550//4550
f 4551//4551 4552//4552 4553//4553
f 4554//4554 4553//4553 4555//4555
f 4556//4556 4555//4555 4557//4557
f 4558//4558 4557//4557 4559//4559
f 4560//4560 4559//4559 4561//4561
f 4562//4562 4561//4561 4563//4563
f 4564//4564 4563//4563 4565//4565
f 4566//4566 4565//4565 4567//4567
f 4568//4568 4567//4567 4569//4569
f 4570//4570 4569//4569 4571//4571
f 4548//4548 4542//4542 4572//4572
f 4573//4573 4574//4574 4575//4575
f 4576//4576 4575//4575 4577//4577
f 4578//4578 4577//4577 4579//4579
f 4580//4580 4579//4579 4581//4581
f 4582//4582 4581//4581 4583//4583
f 4584//4584 4571//4571 4574//4574
f 4572//4572 4585//4585 4548//4548
f 4586//4586 4550//4550 4552//4552
f 4563//4563 4564//4564 4562//4562
f 4585//4585 4572//4572 4587//4587
f 4583//4583 4587//4587 4582//4582
f 4581//4581 4582//4582 4580//4580
f 4579//4579 4580//4580 4578//4578
f 4577//4577 4578//4578 4576//4576
f 4575//4575 4576//4576 4573//4573
f 4574//4574 4573//4573 4584//4584
f 4571//4571 4584//4584 4570//4570
f 4541//4541 4540//4540 4543//4543
f 4569//4569 4570//4570 4568//4568
f 4567//4567 4568//4568 4566//4566
f 4565//4565 4566//4566 4564//4564
f 4561//4561 4562//4562 4560//4560
f 4559//4559 4560//4560 4558//4558
f 4557//4557 4558//4558 4556//4556
f 4555//4555 4556//4556 4554//4554
f 4553//4553 4554//4554 4551//4551
f 4552//4552 4551//4551 4586//4586
f 4550//4550 4586//4586 4549//4549
f 4547//4547 4549//4549 4546//4546
f 4587//4587 4583//4583 4585//4585
f 4638//4638 4639//4639 4640//4640
f 4640//4640 4641//4641 4638//4638
f 4642//4642 4643//4643 4641//4641
f 4644//4644 4645//4645 4643//4643
f 4646//4646 4647//4647 4645//4645
f 4648//4648 4649//4649 4647//4647
f 4650//4650 4651//4651 4649//4649
f 4652//4652 4653//4653 4651//4651
f 4654//4654 4655//4655 4653//4653
f 4656//4656 4657//4657 4655//4655
f 4658//4658 4659//4659 4657//4657
f 4660//4660 4661//4661 4659//4659
f 4662//4662 4663//4663 4664//4664
f 4665//4665 4666//4666 4667//4667
f 4668//4668 4669//4669 4666//4666
f 4670//4670 4671//4671 4672//4672
f 4663//4663 4662//4662 4669//4669
f 4664//4664 4673//4673 4662//4662
f 4671//4671 4670//4670 4673//4673
f 4672//4672 4674//4674 4670//4670
f 4675//4675 4676//4676 4674//4674
f 4677//4677 4678//4678 4676//4676
f 4679//4679 4680//4680 4678//4678
f 4681//4681 4682//4682 4680//4680
f 4683//4683 4684//4684 4682//4682
f 4639//4639 4638//4638 4684//4684
f 4684//4684 4683//4683 4639//4639
f 4682//4682 4681//4681 4683//4683
f 4680//4680 4679//4679 4681//4681
f 4678//4678 4677//4677 4679//4679
f 4676//4676 4675//4675 4677//4677
f 4674//4674 4672//4672 4675//4675
f 4673//4673 4664//4664 4671//4671
f 4669//4669 4668//4668 4663//4663
f 4666//4666 4665//4665 4668//4668
f 4667//4667 4685//4685 4665//4665
f 4661//4661 4660//4660 4685//4685
f 4659//4659 4658//4658 4660//4660
f 4685//4685 4667//4667 4661//4661
f 4657//4657 4656//4656 4658//4658
f 4655//4655 4654//4654 4656//4656
f 4653//4653 4652//4652 4654//4654
f 4651//4651 4650//4650 4652//4652
f 4649//4649 4648//4648 4650//4650
f 4647//4647 4646//4646 4648//4648
f 4645//4645 4644//4644 4646//4646
f 4643//4643 4642//4642 4644//4644
f 4641//4641 4640//4640 4642//4642
f 4736//4736 4737//4737 4738//4738
f 4739//4739 4740//4740 4741//4741
f 4742//4742 4743//4743 4744//4744
f 4745//4745 4746//4746 4743//4743
f 4747//4747 4748//4748 4746//4746
f 4749//4749 4750//4750 4748//4748
f 4751//4751 4752//4752 4750//4750
f 4753//4753 4754//4754 4752//4752
f 4755//4755 4756//4756 4754//4754
f 4757//4757 4758//4758 4756//4756
f 4759//4759 4760//4760 4758//4758
f 4761//4761 4762//4762 4760//4760
f 4763//4763 4764//4764 4762//4762
f 4765//4765 4738//4738 4764//4764
f 4737//4737 4736//4736 4766//4766
f 4766//4766 4767//4767 4737//4737
f 4768//4768 4769//4769 4767//4767
f 4770//4770 4771//4771 4769//4769
f 4772//4772 4773//4773 4771//4771
f 4774//4774 4775//4775 4773//4773
f 4776//4776 4777//4777 4775//4775
f 4778//4778 4779//4779 4777//4777
f 4777//4777 4776//4776 4778//4778
f 4775//4775 4774//4774 4776//4776
f 4773//4773 4772//4772 4774//4774
f 4771//4771 4770//4770 4772//4772
f 4756//4756 4755//4755 4757//4757
f 4769//4769 4768//4768 4770//4770
f 4767//4767 4766//4766 4768//4768
f 4779//4779 4778//4778 4780//4780
f 4738//4738 4765//4765 4736//4736
f 4764//4764 4763//4763 4765//4765
f 4762//4762 4761//4761 4763//4763
f 4760//4760 4759//4759 4761//4761
f 4758//4758 4757//4757 4759//4759
f 4781//4781 4744//4744 4740//4740
f 4752//4752 4751//4751 4753//4753
f 4780//4780 4782//4782 4779//4779
f 4783//4783 4741//4741 4782//4782
f 4754//4754 4753//4753 4755//4755
f 4750//4750 4749//4749 4751//4751
f 4748//4748 4747//4747 4749//4749
f 4746//4746 4745//4745 4747//4747
f 4743//4743 4742//4742 4745//4745
f 4744//4744 4781//4781 4742//4742
f 4740//4740 4739//4739 4781//4781
f 4741//4741 4783//4783 4739//4739
f 4782//4782 4780//4780 4783//4783
f 4834//4834 4835//4835 4836//4836
f 4837//4837 4836//4836 4838//4838
f 4839//4839 4838//4838 4840//4840
f 4841//4841 4840//4840 4842//4842
f 4843//4843 4842//4842 4844//4844
f 4845//4845 4844//4844 4846//4846
f 4847//4847 4846//4846 4848//4848
f 4849//4849 4848//4848 4850//4850
f 4851//4851 4850//4850 4852//4852
f 4853//4853 4852//4852 4854//4854
f 4855//4855 4854//4854 4856//4856
f 4857//4857 4856//4856 4858//4858
f 4856//4856 4857//4857 4855//4855
f 4858//4858 4859//4859 4857//4857
f 4860//4860 4861//4861 4859//4859
f 4862//4862 4863//4863 4861//4861
f 4864//4864 4865//4865 4863//4863
f 4866//4866 4867//4867 4865//4865
f 4868//4868 4869//4869 4867//4867
f 4870//4870 4871//4871 4869//4869
f 4872//4872 4873//4873 4871//4871
f 4874//4874 4875//4875 4873//4873
f 4876//4876 4877//4877 4875//4875
f 4878//4878 4879//4879 4877//4877
f 4880//4880 4881//4881 4879//4879
f 4859//4859 4858//4858 4860//4860
f 4861//4861 4860//4860 4862//4862
f 4863//4863 4862//4862 4864//4864
f 4867//4867 4866//4866 4868//4868
f 4869//4869 4868//4868 4870//4870
f 4871//4871 4870//4870 4872//4872
f 4873//4873 4872//4872 4874//4874
f 4875//4875 4874//4874 4876//4876
f 4877//4877 4876//4876 4878//4878
f 4879//4879 4878//4878 4880//4880
f 4865//4865 4864//4864 4866//4866
f 4854//4854 4855//4855 4853//4853
f 4852//4852 4853//4853 4851//4851
f 4850//4850 4851//4851 4849//4849
f 4848//4848 4849//4849 4847//4847
f 4846//4846 4847//4847 4845//4845
f 4844//4844 4845//4845 4843//4843
f 4842//4842 4843//4843 4841//4841
f 4840//4840 4841//4841 4839//4839
f 4838//4838 4839//4839 4837//4837
f 4836//4836 4837//4837 4834//4834
f 4835//4835 4834//4834 4881//4881
f 4881//4881 4880//4880 4835//4835
f 4932//4932 4933//4933 4934//4934
f 4934//4934 4935//4935 4932//4932
f 4936//4936 4937//4937 4935//4935
f 4938//4938 4939//4939 4937//4937
f 4940//4940 4941//4941 4939//4939
f 4942//4942 4943//4943 4941//4941
f 4944//4944 4945//4945 4943//4943
f 4946//4946 4947//4947 4945//4945
f 4948//4948 4949//4949 4947//4947
f 4950//4950 4951//4951 4949//4949
f 4952//4952 4953//4953 4951//4951
f 4954//4954 4955//4955 4953//4953
f 4956//4956 4957//4957 4955//4955
f 4958//4958 4959//4959 4957//4957
f 4960//4960 4961//4961 4959//4959
f 4962//4962 4963//4963 4964//4964
f 4965//4965 4966//4966 4963//4963
f 4967//4967 4968//4968 4966//4966
f 4969//4969 4970//4970 4968//4968
f 4971//4971 4972//4972 4970//4970
f 4973//4973 4974//4974 4972//4972
f 4975//4975 4976//4976 4974//4974
f 4977//4977 4978//4978 4976//4976
f 4933//4933 4932//4932 4978//4978
f 4979//4979 4964//4964 4961//4961
f 4978//4978 4977//4977 4933//4933
f 4976//4976 4975//4975 4977//4977
f 4974//4974 4973//4973 4975//4975
f 4972//4972 4971//4971 4973//4973
f 4970//4970 4969//4969 4971//4971
f 4968//4968 4967//4967 4969//4969
f 4966//4966 4965//4965 4967//4967
f 4963//4963 4962//4962 4965//4965
f 4964//4964 4979//4979 4962//4962
f 4961//4961 4960//4960 4979//4979
f 4959//4959 4958//4958 4960//4960
f 4957//4957 4956//4956 4958//4958
f 4955//4955 4954//4954 4956//4956
f 4953//4953 4952//4952 4954//4954
f 4951//4951 4950//4950 4952//4952
f 4949//4949 4948//4948 4950//4950
f 4947//4947 4946//4946 4948//4948
f 4945//4945 4944//4944 4946//4946
f 4943//4943 4942//4942 4944//4944
f 4941//4941 4940//4940 4942//4942
f 4939//4939 4938//4938 4940//4940
f 4937//4937 4936//4936 4938//4938
f 4935//4935 4934//4934 4936//4936
f 5030//5030 5031//5031 5032//5032
f 5033//5033 5034//5034 5035//5035
f 5036//5036 5037//5037 5034//5034
f 5038//5038 5039//5039 5037//5037
f 5040//5040 5041//5041 5039//5039
f 5042//5042 5043//5043 5041//5041
f 5044//5044 5045//5045 5043//5043
f 5046//5046 5047//5047 5045//5045
f 5048//5048 5049//5049 5047//5047
f 5050//5050 5051//5051 5049//5049
f 5052//5052 5053//5053 5051//5051
f 5054//5054 5055//5055 5053//5053
f 5056//5056 5057//5057 5055//5055
f 5055//5055 5054//5054 5056//5056
f 5053//5053 5052//5052 5054//5054
f 5051//5051 5050//5050 5052//5052
f 5049//5049 5048//5048 5050//5050
f 5047//5047 5046//5046 5048//5048
f 5045//5045 5044//5044 5046//5046
f 5043//5043 5042//5042 5044//5044
f 5041//5041 5040//5040 5042//5042
f 5039//5039 5038//5038 5040//5040
f 5037//5037 5036//5036 5038//5038
f 5034//5034 5033//5033 5036//5036
f 5035//5035 5058//5058 5033//5033
f 5059//5059 5032//5032 5058//5058
f 5060//5060 5061//5061 5031//5031
f 5062//5062 5063//5063 5061//5061
f 5064//5064 5065//5065 5063//5063
f 5066//5066 5067//5067 5065//5065
f 5068//5068 5069//5069 5067//5067
f 5070//5070 5071//5071 5069//5069
f 5072//5072 5073//5073 5071//5071
f 5074//5074 5075//5075 5073//5073
f 5076//5076 5077//5077 5075//5075
f 5058//5058 5035//5035 5059//5059
f 5057//5057 5056//5056 5077//5077
f 5077//5077 5076//5076 5057//5057
f 5075//5075 5074//5074 5076//5076
f 5073//5073 5072//5072 5074//5074
f 5071//5071 5070//5070 5072//5072
f 5069//5069 5068//5068 5070//5070
f 5067//5067 5066//5066 5068//5068
f 5065//5065 5064//5064 5066//5066
f 5063//5063 5062//5062 5064//5064
f 5061//5061 5060//5060 5062//5062
f 5031//5031 5030//5030 5060//5060
f 5032//5032 5059//5059 5030//5030
